store_name,channel,city,country,sku,name,description,brand,price_amount,currency,quantity,reserved_quantity,product_status,catalog_status
Northstar Central,store,London,GB,SKU-GB-00001,Forge Pan,Non-stick everyday skillet,Northstar,48.93,GBP,142,21,inactive,active
Northstar Central,store,London,GB,SKU-GB-00002,Dawn Mirror,Compact tabletop mirror,Northstar,24.82,GBP,281,28,inactive,active
Northstar Central,online,London,GB,SKU-GB-00003,Echo Speaker,Compact wireless speaker,Northstar,67.37,GBP,257,5,active,active
Northstar Central,store,London,GB,SKU-GB-00004,Summit Bottle,Insulated stainless steel bottle,Northstar,32.95,GBP,91,4,active,active
Northstar Central,both,London,GB,SKU-GB-00005,Mosaic Storage,Stackable storage box,Northstar,17.29,GBP,320,59,active,active
Northstar Central,store,London,GB,SKU-GB-00006,Canvas Apron,Cotton utility apron,Northstar,28.67,GBP,238,2,active,active
Northstar Central,online,London,GB,SKU-GB-00007,Forest Flask,Vacuum insulated flask,Northstar,33.28,GBP,274,39,active,active
Northstar Central,store,London,GB,SKU-GB-00008,River Journal,Lined journal with elastic closure,Northstar,14.67,GBP,65,15,discontinued,active
Northstar Central,store,London,GB,SKU-GB-00009,Forge Pan,Non-stick everyday skillet,Northstar,56.21,GBP,399,19,active,active
Northstar Central,store,London,GB,SKU-GB-00010,Meadow Tote,Reusable cotton tote bag,Northstar,16.58,GBP,259,28,active,active
Northstar Central,store,London,GB,SKU-GB-00011,Meadow Tote,Reusable cotton tote bag,Northstar,16.05,GBP,289,32,active,draft
Northstar Central,online,London,GB,SKU-GB-00012,Elm Basket,Woven storage basket,Northstar,40.03,GBP,209,50,active,hidden
Northstar Central,store,London,GB,SKU-GB-00013,Echo Speaker,Compact wireless speaker,Northstar,66.09,GBP,80,8,discontinued,active
Northstar Central,online,London,GB,SKU-GB-00014,Aurora Scale,Digital kitchen scale,Northstar,23.99,GBP,120,20,active,active
Northstar Central,store,London,GB,SKU-GB-00015,Vista Glasses,Blue-light computer glasses,Northstar,32.98,GBP,148,10,active,active
Northstar Central,both,London,GB,SKU-GB-00016,Beacon Dock,Desktop device dock,Northstar,64.74,GBP,26,1,active,active
Northstar Central,online,London,GB,SKU-GB-00017,Pulse Lamp,Compact adjustable desk lamp,Northstar,46.6,GBP,365,29,active,active
Northstar Central,both,London,GB,SKU-GB-00018,Vista Glasses,Blue-light computer glasses,Northstar,30.42,GBP,267,38,active,hidden
Northstar Central,both,London,GB,SKU-GB-00019,Quartz Timer,Visual productivity timer,Northstar,19.7,GBP,112,18,active,active
Northstar Central,both,London,GB,SKU-GB-00020,Arc Keyboard,Compact wireless keyboard,Northstar,70.04,GBP,92,19,active,active
Northstar Central,store,London,GB,SKU-GB-00021,Iris Vase,Hand-finished ceramic vase,Northstar,35.03,GBP,234,31,active,active
Northstar Central,both,London,GB,SKU-GB-00022,Ember Thermos,Insulated beverage thermos,Northstar,33.65,GBP,205,12,active,active
Northstar Central,store,London,GB,SKU-GB-00023,Drift Mug,Double-wall ceramic travel mug,Northstar,19.8,GBP,129,16,active,active
Northstar Central,store,London,GB,SKU-GB-00024,Glide Mouse,Ergonomic wireless mouse,Northstar,45.26,GBP,188,24,active,active
Northstar Central,online,London,GB,SKU-GB-00025,Lumen Charger,Multi-device charging hub,Northstar,32.0,GBP,231,50,active,active
Northstar Central,store,London,GB,SKU-GB-00026,Ember Thermos,Insulated beverage thermos,Northstar,40.96,GBP,186,25,active,draft
Northstar Central,online,London,GB,SKU-GB-00027,Cobalt Lunchbox,Insulated lunch container,Northstar,29.87,GBP,98,18,active,active
Northstar Central,both,London,GB,SKU-GB-00028,Harbor Umbrella,Compact wind-resistant umbrella,Northstar,24.36,GBP,192,25,active,active
Northstar Central,both,London,GB,SKU-GB-00029,Trail Lantern,Portable rechargeable lantern,Northstar,41.43,GBP,409,3,active,hidden
Northstar Central,online,London,GB,SKU-GB-00030,Pulse Lamp,Compact adjustable desk lamp,Northstar,45.29,GBP,326,31,active,active
Northstar Central,online,London,GB,SKU-GB-00031,Arc Keyboard,Compact wireless keyboard,Northstar,61.93,GBP,164,26,inactive,active
Northstar Central,both,London,GB,SKU-GB-00032,Elm Basket,Woven storage basket,Northstar,39.35,GBP,160,25,active,active
Northstar Central,both,London,GB,SKU-GB-00033,Nova Backpack,Lightweight everyday backpack,Northstar,79.45,GBP,183,24,active,active
Northstar Central,both,London,GB,SKU-GB-00034,Trail Lantern,Portable rechargeable lantern,Northstar,42.7,GBP,308,9,active,active
Northstar Central,online,London,GB,SKU-GB-00035,Stone Coaster,Set of four stone coasters,Northstar,17.82,GBP,256,54,active,active
Northstar Central,store,London,GB,SKU-GB-00036,Mosaic Storage,Stackable storage box,Northstar,20.86,GBP,199,45,active,active
Northstar Central,store,London,GB,SKU-GB-00037,Ember Thermos,Insulated beverage thermos,Northstar,33.44,GBP,415,37,active,active
Northstar Central,store,London,GB,SKU-GB-00038,Lark Speaker,Small room speaker,Northstar,57.1,GBP,268,6,active,active
Northstar Central,store,London,GB,SKU-GB-00039,Terra Planter,Minimal ceramic planter,Northstar,19.9,GBP,232,29,active,active
Northstar Central,store,London,GB,SKU-GB-00040,Forest Flask,Vacuum insulated flask,Northstar,30.83,GBP,46,0,active,active
Northstar Central,both,London,GB,SKU-GB-00041,Terra Planter,Minimal ceramic planter,Northstar,21.4,GBP,20,2,active,active
Northstar Central,online,London,GB,SKU-GB-00042,Canvas Apron,Cotton utility apron,Northstar,27.46,GBP,405,22,active,draft
Northstar Central,online,London,GB,SKU-GB-00043,Arc Keyboard,Compact wireless keyboard,Northstar,65.36,GBP,41,1,active,active
Northstar Central,both,London,GB,SKU-GB-00044,Peak Timer,Digital kitchen timer,Northstar,12.11,GBP,364,52,active,active
Northstar Central,store,London,GB,SKU-GB-00045,River Journal,Lined journal with elastic closure,Northstar,15.3,GBP,298,45,active,active
Northstar Central,both,London,GB,SKU-GB-00046,Echo Speaker,Compact wireless speaker,Northstar,65.85,GBP,212,12,active,active
Northstar Central,store,London,GB,SKU-GB-00047,Mosaic Storage,Stackable storage box,Northstar,18.08,GBP,67,15,active,active
Northstar Central,both,London,GB,SKU-GB-00048,Olive Bottle,Glass bottle with silicone sleeve,Northstar,22.7,GBP,107,15,active,active
Northstar Central,both,London,GB,SKU-GB-00049,Dawn Mirror,Compact tabletop mirror,Northstar,25.76,GBP,112,23,inactive,active
Northstar Central,online,London,GB,SKU-GB-00050,Vista Glasses,Blue-light computer glasses,Northstar,36.49,GBP,84,20,active,active
Northstar Central,online,London,GB,SKU-GB-00051,Vista Glasses,Blue-light computer glasses,Northstar,34.88,GBP,273,28,active,active
Northstar Central,both,London,GB,SKU-GB-00052,Harbor Umbrella,Compact wind-resistant umbrella,Northstar,24.81,GBP,313,45,active,draft
Northstar Central,online,London,GB,SKU-GB-00053,Canvas Apron,Cotton utility apron,Northstar,30.34,GBP,192,40,active,active
Northstar Central,both,London,GB,SKU-GB-00054,Meadow Tote,Reusable cotton tote bag,Northstar,16.55,GBP,137,31,inactive,active
Northstar Central,online,London,GB,SKU-GB-00055,Cedar Organizer,Modular desktop organizer,Northstar,24.54,GBP,367,21,active,active
Northstar Central,online,London,GB,SKU-GB-00056,Willow Tray,Bamboo serving tray,Northstar,30.66,GBP,272,37,active,active
Northstar Central,both,London,GB,SKU-GB-00057,Glide Mouse,Ergonomic wireless mouse,Northstar,41.08,GBP,286,27,active,active
Northstar Central,both,London,GB,SKU-GB-00058,Pulse Lamp,Compact adjustable desk lamp,Northstar,42.67,GBP,190,42,active,active
Northstar Central,both,London,GB,SKU-GB-00059,Willow Tray,Bamboo serving tray,Northstar,29.83,GBP,402,27,active,active
Northstar Central,store,London,GB,SKU-GB-00060,Terra Planter,Minimal ceramic planter,Northstar,20.31,GBP,151,4,active,active
Northstar Central,both,London,GB,SKU-GB-00061,Arc Keyboard,Compact wireless keyboard,Northstar,72.23,GBP,351,30,active,draft
Northstar Central,online,London,GB,SKU-GB-00062,Nova Backpack,Lightweight everyday backpack,Northstar,80.77,GBP,186,1,active,hidden
Northstar Central,both,London,GB,SKU-GB-00063,Dawn Mirror,Compact tabletop mirror,Northstar,25.64,GBP,271,48,active,active
Northstar Central,store,London,GB,SKU-GB-00064,Meadow Tote,Reusable cotton tote bag,Northstar,16.09,GBP,296,31,active,active
Northstar Central,online,London,GB,SKU-GB-00065,Cloud Blanket,Soft woven indoor blanket,Northstar,53.82,GBP,76,8,active,draft
Northstar Central,online,London,GB,SKU-GB-00066,Summit Bottle,Insulated stainless steel bottle,Northstar,33.49,GBP,330,37,active,active
Northstar Central,store,London,GB,SKU-GB-00067,Halo Headphones,Wireless over-ear headphones,Northstar,93.4,GBP,130,13,active,active
Northstar Riverside,store,London,GB,SKU-GB-00068,Beacon Dock,Desktop device dock,Northstar,60.93,GBP,380,1,active,active
Northstar Riverside,online,London,GB,SKU-GB-00069,Orbit Kettle,Precise pour-over kettle,Northstar,47.33,GBP,398,46,active,active
Northstar Riverside,store,London,GB,SKU-GB-00070,Iris Vase,Hand-finished ceramic vase,Northstar,36.54,GBP,241,28,active,active
Northstar Riverside,both,London,GB,SKU-GB-00071,Stone Coaster,Set of four stone coasters,Northstar,18.71,GBP,318,21,active,active
Northstar Riverside,both,London,GB,SKU-GB-00072,Trail Lantern,Portable rechargeable lantern,Northstar,50.97,GBP,201,41,active,active
Northstar Riverside,store,London,GB,SKU-GB-00073,Cedar Organizer,Modular desktop organizer,Northstar,26.47,GBP,25,0,active,active
Northstar Riverside,both,London,GB,SKU-GB-00074,Vista Glasses,Blue-light computer glasses,Northstar,36.68,GBP,329,47,active,draft
Northstar Riverside,online,London,GB,SKU-GB-00075,Lark Speaker,Small room speaker,Northstar,49.03,GBP,32,3,active,active
Northstar Riverside,both,London,GB,SKU-GB-00076,Arc Keyboard,Compact wireless keyboard,Northstar,76.42,GBP,120,21,active,draft
Northstar Riverside,both,London,GB,SKU-GB-00077,Breeze Fan,Quiet rechargeable desk fan,Northstar,41.14,GBP,216,26,active,active
Northstar Riverside,both,London,GB,SKU-GB-00078,Halo Headphones,Wireless over-ear headphones,Northstar,100.23,GBP,321,0,active,hidden
Northstar Riverside,store,London,GB,SKU-GB-00079,Elm Basket,Woven storage basket,Northstar,39.86,GBP,100,6,active,active
Northstar Riverside,store,London,GB,SKU-GB-00080,Summit Bottle,Insulated stainless steel bottle,Northstar,33.24,GBP,391,49,inactive,active
Northstar Riverside,online,London,GB,SKU-GB-00081,Aurora Scale,Digital kitchen scale,Northstar,26.05,GBP,100,12,active,active
Northstar Riverside,online,London,GB,SKU-GB-00082,Stone Coaster,Set of four stone coasters,Northstar,16.97,GBP,86,0,active,active
Northstar Riverside,store,London,GB,SKU-GB-00083,Harbor Umbrella,Compact wind-resistant umbrella,Northstar,21.96,GBP,274,15,active,draft
Northstar Riverside,store,London,GB,SKU-GB-00084,Canyon Pack,Weather-resistant day pack,Northstar,84.12,GBP,56,8,active,active
Northstar Riverside,both,London,GB,SKU-GB-00085,Vista Glasses,Blue-light computer glasses,Northstar,31.46,GBP,163,40,inactive,active
Northstar Riverside,online,London,GB,SKU-GB-00086,Peak Timer,Digital kitchen timer,Northstar,11.32,GBP,231,2,active,hidden
Northstar Riverside,both,London,GB,SKU-GB-00087,Stone Coaster,Set of four stone coasters,Northstar,16.87,GBP,377,9,active,active
Northstar Riverside,online,London,GB,SKU-GB-00088,Forest Flask,Vacuum insulated flask,Northstar,30.71,GBP,145,29,active,active
Northstar Riverside,both,London,GB,SKU-GB-00089,Forge Pan,Non-stick everyday skillet,Northstar,49.26,GBP,347,39,active,active
Northstar Riverside,online,London,GB,SKU-GB-00090,Vista Glasses,Blue-light computer glasses,Northstar,33.26,GBP,180,4,active,active
Northstar Riverside,both,London,GB,SKU-GB-00091,Aurora Scale,Digital kitchen scale,Northstar,26.72,GBP,321,22,active,active
Northstar Riverside,store,London,GB,SKU-GB-00092,Vista Glasses,Blue-light computer glasses,Northstar,32.75,GBP,105,19,active,active
Northstar Riverside,online,London,GB,SKU-GB-00093,Breeze Fan,Quiet rechargeable desk fan,Northstar,36.4,GBP,396,19,active,active
Northstar Riverside,store,London,GB,SKU-GB-00094,Solstice Clock,Minimal wall clock,Northstar,39.49,GBP,138,11,active,active
Northstar Riverside,online,London,GB,SKU-GB-00095,Beacon Dock,Desktop device dock,Northstar,60.53,GBP,210,24,active,active
Northstar Riverside,store,London,GB,SKU-GB-00096,River Journal,Lined journal with elastic closure,Northstar,14.26,GBP,219,47,active,draft
Northstar Riverside,online,London,GB,SKU-GB-00097,River Journal,Lined journal with elastic closure,Northstar,14.4,GBP,284,31,active,active
Northstar Riverside,both,London,GB,SKU-GB-00098,Cedar Organizer,Modular desktop organizer,Northstar,24.87,GBP,167,18,active,hidden
Northstar Riverside,both,London,GB,SKU-GB-00099,Orbit Kettle,Precise pour-over kettle,Northstar,55.1,GBP,249,6,active,active
Northstar Riverside,store,London,GB,SKU-GB-00100,River Journal,Lined journal with elastic closure,Northstar,12.34,GBP,362,28,active,draft
Northstar Riverside,both,London,GB,SKU-GB-00101,Echo Speaker,Compact wireless speaker,Northstar,73.97,GBP,199,45,active,active
Northstar Riverside,online,London,GB,SKU-GB-00102,Meadow Tote,Reusable cotton tote bag,Northstar,16.1,GBP,308,51,active,active
Northstar Riverside,store,London,GB,SKU-GB-00103,Peak Timer,Digital kitchen timer,Northstar,11.84,GBP,368,0,active,active
Northstar Riverside,store,London,GB,SKU-GB-00104,Orbit Kettle,Precise pour-over kettle,Northstar,51.55,GBP,377,11,active,active
Northstar Riverside,store,London,GB,SKU-GB-00105,Lark Speaker,Small room speaker,Northstar,56.35,GBP,70,11,active,active
Northstar Riverside,store,London,GB,SKU-GB-00106,Atlas Notebook,Hardcover recycled paper notebook,Northstar,12.63,GBP,310,15,active,active
Northstar Riverside,online,London,GB,SKU-GB-00107,Lumen Charger,Multi-device charging hub,Northstar,35.92,GBP,114,20,active,active
Northstar Riverside,online,London,GB,SKU-GB-00108,Orbit Kettle,Precise pour-over kettle,Northstar,56.52,GBP,402,52,active,active
Northstar Riverside,both,London,GB,SKU-GB-00109,Atlas Notebook,Hardcover recycled paper notebook,Northstar,13.71,GBP,319,51,active,active
Northstar Riverside,both,London,GB,SKU-GB-00110,Lumen Charger,Multi-device charging hub,Northstar,31.94,GBP,85,17,active,draft
Northstar Riverside,both,London,GB,SKU-GB-00111,Ember Thermos,Insulated beverage thermos,Northstar,41.36,GBP,12,3,inactive,hidden
Northstar Riverside,both,London,GB,SKU-GB-00112,Aurora Scale,Digital kitchen scale,Northstar,26.6,GBP,397,7,active,active
Northstar West End,both,London,GB,SKU-GB-00113,Elm Basket,Woven storage basket,Northstar,39.04,GBP,265,24,inactive,active
Northstar West End,both,London,GB,SKU-GB-00114,Atlas Notebook,Hardcover recycled paper notebook,Northstar,14.08,GBP,346,58,active,active
Northstar West End,store,London,GB,SKU-GB-00115,Orbit Kettle,Precise pour-over kettle,Northstar,53.31,GBP,49,1,active,active
Northstar West End,store,London,GB,SKU-GB-00116,Canvas Apron,Cotton utility apron,Northstar,29.66,GBP,263,17,active,active
Northstar West End,online,London,GB,SKU-GB-00117,Olive Bottle,Glass bottle with silicone sleeve,Northstar,22.04,GBP,8,1,active,draft
Northstar West End,online,London,GB,SKU-GB-00118,Beacon Dock,Desktop device dock,Northstar,53.72,GBP,122,16,active,active
Northstar West End,store,London,GB,SKU-GB-00119,Elm Basket,Woven storage basket,Northstar,32.88,GBP,325,24,active,active
Northstar West End,both,London,GB,SKU-GB-00120,Aurora Scale,Digital kitchen scale,Northstar,22.33,GBP,322,41,discontinued,active
Northstar West End,store,London,GB,SKU-GB-00121,Canyon Pack,Weather-resistant day pack,Northstar,83.51,GBP,64,13,active,draft
Northstar West End,online,London,GB,SKU-GB-00122,Atlas Notebook,Hardcover recycled paper notebook,Northstar,12.51,GBP,146,31,active,active
Northstar West End,both,London,GB,SKU-GB-00123,Breeze Fan,Quiet rechargeable desk fan,Northstar,41.15,GBP,283,31,active,active
Northstar West End,online,London,GB,SKU-GB-00124,Summit Bottle,Insulated stainless steel bottle,Northstar,30.73,GBP,8,1,active,active
Northstar West End,online,London,GB,SKU-GB-00125,Cove Cushion,Textured decorative cushion,Northstar,28.61,GBP,137,20,active,active
Northstar West End,store,London,GB,SKU-GB-00126,Nova Backpack,Lightweight everyday backpack,Northstar,69.88,GBP,142,16,active,active
Northstar West End,store,London,GB,SKU-GB-00127,Olive Bottle,Glass bottle with silicone sleeve,Northstar,19.76,GBP,300,48,active,active
Northstar West End,both,London,GB,SKU-GB-00128,Aurora Scale,Digital kitchen scale,Northstar,24.51,GBP,112,3,active,active
Northstar West End,online,London,GB,SKU-GB-00129,Solstice Clock,Minimal wall clock,Northstar,40.44,GBP,407,34,active,active
Northstar West End,both,London,GB,SKU-GB-00130,Canvas Apron,Cotton utility apron,Northstar,29.66,GBP,365,23,active,active
Northstar West End,online,London,GB,SKU-GB-00131,Summit Bottle,Insulated stainless steel bottle,Northstar,28.7,GBP,115,15,inactive,active
Northstar West End,both,London,GB,SKU-GB-00132,Peak Timer,Digital kitchen timer,Northstar,10.7,GBP,348,33,active,hidden
Northstar West End,online,London,GB,SKU-GB-00133,Cove Cushion,Textured decorative cushion,Northstar,27.01,GBP,8,1,active,active
Northstar West End,online,London,GB,SKU-GB-00134,Dawn Mirror,Compact tabletop mirror,Northstar,26.71,GBP,350,30,inactive,active
Northstar West End,online,London,GB,SKU-GB-00135,Forest Flask,Vacuum insulated flask,Northstar,38.09,GBP,299,9,active,active
Northstar West End,store,London,GB,SKU-GB-00136,Mosaic Storage,Stackable storage box,Northstar,16.82,GBP,187,40,active,active
Northstar West End,online,London,GB,SKU-GB-00137,Forest Flask,Vacuum insulated flask,Northstar,37.76,GBP,232,54,active,active
Northstar West End,both,London,GB,SKU-GB-00138,Cloud Blanket,Soft woven indoor blanket,Northstar,64.32,GBP,111,24,active,active
Northstar West End,store,London,GB,SKU-GB-00139,Canyon Pack,Weather-resistant day pack,Northstar,92.67,GBP,281,50,active,active
Northstar West End,store,London,GB,SKU-GB-00140,Mosaic Storage,Stackable storage box,Northstar,16.73,GBP,196,24,active,active
Northstar West End,store,London,GB,SKU-GB-00141,Canvas Apron,Cotton utility apron,Northstar,30.91,GBP,114,26,active,active
Northstar West End,both,London,GB,SKU-GB-00142,Stone Coaster,Set of four stone coasters,Northstar,19.21,GBP,379,43,active,active
Northstar West End,both,London,GB,SKU-GB-00143,Pulse Lamp,Compact adjustable desk lamp,Northstar,41.04,GBP,78,14,active,active
Northstar West End,online,London,GB,SKU-GB-00144,Glide Mouse,Ergonomic wireless mouse,Northstar,43.45,GBP,19,4,active,active
Harbor & Pine,both,New York,US,SKU-US-00145,Elm Basket,Woven storage basket,Northstar,37.36,USD,360,27,active,active
Harbor & Pine,both,New York,US,SKU-US-00146,Dawn Mirror,Compact tabletop mirror,Northstar,26.67,USD,380,25,active,active
Harbor & Pine,store,New York,US,SKU-US-00147,Peak Timer,Digital kitchen timer,Northstar,11.14,USD,212,36,active,active
Harbor & Pine,store,New York,US,SKU-US-00148,Cove Cushion,Textured decorative cushion,Northstar,29.32,USD,117,6,active,active
Harbor & Pine,store,New York,US,SKU-US-00149,Aurora Scale,Digital kitchen scale,Northstar,24.53,USD,357,44,active,draft
Harbor & Pine,store,New York,US,SKU-US-00150,Lark Speaker,Small room speaker,Northstar,46.93,USD,403,26,discontinued,active
Harbor & Pine,store,New York,US,SKU-US-00151,River Journal,Lined journal with elastic closure,Northstar,14.48,USD,266,32,active,active
Harbor & Pine,online,New York,US,SKU-US-00152,Summit Bottle,Insulated stainless steel bottle,Northstar,33.13,USD,52,5,active,hidden
Harbor & Pine,both,New York,US,SKU-US-00153,Solstice Clock,Minimal wall clock,Northstar,40.86,USD,384,41,active,draft
Harbor & Pine,both,New York,US,SKU-US-00154,Lark Speaker,Small room speaker,Northstar,46.85,USD,162,39,active,hidden
Harbor & Pine,store,New York,US,SKU-US-00155,Nova Backpack,Lightweight everyday backpack,Northstar,71.89,USD,225,18,inactive,draft
Harbor & Pine,both,New York,US,SKU-US-00156,Orbit Kettle,Precise pour-over kettle,Northstar,46.36,USD,346,42,active,active
Harbor & Pine,online,New York,US,SKU-US-00157,Cloud Blanket,Soft woven indoor blanket,Northstar,52.1,USD,110,20,active,draft
Harbor & Pine,online,New York,US,SKU-US-00158,Iris Vase,Hand-finished ceramic vase,Northstar,34.37,USD,342,10,active,active
Harbor & Pine,both,New York,US,SKU-US-00159,Elm Basket,Woven storage basket,Northstar,39.55,USD,117,1,active,active
Harbor & Pine,both,New York,US,SKU-US-00160,Olive Bottle,Glass bottle with silicone sleeve,Northstar,23.22,USD,324,36,active,hidden
Harbor & Pine,online,New York,US,SKU-US-00161,Orbit Kettle,Precise pour-over kettle,Northstar,46.74,USD,63,0,active,active
Harbor & Pine,store,New York,US,SKU-US-00162,Cove Cushion,Textured decorative cushion,Northstar,26.5,USD,228,12,active,active
Harbor & Pine,store,New York,US,SKU-US-00163,Trail Lantern,Portable rechargeable lantern,Northstar,48.42,USD,253,17,active,active
Harbor & Pine,online,New York,US,SKU-US-00164,Halo Headphones,Wireless over-ear headphones,Northstar,102.28,USD,73,14,active,active
Harbor & Pine,online,New York,US,SKU-US-00165,Solstice Clock,Minimal wall clock,Northstar,49.34,USD,31,2,active,active
Harbor & Pine,online,New York,US,SKU-US-00166,Canvas Apron,Cotton utility apron,Northstar,26.17,USD,9,1,active,active
Harbor & Pine,both,New York,US,SKU-US-00167,Cedar Organizer,Modular desktop organizer,Northstar,24.16,USD,354,34,active,active
Harbor & Pine,online,New York,US,SKU-US-00168,Vista Glasses,Blue-light computer glasses,Northstar,34.52,USD,135,9,active,active
Harbor & Pine,store,New York,US,SKU-US-00169,Arc Keyboard,Compact wireless keyboard,Northstar,68.1,USD,258,6,active,active
Harbor & Pine,store,New York,US,SKU-US-00170,Beacon Dock,Desktop device dock,Northstar,65.28,USD,311,4,active,active
Harbor & Pine,both,New York,US,SKU-US-00171,Terra Planter,Minimal ceramic planter,Northstar,19.46,USD,295,35,active,active
Harbor & Pine,online,New York,US,SKU-US-00172,Vista Glasses,Blue-light computer glasses,Northstar,34.6,USD,15,2,active,active
Harbor & Pine,online,New York,US,SKU-US-00173,River Journal,Lined journal with elastic closure,Northstar,13.3,USD,414,16,active,active
Harbor & Pine,online,New York,US,SKU-US-00174,Mosaic Storage,Stackable storage box,Northstar,21.5,USD,367,15,active,active
Harbor & Pine,store,New York,US,SKU-US-00175,Aurora Scale,Digital kitchen scale,Northstar,26.38,USD,218,37,active,active
Harbor & Pine,online,New York,US,SKU-US-00176,Cedar Organizer,Modular desktop organizer,Northstar,25.39,USD,369,14,active,active
Harbor & Pine,store,New York,US,SKU-US-00177,Lumen Charger,Multi-device charging hub,Northstar,37.56,USD,193,34,active,active
Harbor & Pine,online,New York,US,SKU-US-00178,Elm Basket,Woven storage basket,Northstar,36.85,USD,269,43,active,active
Harbor & Pine,online,New York,US,SKU-US-00179,Stone Coaster,Set of four stone coasters,Northstar,18.75,USD,331,32,active,active
Harbor & Pine,online,New York,US,SKU-US-00180,Mosaic Storage,Stackable storage box,Northstar,17.87,USD,412,35,active,active
Harbor & Pine Downtown,online,New York,US,SKU-US-00181,Cloud Blanket,Soft woven indoor blanket,Northstar,55.29,USD,67,1,inactive,active
Harbor & Pine Downtown,both,New York,US,SKU-US-00182,Dawn Mirror,Compact tabletop mirror,Northstar,24.48,USD,348,19,active,active
Harbor & Pine Downtown,store,New York,US,SKU-US-00183,Meadow Tote,Reusable cotton tote bag,Northstar,16.62,USD,401,14,active,active
Harbor & Pine Downtown,online,New York,US,SKU-US-00184,Lark Speaker,Small room speaker,Northstar,59.66,USD,251,49,active,active
Harbor & Pine Downtown,both,New York,US,SKU-US-00185,Peak Timer,Digital kitchen timer,Northstar,13.05,USD,392,31,active,active
Harbor & Pine Downtown,online,New York,US,SKU-US-00186,Forest Flask,Vacuum insulated flask,Northstar,38.83,USD,180,33,active,active
Harbor & Pine Downtown,store,New York,US,SKU-US-00187,Quartz Timer,Visual productivity timer,Northstar,20.38,USD,385,38,active,active
Harbor & Pine Downtown,store,New York,US,SKU-US-00188,Cove Cushion,Textured decorative cushion,Northstar,26.32,USD,216,49,active,active
Harbor & Pine Downtown,online,New York,US,SKU-US-00189,Forge Pan,Non-stick everyday skillet,Northstar,61.28,USD,15,2,active,active
Harbor & Pine Downtown,online,New York,US,SKU-US-00190,Ember Thermos,Insulated beverage thermos,Northstar,40.89,USD,196,14,active,active
Harbor & Pine Downtown,online,New York,US,SKU-US-00191,Cloud Blanket,Soft woven indoor blanket,Northstar,54.36,USD,146,5,active,active
Harbor & Pine Downtown,store,New York,US,SKU-US-00192,Aurora Scale,Digital kitchen scale,Northstar,28.6,USD,102,12,active,active
Harbor & Pine Downtown,both,New York,US,SKU-US-00193,River Journal,Lined journal with elastic closure,Northstar,13.84,USD,270,36,active,active
Harbor & Pine Downtown,online,New York,US,SKU-US-00194,Beacon Dock,Desktop device dock,Northstar,51.45,USD,104,7,active,hidden
Harbor & Pine Downtown,both,New York,US,SKU-US-00195,Atlas Notebook,Hardcover recycled paper notebook,Northstar,15.1,USD,61,15,discontinued,hidden
Harbor & Pine Downtown,both,New York,US,SKU-US-00196,Canvas Apron,Cotton utility apron,Northstar,27.98,USD,235,18,active,active
Harbor & Pine Downtown,both,New York,US,SKU-US-00197,Nova Backpack,Lightweight everyday backpack,Northstar,72.78,USD,32,5,active,active
Harbor & Pine Downtown,online,New York,US,SKU-US-00198,River Journal,Lined journal with elastic closure,Northstar,13.12,USD,311,48,active,active
Harbor & Pine Downtown,store,New York,US,SKU-US-00199,Lumen Charger,Multi-device charging hub,Northstar,37.33,USD,54,1,active,active
Harbor & Pine Downtown,both,New York,US,SKU-US-00200,Lumen Charger,Multi-device charging hub,Northstar,39.24,USD,126,1,inactive,active
Harbor & Pine Downtown,both,New York,US,SKU-US-00201,Stone Coaster,Set of four stone coasters,Northstar,18.73,USD,274,58,active,active
Harbor & Pine Downtown,store,New York,US,SKU-US-00202,Vista Glasses,Blue-light computer glasses,Northstar,34.96,USD,57,11,active,active
Harbor & Pine Downtown,online,New York,US,SKU-US-00203,Arc Keyboard,Compact wireless keyboard,Northstar,64.48,USD,383,39,inactive,draft
Harbor & Pine Downtown,both,New York,US,SKU-US-00204,Cedar Organizer,Modular desktop organizer,Northstar,22.3,USD,326,58,inactive,active
Maple Street Market,store,Toronto,CA,SKU-CA-00205,Forge Pan,Non-stick everyday skillet,Northstar,53.46,CAD,417,39,discontinued,active
Maple Street Market,both,Toronto,CA,SKU-CA-00206,Terra Planter,Minimal ceramic planter,Northstar,19.61,CAD,180,0,active,active
Maple Street Market,store,Toronto,CA,SKU-CA-00207,Harbor Umbrella,Compact wind-resistant umbrella,Northstar,26.74,CAD,284,55,inactive,active
Maple Street Market,both,Toronto,CA,SKU-CA-00208,Peak Timer,Digital kitchen timer,Northstar,10.92,CAD,212,38,active,active
Maple Street Market,online,Toronto,CA,SKU-CA-00209,Dawn Mirror,Compact tabletop mirror,Northstar,28.97,CAD,192,36,active,active
Maple Street Market,both,Toronto,CA,SKU-CA-00210,Drift Mug,Double-wall ceramic travel mug,Northstar,17.18,CAD,53,7,inactive,active
Maple Street Market,store,Toronto,CA,SKU-CA-00211,Aurora Scale,Digital kitchen scale,Northstar,23.91,CAD,240,42,active,active
Maple Street Market,online,Toronto,CA,SKU-CA-00212,Dawn Mirror,Compact tabletop mirror,Northstar,29.2,CAD,87,10,active,active
Maple Street Market,store,Toronto,CA,SKU-CA-00213,Peak Timer,Digital kitchen timer,Northstar,11.04,CAD,195,2,active,active
Maple Street Market,online,Toronto,CA,SKU-CA-00214,Vista Glasses,Blue-light computer glasses,Northstar,31.65,CAD,171,7,active,draft
Maple Street Market,store,Toronto,CA,SKU-CA-00215,Lark Speaker,Small room speaker,Northstar,53.6,CAD,267,10,active,active
Maple Street Market,online,Toronto,CA,SKU-CA-00216,Summit Bottle,Insulated stainless steel bottle,Northstar,28.21,CAD,85,4,inactive,draft
Maple Street Market,online,Toronto,CA,SKU-CA-00217,Canvas Apron,Cotton utility apron,Northstar,26.78,CAD,64,2,active,active
Maple Street Market,store,Toronto,CA,SKU-CA-00218,Iris Vase,Hand-finished ceramic vase,Northstar,44.23,CAD,91,5,active,active
Maple Street Market,online,Toronto,CA,SKU-CA-00219,Cove Cushion,Textured decorative cushion,Northstar,31.09,CAD,177,43,active,active
Maple Street Market,online,Toronto,CA,SKU-CA-00220,Solstice Clock,Minimal wall clock,Northstar,43.49,CAD,145,25,active,active
Maple Street Market,store,Toronto,CA,SKU-CA-00221,Arc Keyboard,Compact wireless keyboard,Northstar,77.43,CAD,236,31,active,active
Maple Street Market,store,Toronto,CA,SKU-CA-00222,Mosaic Storage,Stackable storage box,Northstar,18.63,CAD,230,16,active,active
Maple Street Market,store,Toronto,CA,SKU-CA-00223,Halo Headphones,Wireless over-ear headphones,Northstar,104.11,CAD,401,40,inactive,active
Maple Street Market,store,Toronto,CA,SKU-CA-00224,Drift Mug,Double-wall ceramic travel mug,Northstar,19.29,CAD,164,18,inactive,active
Maple Street Market,online,Toronto,CA,SKU-CA-00225,Glide Mouse,Ergonomic wireless mouse,Northstar,41.95,CAD,161,36,active,active
Maple Street Market,online,Toronto,CA,SKU-CA-00226,Cedar Organizer,Modular desktop organizer,Northstar,27.44,CAD,184,27,active,draft
Maple Street Market,store,Toronto,CA,SKU-CA-00227,Drift Mug,Double-wall ceramic travel mug,Northstar,21.19,CAD,211,18,active,active
Maple Street Market,both,Toronto,CA,SKU-CA-00228,Canyon Pack,Weather-resistant day pack,Northstar,82.24,CAD,61,8,active,active
Maple Street Market,store,Toronto,CA,SKU-CA-00229,Beacon Dock,Desktop device dock,Northstar,53.46,CAD,385,13,active,active
Maple Street Market,store,Toronto,CA,SKU-CA-00230,Lark Speaker,Small room speaker,Northstar,49.41,CAD,352,5,inactive,active
Maple Street Market,store,Toronto,CA,SKU-CA-00231,Drift Mug,Double-wall ceramic travel mug,Northstar,20.78,CAD,89,10,active,active
Maple Street Market,store,Toronto,CA,SKU-CA-00232,Breeze Fan,Quiet rechargeable desk fan,Northstar,37.1,CAD,139,4,active,draft
Maple Street Market,store,Toronto,CA,SKU-CA-00233,Summit Bottle,Insulated stainless steel bottle,Northstar,34.87,CAD,247,31,active,active
Maple Street Market,both,Toronto,CA,SKU-CA-00234,Halo Headphones,Wireless over-ear headphones,Northstar,90.11,CAD,336,20,active,active
Maple Street Market,online,Toronto,CA,SKU-CA-00235,Cedar Organizer,Modular desktop organizer,Northstar,24.52,CAD,163,32,active,active
Maple Street Market,both,Toronto,CA,SKU-CA-00236,Summit Bottle,Insulated stainless steel bottle,Northstar,30.63,CAD,222,23,active,active
Maple Street Market,both,Toronto,CA,SKU-CA-00237,Trail Lantern,Portable rechargeable lantern,Northstar,43.15,CAD,276,18,active,active
Maple Street Market,store,Toronto,CA,SKU-CA-00238,Cove Cushion,Textured decorative cushion,Northstar,29.47,CAD,199,17,active,active
Maple Street Market,online,Toronto,CA,SKU-CA-00239,Forest Flask,Vacuum insulated flask,Northstar,34.65,CAD,14,2,active,draft
Maple Street Market,store,Toronto,CA,SKU-CA-00240,Atlas Notebook,Hardcover recycled paper notebook,Northstar,14.6,CAD,385,6,active,active
Maple Street Market,online,Toronto,CA,SKU-CA-00241,Solstice Clock,Minimal wall clock,Northstar,52.22,CAD,271,44,active,active
Maple Street Market,online,Toronto,CA,SKU-CA-00242,Elm Basket,Woven storage basket,Northstar,40.54,CAD,98,9,active,active
Maple Street Market,both,Toronto,CA,SKU-CA-00243,Beacon Dock,Desktop device dock,Northstar,65.2,CAD,83,7,active,active
Maple Street Market,both,Toronto,CA,SKU-CA-00244,Meadow Tote,Reusable cotton tote bag,Northstar,17.09,CAD,420,56,active,draft
Maple Street Market,store,Toronto,CA,SKU-CA-00245,Orbit Kettle,Precise pour-over kettle,Northstar,53.78,CAD,65,10,active,active
Maple Street Market,both,Toronto,CA,SKU-CA-00246,Willow Tray,Bamboo serving tray,Northstar,36.8,CAD,205,2,active,draft
Maple Street Market,both,Toronto,CA,SKU-CA-00247,River Journal,Lined journal with elastic closure,Northstar,15.71,CAD,102,9,active,active
Pacific Grove,store,Vancouver,CA,SKU-CA-00248,Mosaic Storage,Stackable storage box,Northstar,22.26,CAD,387,28,active,active
Pacific Grove,online,Vancouver,CA,SKU-CA-00249,Willow Tray,Bamboo serving tray,Northstar,34.3,CAD,184,40,active,active
Pacific Grove,online,Vancouver,CA,SKU-CA-00250,Breeze Fan,Quiet rechargeable desk fan,Northstar,38.78,CAD,166,31,active,active
Pacific Grove,both,Vancouver,CA,SKU-CA-00251,Canyon Pack,Weather-resistant day pack,Northstar,81.51,CAD,375,52,active,active
Pacific Grove,online,Vancouver,CA,SKU-CA-00252,Orbit Kettle,Precise pour-over kettle,Northstar,59.44,CAD,419,26,active,active
Pacific Grove,store,Vancouver,CA,SKU-CA-00253,Drift Mug,Double-wall ceramic travel mug,Northstar,17.9,CAD,160,4,active,active
Pacific Grove,online,Vancouver,CA,SKU-CA-00254,Beacon Dock,Desktop device dock,Northstar,60.52,CAD,408,57,inactive,active
Pacific Grove,store,Vancouver,CA,SKU-CA-00255,Canyon Pack,Weather-resistant day pack,Northstar,84.97,CAD,328,4,active,active
Pacific Grove,both,Vancouver,CA,SKU-CA-00256,Breeze Fan,Quiet rechargeable desk fan,Northstar,42.64,CAD,36,9,discontinued,hidden
Pacific Grove,online,Vancouver,CA,SKU-CA-00257,Harbor Umbrella,Compact wind-resistant umbrella,Northstar,26.53,CAD,52,9,active,active
Pacific Grove,store,Vancouver,CA,SKU-CA-00258,Olive Bottle,Glass bottle with silicone sleeve,Northstar,21.44,CAD,365,0,active,active
Pacific Grove,both,Vancouver,CA,SKU-CA-00259,Olive Bottle,Glass bottle with silicone sleeve,Northstar,18.99,CAD,103,14,inactive,active
Pacific Grove,store,Vancouver,CA,SKU-CA-00260,Ember Thermos,Insulated beverage thermos,Northstar,41.98,CAD,222,55,active,active
Pacific Grove,both,Vancouver,CA,SKU-CA-00261,Echo Speaker,Compact wireless speaker,Northstar,77.78,CAD,298,7,active,draft
Pacific Grove,online,Vancouver,CA,SKU-CA-00262,Cobalt Lunchbox,Insulated lunch container,Northstar,38.08,CAD,87,0,active,active
Pacific Grove,both,Vancouver,CA,SKU-CA-00263,Dawn Mirror,Compact tabletop mirror,Northstar,26.19,CAD,418,10,active,active
Pacific Grove,store,Vancouver,CA,SKU-CA-00264,Cloud Blanket,Soft woven indoor blanket,Northstar,68.09,CAD,291,1,active,active
Pacific Grove,store,Vancouver,CA,SKU-CA-00265,Forge Pan,Non-stick everyday skillet,Northstar,52.12,CAD,221,41,active,active
Pacific Grove,store,Vancouver,CA,SKU-CA-00266,Stone Coaster,Set of four stone coasters,Northstar,17.62,CAD,313,17,active,active
Pacific Grove,store,Vancouver,CA,SKU-CA-00267,Atlas Notebook,Hardcover recycled paper notebook,Northstar,12.3,CAD,98,20,active,active
Pacific Grove,store,Vancouver,CA,SKU-CA-00268,Peak Timer,Digital kitchen timer,Northstar,12.22,CAD,211,20,active,hidden
Pacific Grove,online,Vancouver,CA,SKU-CA-00269,Drift Mug,Double-wall ceramic travel mug,Northstar,17.85,CAD,393,29,active,active
Pacific Grove,store,Vancouver,CA,SKU-CA-00270,Willow Tray,Bamboo serving tray,Northstar,35.69,CAD,149,30,active,active
Urban Loom,store,Singapore,SG,SKU-SG-00271,Drift Mug,Double-wall ceramic travel mug,Northstar,21.49,SGD,330,7,active,active
Urban Loom,online,Singapore,SG,SKU-SG-00272,Beacon Dock,Desktop device dock,Northstar,68.9,SGD,397,9,active,hidden
Urban Loom,store,Singapore,SG,SKU-SG-00273,Halo Headphones,Wireless over-ear headphones,Northstar,89.35,SGD,194,15,active,active
Urban Loom,both,Singapore,SG,SKU-SG-00274,Vista Glasses,Blue-light computer glasses,Northstar,40.1,SGD,150,20,active,active
Urban Loom,online,Singapore,SG,SKU-SG-00275,Beacon Dock,Desktop device dock,Northstar,56.62,SGD,300,27,active,active
Urban Loom,both,Singapore,SG,SKU-SG-00276,Harbor Umbrella,Compact wind-resistant umbrella,Northstar,23.63,SGD,167,21,active,active
Urban Loom,store,Singapore,SG,SKU-SG-00277,Vista Glasses,Blue-light computer glasses,Northstar,33.4,SGD,405,44,active,active
Urban Loom,store,Singapore,SG,SKU-SG-00278,Canyon Pack,Weather-resistant day pack,Northstar,88.06,SGD,100,7,active,active
Urban Loom,online,Singapore,SG,SKU-SG-00279,Iris Vase,Hand-finished ceramic vase,Northstar,37.23,SGD,242,7,discontinued,active
Urban Loom,both,Singapore,SG,SKU-SG-00280,Harbor Umbrella,Compact wind-resistant umbrella,Northstar,23.81,SGD,386,28,inactive,active
Urban Loom,online,Singapore,SG,SKU-SG-00281,Trail Lantern,Portable rechargeable lantern,Northstar,49.32,SGD,136,5,active,active
Urban Loom,both,Singapore,SG,SKU-SG-00282,Pulse Lamp,Compact adjustable desk lamp,Northstar,50.74,SGD,126,17,inactive,active
Urban Loom,both,Singapore,SG,SKU-SG-00283,Vista Glasses,Blue-light computer glasses,Northstar,40.49,SGD,106,5,active,active
Urban Loom,both,Singapore,SG,SKU-SG-00284,Glide Mouse,Ergonomic wireless mouse,Northstar,49.65,SGD,305,7,active,active
Urban Loom,online,Singapore,SG,SKU-SG-00285,Harbor Umbrella,Compact wind-resistant umbrella,Northstar,24.91,SGD,117,11,active,draft
Urban Loom,online,Singapore,SG,SKU-SG-00286,Arc Keyboard,Compact wireless keyboard,Northstar,66.27,SGD,202,3,active,draft
Urban Loom,online,Singapore,SG,SKU-SG-00287,Canyon Pack,Weather-resistant day pack,Northstar,88.81,SGD,270,42,active,active
Urban Loom,online,Singapore,SG,SKU-SG-00288,Lumen Charger,Multi-device charging hub,Northstar,41.65,SGD,106,11,active,active
Urban Loom,online,Singapore,SG,SKU-SG-00289,Trail Lantern,Portable rechargeable lantern,Northstar,55.68,SGD,132,9,active,active
Urban Loom,store,Singapore,SG,SKU-SG-00290,Canvas Apron,Cotton utility apron,Northstar,28.34,SGD,49,6,active,active
Urban Loom,online,Singapore,SG,SKU-SG-00291,Olive Bottle,Glass bottle with silicone sleeve,Northstar,22.34,SGD,105,1,active,active
Urban Loom,online,Singapore,SG,SKU-SG-00292,Solstice Clock,Minimal wall clock,Northstar,42.26,SGD,100,1,active,active
Urban Loom,store,Singapore,SG,SKU-SG-00293,Terra Planter,Minimal ceramic planter,Northstar,25.71,SGD,302,1,active,active
Urban Loom,store,Singapore,SG,SKU-SG-00294,Lumen Charger,Multi-device charging hub,Northstar,40.32,SGD,221,44,active,active
Urban Loom,store,Singapore,SG,SKU-SG-00295,Vista Glasses,Blue-light computer glasses,Northstar,32.79,SGD,342,59,inactive,active
Urban Loom,online,Singapore,SG,SKU-SG-00296,Aurora Scale,Digital kitchen scale,Northstar,26.86,SGD,328,18,active,active
Urban Loom,store,Singapore,SG,SKU-SG-00297,Elm Basket,Woven storage basket,Northstar,38.15,SGD,304,13,active,active
Urban Loom,both,Singapore,SG,SKU-SG-00298,Trail Lantern,Portable rechargeable lantern,Northstar,54.03,SGD,385,19,active,active
Urban Loom,online,Singapore,SG,SKU-SG-00299,Meadow Tote,Reusable cotton tote bag,Northstar,18.37,SGD,102,14,active,active
Urban Loom,store,Singapore,SG,SKU-SG-00300,Halo Headphones,Wireless over-ear headphones,Northstar,100.3,SGD,143,10,inactive,active
Urban Loom,store,Singapore,SG,SKU-SG-00301,Terra Planter,Minimal ceramic planter,Northstar,23.61,SGD,345,39,active,active
Urban Loom,both,Singapore,SG,SKU-SG-00302,Canyon Pack,Weather-resistant day pack,Northstar,99.57,SGD,108,18,active,active
Urban Loom,store,Singapore,SG,SKU-SG-00303,Beacon Dock,Desktop device dock,Northstar,60.7,SGD,207,0,active,active
Urban Loom,both,Singapore,SG,SKU-SG-00304,Orbit Kettle,Precise pour-over kettle,Northstar,56.17,SGD,393,38,inactive,active
Urban Loom,both,Singapore,SG,SKU-SG-00305,Quartz Timer,Visual productivity timer,Northstar,21.51,SGD,284,47,active,active
Urban Loom,both,Singapore,SG,SKU-SG-00306,Dawn Mirror,Compact tabletop mirror,Northstar,26.03,SGD,216,52,active,active
Urban Loom,store,Singapore,SG,SKU-SG-00307,Halo Headphones,Wireless over-ear headphones,Northstar,91.25,SGD,391,24,active,active
Urban Loom,online,Singapore,SG,SKU-SG-00308,Aurora Scale,Digital kitchen scale,Northstar,28.52,SGD,394,5,active,active
Urban Loom,online,Singapore,SG,SKU-SG-00309,Pulse Lamp,Compact adjustable desk lamp,Northstar,43.53,SGD,97,21,inactive,draft
Urban Loom,store,Singapore,SG,SKU-SG-00310,Iris Vase,Hand-finished ceramic vase,Northstar,44.84,SGD,179,13,active,active
Urban Loom,online,Singapore,SG,SKU-SG-00311,Forest Flask,Vacuum insulated flask,Northstar,32.73,SGD,336,8,active,active
Urban Loom,online,Singapore,SG,SKU-SG-00312,Iris Vase,Hand-finished ceramic vase,Northstar,36.26,SGD,267,27,active,active
Urban Loom,store,Singapore,SG,SKU-SG-00313,Canyon Pack,Weather-resistant day pack,Northstar,83.59,SGD,60,11,active,active
Urban Loom,both,Singapore,SG,SKU-SG-00314,Lumen Charger,Multi-device charging hub,Northstar,42.02,SGD,387,49,active,active
Urban Loom,store,Singapore,SG,SKU-SG-00315,Echo Speaker,Compact wireless speaker,Northstar,64.09,SGD,185,10,active,active
Urban Loom,store,Singapore,SG,SKU-SG-00316,Mosaic Storage,Stackable storage box,Northstar,23.18,SGD,121,4,active,active
Urban Loom,online,Singapore,SG,SKU-SG-00317,Stone Coaster,Set of four stone coasters,Northstar,20.56,SGD,263,51,active,active
Urban Loom,online,Singapore,SG,SKU-SG-00318,Summit Bottle,Insulated stainless steel bottle,Northstar,32.98,SGD,317,44,active,hidden
Urban Loom,both,Singapore,SG,SKU-SG-00319,Cove Cushion,Textured decorative cushion,Northstar,26.07,SGD,271,15,active,active
Urban Loom,both,Singapore,SG,SKU-SG-00320,Beacon Dock,Desktop device dock,Northstar,65.14,SGD,10,2,inactive,active
Urban Loom,store,Singapore,SG,SKU-SG-00321,Trail Lantern,Portable rechargeable lantern,Northstar,48.59,SGD,60,14,active,active
Urban Loom,both,Singapore,SG,SKU-SG-00322,Elm Basket,Woven storage basket,Northstar,41.12,SGD,343,13,active,active
Urban Loom,both,Singapore,SG,SKU-SG-00323,Canyon Pack,Weather-resistant day pack,Northstar,97.75,SGD,57,13,active,active
Urban Loom,store,Singapore,SG,SKU-SG-00324,Ember Thermos,Insulated beverage thermos,Northstar,43.89,SGD,23,2,active,active
Urban Loom,store,Singapore,SG,SKU-SG-00325,Summit Bottle,Insulated stainless steel bottle,Northstar,31.18,SGD,250,44,active,draft
Urban Loom,both,Singapore,SG,SKU-SG-00326,Solstice Clock,Minimal wall clock,Northstar,46.59,SGD,34,4,inactive,active
Urban Loom,online,Singapore,SG,SKU-SG-00327,Willow Tray,Bamboo serving tray,Northstar,30.63,SGD,332,16,active,draft
Urban Loom Orchard,store,Singapore,SG,SKU-SG-00328,Dawn Mirror,Compact tabletop mirror,Northstar,28.82,SGD,115,23,active,active
Urban Loom Orchard,store,Singapore,SG,SKU-SG-00329,Ember Thermos,Insulated beverage thermos,Northstar,42.34,SGD,22,4,active,active
Urban Loom Orchard,store,Singapore,SG,SKU-SG-00330,Terra Planter,Minimal ceramic planter,Northstar,23.58,SGD,131,19,active,draft
Urban Loom Orchard,both,Singapore,SG,SKU-SG-00331,Drift Mug,Double-wall ceramic travel mug,Northstar,18.56,SGD,255,13,inactive,active
Urban Loom Orchard,store,Singapore,SG,SKU-SG-00332,Arc Keyboard,Compact wireless keyboard,Northstar,82.8,SGD,183,33,active,active
Urban Loom Orchard,online,Singapore,SG,SKU-SG-00333,Lumen Charger,Multi-device charging hub,Northstar,37.08,SGD,98,14,discontinued,draft
Urban Loom Orchard,both,Singapore,SG,SKU-SG-00334,Lumen Charger,Multi-device charging hub,Northstar,35.37,SGD,169,31,active,active
Urban Loom Orchard,both,Singapore,SG,SKU-SG-00335,Lumen Charger,Multi-device charging hub,Northstar,39.4,SGD,200,6,active,active
Urban Loom Orchard,store,Singapore,SG,SKU-SG-00336,Cove Cushion,Textured decorative cushion,Northstar,29.61,SGD,209,7,active,active
Urban Loom Orchard,online,Singapore,SG,SKU-SG-00337,Trail Lantern,Portable rechargeable lantern,Northstar,45.51,SGD,228,41,active,hidden
Urban Loom Orchard,store,Singapore,SG,SKU-SG-00338,Canvas Apron,Cotton utility apron,Northstar,31.52,SGD,405,19,active,active
Urban Loom Orchard,online,Singapore,SG,SKU-SG-00339,Ember Thermos,Insulated beverage thermos,Northstar,44.31,SGD,198,16,active,active
Urban Loom Orchard,store,Singapore,SG,SKU-SG-00340,Iris Vase,Hand-finished ceramic vase,Northstar,46.14,SGD,141,33,active,active
Urban Loom Orchard,both,Singapore,SG,SKU-SG-00341,Elm Basket,Woven storage basket,Northstar,37.66,SGD,322,51,active,active
Urban Loom Orchard,online,Singapore,SG,SKU-SG-00342,Nova Backpack,Lightweight everyday backpack,Northstar,91.11,SGD,412,60,active,active
Urban Loom Orchard,online,Singapore,SG,SKU-SG-00343,Nova Backpack,Lightweight everyday backpack,Northstar,78.95,SGD,15,2,active,active
Urban Loom Orchard,store,Singapore,SG,SKU-SG-00344,Meadow Tote,Reusable cotton tote bag,Northstar,18.91,SGD,260,28,active,active
Urban Loom Orchard,online,Singapore,SG,SKU-SG-00345,Olive Bottle,Glass bottle with silicone sleeve,Northstar,22.29,SGD,312,39,active,active
Urban Loom Orchard,store,Singapore,SG,SKU-SG-00346,Vista Glasses,Blue-light computer glasses,Northstar,33.01,SGD,172,0,active,active
Urban Loom Orchard,store,Singapore,SG,SKU-SG-00347,Nova Backpack,Lightweight everyday backpack,Northstar,70.92,SGD,233,31,discontinued,active
Urban Loom Orchard,both,Singapore,SG,SKU-SG-00348,Vista Glasses,Blue-light computer glasses,Northstar,33.39,SGD,353,28,discontinued,active
Urban Loom Orchard,both,Singapore,SG,SKU-SG-00349,Glide Mouse,Ergonomic wireless mouse,Northstar,44.02,SGD,106,13,active,active
Urban Loom Orchard,store,Singapore,SG,SKU-SG-00350,Cloud Blanket,Soft woven indoor blanket,Northstar,68.27,SGD,98,23,active,active
Urban Loom Orchard,both,Singapore,SG,SKU-SG-00351,Dawn Mirror,Compact tabletop mirror,Northstar,26.43,SGD,136,1,active,active
Urban Loom Orchard,online,Singapore,SG,SKU-SG-00352,Meadow Tote,Reusable cotton tote bag,Northstar,19.2,SGD,371,46,active,active
Urban Loom Orchard,online,Singapore,SG,SKU-SG-00353,Willow Tray,Bamboo serving tray,Northstar,30.89,SGD,36,9,active,active
Urban Loom Orchard,store,Singapore,SG,SKU-SG-00354,Cedar Organizer,Modular desktop organizer,Northstar,26.95,SGD,275,59,active,active
Urban Loom Marina,online,Singapore,SG,SKU-SG-00355,Elm Basket,Woven storage basket,Northstar,39.6,SGD,332,13,inactive,draft
Urban Loom Marina,online,Singapore,SG,SKU-SG-00356,Echo Speaker,Compact wireless speaker,Northstar,74.23,SGD,117,15,active,active
Urban Loom Marina,online,Singapore,SG,SKU-SG-00357,Drift Mug,Double-wall ceramic travel mug,Northstar,20.89,SGD,273,60,active,active
Urban Loom Marina,both,Singapore,SG,SKU-SG-00358,Iris Vase,Hand-finished ceramic vase,Northstar,45.15,SGD,387,24,active,draft
Urban Loom Marina,both,Singapore,SG,SKU-SG-00359,Beacon Dock,Desktop device dock,Northstar,55.29,SGD,387,14,active,active
Urban Loom Marina,online,Singapore,SG,SKU-SG-00360,Canvas Apron,Cotton utility apron,Northstar,30.87,SGD,364,30,inactive,active
Urban Loom Marina,store,Singapore,SG,SKU-SG-00361,Vista Glasses,Blue-light computer glasses,Northstar,34.46,SGD,110,10,active,active
Urban Loom Marina,online,Singapore,SG,SKU-SG-00362,Lark Speaker,Small room speaker,Northstar,55.34,SGD,192,29,active,active
Urban Loom Marina,store,Singapore,SG,SKU-SG-00363,Halo Headphones,Wireless over-ear headphones,Northstar,85.39,SGD,302,35,active,active
Urban Loom Marina,both,Singapore,SG,SKU-SG-00364,Vista Glasses,Blue-light computer glasses,Northstar,35.4,SGD,335,16,active,active
Urban Loom Marina,store,Singapore,SG,SKU-SG-00365,Aurora Scale,Digital kitchen scale,Northstar,30.56,SGD,226,46,active,active
Urban Loom Marina,both,Singapore,SG,SKU-SG-00366,Echo Speaker,Compact wireless speaker,Northstar,76.7,SGD,32,1,inactive,active
Urban Loom Marina,store,Singapore,SG,SKU-SG-00367,Nova Backpack,Lightweight everyday backpack,Northstar,75.4,SGD,68,3,active,active
Urban Loom Marina,online,Singapore,SG,SKU-SG-00368,Drift Mug,Double-wall ceramic travel mug,Northstar,18.94,SGD,321,31,active,active
Urban Loom Marina,store,Singapore,SG,SKU-SG-00369,Olive Bottle,Glass bottle with silicone sleeve,Northstar,22.13,SGD,162,38,active,active
Urban Loom Marina,both,Singapore,SG,SKU-SG-00370,Canyon Pack,Weather-resistant day pack,Northstar,82.87,SGD,142,21,active,active
Urban Loom Marina,both,Singapore,SG,SKU-SG-00371,Beacon Dock,Desktop device dock,Northstar,64.48,SGD,332,40,active,active
Urban Loom Marina,online,Singapore,SG,SKU-SG-00372,Halo Headphones,Wireless over-ear headphones,Northstar,107.95,SGD,81,19,active,active
Monsoon Market,both,Bengaluru,IN,SKU-IN-00373,Pulse Lamp,Compact adjustable desk lamp,Northstar,43.66,INR,237,10,active,active
Monsoon Market,online,Bengaluru,IN,SKU-IN-00374,Lark Speaker,Small room speaker,Northstar,57.47,INR,109,20,active,active
Monsoon Market,online,Bengaluru,IN,SKU-IN-00375,Breeze Fan,Quiet rechargeable desk fan,Northstar,41.01,INR,337,20,active,active
Monsoon Market,store,Bengaluru,IN,SKU-IN-00376,Vista Glasses,Blue-light computer glasses,Northstar,35.25,INR,412,3,active,active
Monsoon Market,store,Bengaluru,IN,SKU-IN-00377,Quartz Timer,Visual productivity timer,Northstar,24.63,INR,196,37,active,active
Monsoon Market,online,Bengaluru,IN,SKU-IN-00378,Lumen Charger,Multi-device charging hub,Northstar,43.34,INR,403,25,active,active
Monsoon Market,online,Bengaluru,IN,SKU-IN-00379,Atlas Notebook,Hardcover recycled paper notebook,Northstar,14.51,INR,130,25,active,draft
Monsoon Market,online,Bengaluru,IN,SKU-IN-00380,Mosaic Storage,Stackable storage box,Northstar,23.07,INR,46,5,inactive,active
Monsoon Market,online,Bengaluru,IN,SKU-IN-00381,Drift Mug,Double-wall ceramic travel mug,Northstar,20.02,INR,150,15,active,active
Monsoon Market,store,Bengaluru,IN,SKU-IN-00382,Stone Coaster,Set of four stone coasters,Northstar,21.12,INR,420,52,active,active
Monsoon Market,both,Bengaluru,IN,SKU-IN-00383,Halo Headphones,Wireless over-ear headphones,Northstar,91.97,INR,386,18,active,active
Monsoon Market,online,Bengaluru,IN,SKU-IN-00384,Quartz Timer,Visual productivity timer,Northstar,24.38,INR,413,1,inactive,active
Monsoon Market,both,Bengaluru,IN,SKU-IN-00385,Lumen Charger,Multi-device charging hub,Northstar,41.17,INR,376,7,inactive,active
Monsoon Market,store,Bengaluru,IN,SKU-IN-00386,Cedar Organizer,Modular desktop organizer,Northstar,27.57,INR,235,23,active,draft
Monsoon Market,online,Bengaluru,IN,SKU-IN-00387,Atlas Notebook,Hardcover recycled paper notebook,Northstar,14.16,INR,225,18,active,active
Monsoon Market,store,Bengaluru,IN,SKU-IN-00388,Cove Cushion,Textured decorative cushion,Northstar,27.48,INR,410,39,active,active
Monsoon Market,online,Bengaluru,IN,SKU-IN-00389,Lark Speaker,Small room speaker,Northstar,51.04,INR,263,17,discontinued,active
Monsoon Market,store,Bengaluru,IN,SKU-IN-00390,Peak Timer,Digital kitchen timer,Northstar,12.85,INR,52,9,active,active
Monsoon Market,store,Bengaluru,IN,SKU-IN-00391,Summit Bottle,Insulated stainless steel bottle,Northstar,36.61,INR,21,2,inactive,active
Monsoon Market,both,Bengaluru,IN,SKU-IN-00392,Forge Pan,Non-stick everyday skillet,Northstar,54.48,INR,266,49,active,active
Monsoon Market,online,Bengaluru,IN,SKU-IN-00393,Halo Headphones,Wireless over-ear headphones,Northstar,89.41,INR,293,19,active,active
Monsoon Market,store,Bengaluru,IN,SKU-IN-00394,Beacon Dock,Desktop device dock,Northstar,56.95,INR,176,11,active,active
Monsoon Market,store,Bengaluru,IN,SKU-IN-00395,Forge Pan,Non-stick everyday skillet,Northstar,58.34,INR,204,9,active,active
Monsoon Market,store,Bengaluru,IN,SKU-IN-00396,Quartz Timer,Visual productivity timer,Northstar,26.57,INR,230,1,active,active
Monsoon Market,store,Bengaluru,IN,SKU-IN-00397,Halo Headphones,Wireless over-ear headphones,Northstar,98.1,INR,377,43,active,active
Monsoon Market,online,Bengaluru,IN,SKU-IN-00398,Cove Cushion,Textured decorative cushion,Northstar,31.76,INR,57,11,active,draft
Monsoon Market,both,Bengaluru,IN,SKU-IN-00399,Canyon Pack,Weather-resistant day pack,Northstar,101.55,INR,10,0,active,active
Monsoon Market,both,Bengaluru,IN,SKU-IN-00400,Quartz Timer,Visual productivity timer,Northstar,26.86,INR,293,40,active,active
Monsoon Market,store,Bengaluru,IN,SKU-IN-00401,Peak Timer,Digital kitchen timer,Northstar,12.33,INR,243,39,discontinued,active
Monsoon Market,store,Bengaluru,IN,SKU-IN-00402,Echo Speaker,Compact wireless speaker,Northstar,77.23,INR,112,2,active,active
Monsoon Market,online,Bengaluru,IN,SKU-IN-00403,Breeze Fan,Quiet rechargeable desk fan,Northstar,40.47,INR,154,10,active,active
Monsoon Market,store,Bengaluru,IN,SKU-IN-00404,Solstice Clock,Minimal wall clock,Northstar,53.34,INR,305,11,active,active
Monsoon Market,online,Bengaluru,IN,SKU-IN-00405,Quartz Timer,Visual productivity timer,Northstar,25.29,INR,181,34,active,draft
Monsoon Market,both,Bengaluru,IN,SKU-IN-00406,Ember Thermos,Insulated beverage thermos,Northstar,36.86,INR,379,40,active,active
Monsoon Market,both,Bengaluru,IN,SKU-IN-00407,Pulse Lamp,Compact adjustable desk lamp,Northstar,49.39,INR,240,51,discontinued,active
Monsoon Market,store,Bengaluru,IN,SKU-IN-00408,Meadow Tote,Reusable cotton tote bag,Northstar,16.68,INR,392,38,active,active
Monsoon Market,online,Bengaluru,IN,SKU-IN-00409,Lumen Charger,Multi-device charging hub,Northstar,39.64,INR,402,9,active,active
Monsoon Market,store,Bengaluru,IN,SKU-IN-00410,Arc Keyboard,Compact wireless keyboard,Northstar,83.98,INR,237,48,active,active
Monsoon Market,store,Bengaluru,IN,SKU-IN-00411,Mosaic Storage,Stackable storage box,Northstar,22.87,INR,84,15,active,active
Monsoon Market,both,Bengaluru,IN,SKU-IN-00412,Canyon Pack,Weather-resistant day pack,Northstar,95.11,INR,163,21,active,hidden
Monsoon Market,both,Bengaluru,IN,SKU-IN-00413,Nova Backpack,Lightweight everyday backpack,Northstar,76.22,INR,363,41,active,active
Monsoon Market,online,Bengaluru,IN,SKU-IN-00414,Willow Tray,Bamboo serving tray,Northstar,37.96,INR,198,30,active,active
Monsoon Market,store,Bengaluru,IN,SKU-IN-00415,Drift Mug,Double-wall ceramic travel mug,Northstar,21.11,INR,175,40,active,hidden
Monsoon Market,store,Bengaluru,IN,SKU-IN-00416,Glide Mouse,Ergonomic wireless mouse,Northstar,42.08,INR,185,25,active,active
Monsoon Market,store,Bengaluru,IN,SKU-IN-00417,Halo Headphones,Wireless over-ear headphones,Northstar,105.38,INR,40,9,active,active
Monsoon Market,online,Bengaluru,IN,SKU-IN-00418,Olive Bottle,Glass bottle with silicone sleeve,Northstar,21.54,INR,382,1,active,active
Monsoon Market Central,both,Bengaluru,IN,SKU-IN-00419,Drift Mug,Double-wall ceramic travel mug,Northstar,20.91,INR,320,34,active,active
Monsoon Market Central,both,Bengaluru,IN,SKU-IN-00420,Drift Mug,Double-wall ceramic travel mug,Northstar,21.07,INR,329,51,active,active
Monsoon Market Central,online,Bengaluru,IN,SKU-IN-00421,Forge Pan,Non-stick everyday skillet,Northstar,64.82,INR,325,0,active,active
Monsoon Market Central,store,Bengaluru,IN,SKU-IN-00422,Mosaic Storage,Stackable storage box,Northstar,18.89,INR,380,30,active,active
Monsoon Market Central,online,Bengaluru,IN,SKU-IN-00423,Echo Speaker,Compact wireless speaker,Northstar,67.02,INR,315,5,active,active
Monsoon Market Central,online,Bengaluru,IN,SKU-IN-00424,Orbit Kettle,Precise pour-over kettle,Northstar,53.8,INR,131,16,active,active
Monsoon Market Central,online,Bengaluru,IN,SKU-IN-00425,Aurora Scale,Digital kitchen scale,Northstar,31.07,INR,298,22,active,active
Monsoon Market Central,store,Bengaluru,IN,SKU-IN-00426,Willow Tray,Bamboo serving tray,Northstar,37.68,INR,45,10,active,active
Monsoon Market Central,both,Bengaluru,IN,SKU-IN-00427,Ember Thermos,Insulated beverage thermos,Northstar,46.39,INR,233,44,active,active
Monsoon Market Central,store,Bengaluru,IN,SKU-IN-00428,Orbit Kettle,Precise pour-over kettle,Northstar,59.43,INR,220,54,active,active
Monsoon Market Central,online,Bengaluru,IN,SKU-IN-00429,Cloud Blanket,Soft woven indoor blanket,Northstar,58.64,INR,380,27,inactive,draft
Monsoon Market Central,store,Bengaluru,IN,SKU-IN-00430,Beacon Dock,Desktop device dock,Northstar,70.0,INR,355,3,active,active
Monsoon Market Central,both,Bengaluru,IN,SKU-IN-00431,River Journal,Lined journal with elastic closure,Northstar,16.17,INR,50,6,active,active
Monsoon Market Central,both,Bengaluru,IN,SKU-IN-00432,Drift Mug,Double-wall ceramic travel mug,Northstar,20.8,INR,280,0,active,active
Monsoon Market Central,online,Bengaluru,IN,SKU-IN-00433,Mosaic Storage,Stackable storage box,Northstar,18.59,INR,275,60,active,active
Monsoon Market Central,store,Bengaluru,IN,SKU-IN-00434,Cedar Organizer,Modular desktop organizer,Northstar,27.0,INR,98,24,active,active
Monsoon Market Central,store,Bengaluru,IN,SKU-IN-00435,Forest Flask,Vacuum insulated flask,Northstar,36.2,INR,364,2,active,draft
Monsoon Market Central,store,Bengaluru,IN,SKU-IN-00436,Aurora Scale,Digital kitchen scale,Northstar,30.15,INR,354,17,active,active
Monsoon Market Central,online,Bengaluru,IN,SKU-IN-00437,Arc Keyboard,Compact wireless keyboard,Northstar,71.17,INR,152,9,active,active
Monsoon Market Central,both,Bengaluru,IN,SKU-IN-00438,Stone Coaster,Set of four stone coasters,Northstar,20.22,INR,361,33,active,active
Monsoon Market Central,both,Bengaluru,IN,SKU-IN-00439,Cove Cushion,Textured decorative cushion,Northstar,28.08,INR,38,2,active,active
Monsoon Market Central,both,Bengaluru,IN,SKU-IN-00440,Atlas Notebook,Hardcover recycled paper notebook,Northstar,13.93,INR,364,39,active,active
Monsoon Market Central,online,Bengaluru,IN,SKU-IN-00441,Olive Bottle,Glass bottle with silicone sleeve,Northstar,19.8,INR,136,27,active,active
Monsoon Market Central,both,Bengaluru,IN,SKU-IN-00442,Peak Timer,Digital kitchen timer,Northstar,12.72,INR,328,36,active,active
Deccan Living,online,Mumbai,IN,SKU-IN-00443,Terra Planter,Minimal ceramic planter,Northstar,20.49,INR,280,4,active,active
Deccan Living,online,Mumbai,IN,SKU-IN-00444,Drift Mug,Double-wall ceramic travel mug,Northstar,18.76,INR,18,1,active,active
Deccan Living,both,Mumbai,IN,SKU-IN-00445,Elm Basket,Woven storage basket,Northstar,42.57,INR,58,6,active,active
Deccan Living,store,Mumbai,IN,SKU-IN-00446,Arc Keyboard,Compact wireless keyboard,Northstar,81.51,INR,410,17,active,active
Deccan Living,both,Mumbai,IN,SKU-IN-00447,Summit Bottle,Insulated stainless steel bottle,Northstar,29.32,INR,304,15,active,active
Deccan Living,both,Mumbai,IN,SKU-IN-00448,Harbor Umbrella,Compact wind-resistant umbrella,Northstar,24.34,INR,343,50,active,active
Deccan Living,both,Mumbai,IN,SKU-IN-00449,Elm Basket,Woven storage basket,Northstar,37.84,INR,365,31,active,active
Deccan Living,store,Mumbai,IN,SKU-IN-00450,Cloud Blanket,Soft woven indoor blanket,Northstar,63.35,INR,293,19,active,active
Deccan Living,online,Mumbai,IN,SKU-IN-00451,Echo Speaker,Compact wireless speaker,Northstar,76.6,INR,407,13,active,active
Deccan Living,online,Mumbai,IN,SKU-IN-00452,Arc Keyboard,Compact wireless keyboard,Northstar,78.21,INR,112,15,active,active
Deccan Living,store,Mumbai,IN,SKU-IN-00453,Vista Glasses,Blue-light computer glasses,Northstar,37.5,INR,258,29,active,active
Deccan Living,both,Mumbai,IN,SKU-IN-00454,Arc Keyboard,Compact wireless keyboard,Northstar,79.82,INR,338,25,active,active
Deccan Living,store,Mumbai,IN,SKU-IN-00455,Peak Timer,Digital kitchen timer,Northstar,12.25,INR,13,1,active,active
Deccan Living,both,Mumbai,IN,SKU-IN-00456,Beacon Dock,Desktop device dock,Northstar,57.55,INR,83,18,active,active
Deccan Living,online,Mumbai,IN,SKU-IN-00457,Halo Headphones,Wireless over-ear headphones,Northstar,89.64,INR,309,37,active,active
Deccan Living,online,Mumbai,IN,SKU-IN-00458,Canyon Pack,Weather-resistant day pack,Northstar,98.97,INR,227,6,active,active
Deccan Living,online,Mumbai,IN,SKU-IN-00459,Cloud Blanket,Soft woven indoor blanket,Northstar,60.73,INR,115,2,active,active
Deccan Living,both,Mumbai,IN,SKU-IN-00460,Glide Mouse,Ergonomic wireless mouse,Northstar,46.6,INR,34,5,active,active
Deccan Living,online,Mumbai,IN,SKU-IN-00461,Meadow Tote,Reusable cotton tote bag,Northstar,15.98,INR,286,53,active,draft
Deccan Living,store,Mumbai,IN,SKU-IN-00462,Harbor Umbrella,Compact wind-resistant umbrella,Northstar,27.32,INR,101,4,active,active
Deccan Living,online,Mumbai,IN,SKU-IN-00463,Forest Flask,Vacuum insulated flask,Northstar,33.88,INR,41,1,active,active
Deccan Living,store,Mumbai,IN,SKU-IN-00464,Stone Coaster,Set of four stone coasters,Northstar,19.37,INR,81,18,active,active
Deccan Living,store,Mumbai,IN,SKU-IN-00465,Breeze Fan,Quiet rechargeable desk fan,Northstar,46.59,INR,93,5,active,active
Deccan Living,online,Mumbai,IN,SKU-IN-00466,Terra Planter,Minimal ceramic planter,Northstar,23.2,INR,312,29,active,active
Deccan Living,both,Mumbai,IN,SKU-IN-00467,Terra Planter,Minimal ceramic planter,Northstar,21.9,INR,262,55,active,active
Deccan Living,online,Mumbai,IN,SKU-IN-00468,Cloud Blanket,Soft woven indoor blanket,Northstar,71.26,INR,91,14,active,draft
Deccan Living,store,Mumbai,IN,SKU-IN-00469,Terra Planter,Minimal ceramic planter,Northstar,22.71,INR,388,30,active,active
Deccan Living,both,Mumbai,IN,SKU-IN-00470,Arc Keyboard,Compact wireless keyboard,Northstar,74.67,INR,323,55,discontinued,active
Deccan Living,store,Mumbai,IN,SKU-IN-00471,Echo Speaker,Compact wireless speaker,Northstar,67.54,INR,224,10,active,active
Deccan Living,store,Mumbai,IN,SKU-IN-00472,Cove Cushion,Textured decorative cushion,Northstar,27.76,INR,350,14,active,draft
Deccan Living,both,Mumbai,IN,SKU-IN-00473,Cedar Organizer,Modular desktop organizer,Northstar,29.32,INR,246,51,active,active
Deccan Living,both,Mumbai,IN,SKU-IN-00474,Aurora Scale,Digital kitchen scale,Northstar,25.1,INR,183,6,active,draft
Deccan Living,store,Mumbai,IN,SKU-IN-00475,Glide Mouse,Ergonomic wireless mouse,Northstar,46.84,INR,327,15,active,active
Deccan Living,online,Mumbai,IN,SKU-IN-00476,Cobalt Lunchbox,Insulated lunch container,Northstar,37.7,INR,400,28,active,active
Deccan Living,online,Mumbai,IN,SKU-IN-00477,Drift Mug,Double-wall ceramic travel mug,Northstar,18.5,INR,78,18,active,active
Deccan Living,online,Mumbai,IN,SKU-IN-00478,Willow Tray,Bamboo serving tray,Northstar,34.78,INR,232,47,discontinued,active
Deccan Living,store,Mumbai,IN,SKU-IN-00479,Terra Planter,Minimal ceramic planter,Northstar,23.54,INR,342,59,active,active
Deccan Living,online,Mumbai,IN,SKU-IN-00480,Vista Glasses,Blue-light computer glasses,Northstar,36.91,INR,292,21,active,active
Sakura House,online,Tokyo,JP,SKU-JP-00481,Nova Backpack,Lightweight everyday backpack,Northstar,78.64,JPY,368,37,active,active
Sakura House,online,Tokyo,JP,SKU-JP-00482,Canvas Apron,Cotton utility apron,Northstar,29.53,JPY,217,41,active,active
Sakura House,store,Tokyo,JP,SKU-JP-00483,Cedar Organizer,Modular desktop organizer,Northstar,21.76,JPY,36,0,active,active
Sakura House,online,Tokyo,JP,SKU-JP-00484,Terra Planter,Minimal ceramic planter,Northstar,20.12,JPY,323,32,active,active
Sakura House,store,Tokyo,JP,SKU-JP-00485,Orbit Kettle,Precise pour-over kettle,Northstar,55.41,JPY,352,39,active,active
Sakura House,store,Tokyo,JP,SKU-JP-00486,Breeze Fan,Quiet rechargeable desk fan,Northstar,40.97,JPY,355,28,active,active
Sakura House,online,Tokyo,JP,SKU-JP-00487,Ember Thermos,Insulated beverage thermos,Northstar,33.9,JPY,265,58,active,active
Sakura House,online,Tokyo,JP,SKU-JP-00488,Echo Speaker,Compact wireless speaker,Northstar,59.18,JPY,396,57,active,active
Sakura House,store,Tokyo,JP,SKU-JP-00489,Orbit Kettle,Precise pour-over kettle,Northstar,50.96,JPY,318,28,active,active
Sakura House,store,Tokyo,JP,SKU-JP-00490,Lark Speaker,Small room speaker,Northstar,46.01,JPY,290,45,active,active
Sakura House,online,Tokyo,JP,SKU-JP-00491,Forest Flask,Vacuum insulated flask,Northstar,30.03,JPY,80,3,inactive,active
Sakura House,online,Tokyo,JP,SKU-JP-00492,Forest Flask,Vacuum insulated flask,Northstar,36.34,JPY,352,48,discontinued,active
Sakura House,online,Tokyo,JP,SKU-JP-00493,Willow Tray,Bamboo serving tray,Northstar,30.29,JPY,76,10,active,active
Sakura House,both,Tokyo,JP,SKU-JP-00494,Iris Vase,Hand-finished ceramic vase,Northstar,38.18,JPY,376,1,active,active
Sakura House,online,Tokyo,JP,SKU-JP-00495,Harbor Umbrella,Compact wind-resistant umbrella,Northstar,20.5,JPY,94,1,active,active
Sakura House,both,Tokyo,JP,SKU-JP-00496,Cove Cushion,Textured decorative cushion,Northstar,25.49,JPY,330,18,active,active
Sakura House,both,Tokyo,JP,SKU-JP-00497,Quartz Timer,Visual productivity timer,Northstar,19.56,JPY,97,17,active,active
Sakura House,store,Tokyo,JP,SKU-JP-00498,Cedar Organizer,Modular desktop organizer,Northstar,21.44,JPY,261,19,active,active
Sakura House,both,Tokyo,JP,SKU-JP-00499,Solstice Clock,Minimal wall clock,Northstar,39.9,JPY,397,11,discontinued,active
Sakura House,online,Tokyo,JP,SKU-JP-00500,Summit Bottle,Insulated stainless steel bottle,Northstar,33.03,JPY,276,31,active,active
Sakura House,online,Tokyo,JP,SKU-JP-00501,Elm Basket,Woven storage basket,Northstar,35.06,JPY,187,23,active,active
Sakura House,store,Tokyo,JP,SKU-JP-00502,Glide Mouse,Ergonomic wireless mouse,Northstar,38.46,JPY,236,30,active,active
Sakura House,both,Tokyo,JP,SKU-JP-00503,Cloud Blanket,Soft woven indoor blanket,Northstar,57.38,JPY,132,6,active,active
Sakura House,both,Tokyo,JP,SKU-JP-00504,Beacon Dock,Desktop device dock,Northstar,50.35,JPY,184,14,active,active
Sakura House,both,Tokyo,JP,SKU-JP-00505,Ember Thermos,Insulated beverage thermos,Northstar,35.17,JPY,56,11,active,active
Sakura House,store,Tokyo,JP,SKU-JP-00506,Canvas Apron,Cotton utility apron,Northstar,29.97,JPY,176,12,active,active
Sakura House,store,Tokyo,JP,SKU-JP-00507,Cloud Blanket,Soft woven indoor blanket,Northstar,52.76,JPY,376,3,active,active
Sakura House,store,Tokyo,JP,SKU-JP-00508,Cove Cushion,Textured decorative cushion,Northstar,24.33,JPY,19,1,active,active
Sakura House,store,Tokyo,JP,SKU-JP-00509,Beacon Dock,Desktop device dock,Northstar,58.22,JPY,150,15,active,active
Sakura House,both,Tokyo,JP,SKU-JP-00510,Forest Flask,Vacuum insulated flask,Northstar,33.19,JPY,67,8,active,active
Sakura House,store,Tokyo,JP,SKU-JP-00511,Forest Flask,Vacuum insulated flask,Northstar,29.5,JPY,321,33,active,active
Sakura House,store,Tokyo,JP,SKU-JP-00512,Summit Bottle,Insulated stainless steel bottle,Northstar,29.22,JPY,37,7,active,active
Sakura House,both,Tokyo,JP,SKU-JP-00513,Orbit Kettle,Precise pour-over kettle,Northstar,47.17,JPY,9,0,active,draft
Sakura House,store,Tokyo,JP,SKU-JP-00514,Nova Backpack,Lightweight everyday backpack,Northstar,67.02,JPY,346,33,active,active
Sakura House,online,Tokyo,JP,SKU-JP-00515,Halo Headphones,Wireless over-ear headphones,Northstar,89.98,JPY,177,35,active,active
Sakura House,online,Tokyo,JP,SKU-JP-00516,Summit Bottle,Insulated stainless steel bottle,Northstar,28.09,JPY,75,11,active,active
Sakura House,store,Tokyo,JP,SKU-JP-00517,Breeze Fan,Quiet rechargeable desk fan,Northstar,42.0,JPY,193,12,active,active
Sakura House,both,Tokyo,JP,SKU-JP-00518,Drift Mug,Double-wall ceramic travel mug,Northstar,18.76,JPY,105,16,active,active
Sakura House,store,Tokyo,JP,SKU-JP-00519,Drift Mug,Double-wall ceramic travel mug,Northstar,17.84,JPY,269,32,active,active
Sakura House,online,Tokyo,JP,SKU-JP-00520,Atlas Notebook,Hardcover recycled paper notebook,Northstar,14.03,JPY,364,31,active,draft
Sakura House,online,Tokyo,JP,SKU-JP-00521,Cloud Blanket,Soft woven indoor blanket,Northstar,54.93,JPY,307,47,active,active
Sakura House,both,Tokyo,JP,SKU-JP-00522,Cloud Blanket,Soft woven indoor blanket,Northstar,63.24,JPY,86,13,active,active
Sakura House,both,Tokyo,JP,SKU-JP-00523,Arc Keyboard,Compact wireless keyboard,Northstar,65.35,JPY,327,16,active,active
Sakura House,both,Tokyo,JP,SKU-JP-00524,Solstice Clock,Minimal wall clock,Northstar,42.33,JPY,409,50,active,active
Sakura House,store,Tokyo,JP,SKU-JP-00525,Breeze Fan,Quiet rechargeable desk fan,Northstar,37.9,JPY,118,18,active,active
Sakura House,both,Tokyo,JP,SKU-JP-00526,Glide Mouse,Ergonomic wireless mouse,Northstar,35.54,JPY,169,10,inactive,active
Sakura House,online,Tokyo,JP,SKU-JP-00527,Lumen Charger,Multi-device charging hub,Northstar,33.61,JPY,340,22,active,active
Sakura House,both,Tokyo,JP,SKU-JP-00528,Mosaic Storage,Stackable storage box,Northstar,19.21,JPY,261,8,active,active
Sakura House,both,Tokyo,JP,SKU-JP-00529,Stone Coaster,Set of four stone coasters,Northstar,18.18,JPY,81,18,active,active
Sakura House,both,Tokyo,JP,SKU-JP-00530,Arc Keyboard,Compact wireless keyboard,Northstar,71.77,JPY,376,38,active,active
Sakura House,both,Tokyo,JP,SKU-JP-00531,Forest Flask,Vacuum insulated flask,Northstar,34.49,JPY,357,39,active,active
Sakura House,online,Tokyo,JP,SKU-JP-00532,River Journal,Lined journal with elastic closure,Northstar,14.64,JPY,342,9,active,active
Sakura House,online,Tokyo,JP,SKU-JP-00533,Stone Coaster,Set of four stone coasters,Northstar,14.78,JPY,272,19,active,active
Sakura House,online,Tokyo,JP,SKU-JP-00534,Breeze Fan,Quiet rechargeable desk fan,Northstar,39.34,JPY,52,2,active,active
Sakura House,both,Tokyo,JP,SKU-JP-00535,Vista Glasses,Blue-light computer glasses,Northstar,31.4,JPY,277,53,active,active
Sakura House,both,Tokyo,JP,SKU-JP-00536,Orbit Kettle,Precise pour-over kettle,Northstar,50.39,JPY,215,14,active,active
Sakura House,store,Tokyo,JP,SKU-JP-00537,Willow Tray,Bamboo serving tray,Northstar,28.16,JPY,352,43,active,active
Sakura House,both,Tokyo,JP,SKU-JP-00538,Mosaic Storage,Stackable storage box,Northstar,20.76,JPY,393,19,active,active
Sakura House,store,Tokyo,JP,SKU-JP-00539,Mosaic Storage,Stackable storage box,Northstar,18.78,JPY,317,6,active,active
Sakura House,both,Tokyo,JP,SKU-JP-00540,Iris Vase,Hand-finished ceramic vase,Northstar,38.1,JPY,376,58,active,draft
Sakura House,store,Tokyo,JP,SKU-JP-00541,Vista Glasses,Blue-light computer glasses,Northstar,32.01,JPY,193,0,active,active
Sakura House,both,Tokyo,JP,SKU-JP-00542,Forest Flask,Vacuum insulated flask,Northstar,36.38,JPY,170,13,active,active
Sakura House Shibuya,store,Tokyo,JP,SKU-JP-00543,Solstice Clock,Minimal wall clock,Northstar,47.14,JPY,262,9,active,active
Sakura House Shibuya,store,Tokyo,JP,SKU-JP-00544,Drift Mug,Double-wall ceramic travel mug,Northstar,16.0,JPY,289,24,active,active
Sakura House Shibuya,store,Tokyo,JP,SKU-JP-00545,Canyon Pack,Weather-resistant day pack,Northstar,88.47,JPY,177,25,active,active
Sakura House Shibuya,online,Tokyo,JP,SKU-JP-00546,Lark Speaker,Small room speaker,Northstar,52.81,JPY,144,27,active,active
Sakura House Shibuya,store,Tokyo,JP,SKU-JP-00547,Orbit Kettle,Precise pour-over kettle,Northstar,45.41,JPY,62,12,active,active
Sakura House Shibuya,store,Tokyo,JP,SKU-JP-00548,Dawn Mirror,Compact tabletop mirror,Northstar,26.73,JPY,40,5,active,active
Sakura House Shibuya,both,Tokyo,JP,SKU-JP-00549,Quartz Timer,Visual productivity timer,Northstar,19.92,JPY,20,0,active,active
Sakura House Shibuya,online,Tokyo,JP,SKU-JP-00550,Iris Vase,Hand-finished ceramic vase,Northstar,41.79,JPY,180,30,active,active
Sakura House Shibuya,online,Tokyo,JP,SKU-JP-00551,Cove Cushion,Textured decorative cushion,Northstar,25.29,JPY,272,60,active,active
Sakura House Shibuya,online,Tokyo,JP,SKU-JP-00552,Ember Thermos,Insulated beverage thermos,Northstar,32.99,JPY,316,13,inactive,active
Sakura House Shibuya,online,Tokyo,JP,SKU-JP-00553,Stone Coaster,Set of four stone coasters,Northstar,17.52,JPY,60,4,active,active
Sakura House Shibuya,both,Tokyo,JP,SKU-JP-00554,Elm Basket,Woven storage basket,Northstar,33.67,JPY,388,52,active,active
Sakura House Shibuya,store,Tokyo,JP,SKU-JP-00555,Lark Speaker,Small room speaker,Northstar,49.91,JPY,237,50,active,active
Sakura House Shibuya,both,Tokyo,JP,SKU-JP-00556,Elm Basket,Woven storage basket,Northstar,34.27,JPY,256,16,inactive,active
Sakura House Shibuya,store,Tokyo,JP,SKU-JP-00557,Beacon Dock,Desktop device dock,Northstar,56.61,JPY,300,6,active,active
Sakura House Shibuya,store,Tokyo,JP,SKU-JP-00558,Forest Flask,Vacuum insulated flask,Northstar,32.87,JPY,102,4,inactive,active
Sakura House Shibuya,online,Tokyo,JP,SKU-JP-00559,Olive Bottle,Glass bottle with silicone sleeve,Northstar,17.64,JPY,55,12,active,active
Sakura House Shibuya,online,Tokyo,JP,SKU-JP-00560,Cove Cushion,Textured decorative cushion,Northstar,23.77,JPY,267,45,active,active
Sakura House Shibuya,online,Tokyo,JP,SKU-JP-00561,Forest Flask,Vacuum insulated flask,Northstar,29.34,JPY,212,15,active,active
Sakura House Shibuya,both,Tokyo,JP,SKU-JP-00562,Cedar Organizer,Modular desktop organizer,Northstar,21.37,JPY,302,45,active,active
Sakura House Shibuya,store,Tokyo,JP,SKU-JP-00563,Halo Headphones,Wireless over-ear headphones,Northstar,97.31,JPY,371,23,active,active
Sakura House Shibuya,store,Tokyo,JP,SKU-JP-00564,Summit Bottle,Insulated stainless steel bottle,Northstar,28.17,JPY,223,5,active,active
Sakura House Shibuya,store,Tokyo,JP,SKU-JP-00565,Stone Coaster,Set of four stone coasters,Northstar,17.61,JPY,209,20,active,active
Sakura House Shibuya,store,Tokyo,JP,SKU-JP-00566,Nova Backpack,Lightweight everyday backpack,Northstar,78.38,JPY,401,40,active,active
Sakura House Shibuya,online,Tokyo,JP,SKU-JP-00567,Willow Tray,Bamboo serving tray,Northstar,26.82,JPY,96,7,active,active
Sakura House Shibuya,both,Tokyo,JP,SKU-JP-00568,Harbor Umbrella,Compact wind-resistant umbrella,Northstar,21.31,JPY,138,10,active,draft
Fuji Living,store,Osaka,JP,SKU-JP-00569,Canyon Pack,Weather-resistant day pack,Northstar,81.18,JPY,191,36,active,active
Fuji Living,online,Osaka,JP,SKU-JP-00570,Orbit Kettle,Precise pour-over kettle,Northstar,49.74,JPY,220,17,active,active
Fuji Living,both,Osaka,JP,SKU-JP-00571,Canvas Apron,Cotton utility apron,Northstar,30.05,JPY,174,41,inactive,active
Fuji Living,online,Osaka,JP,SKU-JP-00572,Elm Basket,Woven storage basket,Northstar,38.47,JPY,355,45,active,active
Fuji Living,both,Osaka,JP,SKU-JP-00573,Pulse Lamp,Compact adjustable desk lamp,Northstar,40.9,JPY,164,23,inactive,active
Fuji Living,online,Osaka,JP,SKU-JP-00574,Echo Speaker,Compact wireless speaker,Northstar,66.43,JPY,377,12,inactive,active
Fuji Living,both,Osaka,JP,SKU-JP-00575,Elm Basket,Woven storage basket,Northstar,33.1,JPY,65,0,active,active
Fuji Living,store,Osaka,JP,SKU-JP-00576,Elm Basket,Woven storage basket,Northstar,36.48,JPY,198,32,active,active
Fuji Living,both,Osaka,JP,SKU-JP-00577,Ember Thermos,Insulated beverage thermos,Northstar,40.33,JPY,40,8,active,draft
Fuji Living,online,Osaka,JP,SKU-JP-00578,Forest Flask,Vacuum insulated flask,Northstar,31.9,JPY,301,6,active,active
Fuji Living,both,Osaka,JP,SKU-JP-00579,Trail Lantern,Portable rechargeable lantern,Northstar,48.24,JPY,386,45,active,active
Fuji Living,store,Osaka,JP,SKU-JP-00580,Echo Speaker,Compact wireless speaker,Northstar,57.85,JPY,177,9,active,active
Fuji Living,both,Osaka,JP,SKU-JP-00581,Peak Timer,Digital kitchen timer,Northstar,11.95,JPY,405,41,active,active
Fuji Living,both,Osaka,JP,SKU-JP-00582,Solstice Clock,Minimal wall clock,Northstar,44.05,JPY,95,3,active,hidden
Fuji Living,both,Osaka,JP,SKU-JP-00583,Quartz Timer,Visual productivity timer,Northstar,22.96,JPY,257,18,active,active
Fuji Living,store,Osaka,JP,SKU-JP-00584,Quartz Timer,Visual productivity timer,Northstar,21.05,JPY,292,5,active,active
Fuji Living,store,Osaka,JP,SKU-JP-00585,Stone Coaster,Set of four stone coasters,Northstar,14.73,JPY,171,39,active,active
Fuji Living,both,Osaka,JP,SKU-JP-00586,Arc Keyboard,Compact wireless keyboard,Northstar,60.25,JPY,76,12,active,draft
Fuji Living,online,Osaka,JP,SKU-JP-00587,Cloud Blanket,Soft woven indoor blanket,Northstar,61.0,JPY,223,26,active,active
Fuji Living,online,Osaka,JP,SKU-JP-00588,Lumen Charger,Multi-device charging hub,Northstar,38.54,JPY,377,41,active,active
Fuji Living,both,Osaka,JP,SKU-JP-00589,River Journal,Lined journal with elastic closure,Northstar,12.67,JPY,247,44,active,active
Fuji Living,store,Osaka,JP,SKU-JP-00590,Echo Speaker,Compact wireless speaker,Northstar,70.95,JPY,238,26,active,active
Fuji Living,both,Osaka,JP,SKU-JP-00591,Peak Timer,Digital kitchen timer,Northstar,10.55,JPY,338,0,active,active
Fuji Living,store,Osaka,JP,SKU-JP-00592,Stone Coaster,Set of four stone coasters,Northstar,16.91,JPY,384,29,active,active
Fuji Living,online,Osaka,JP,SKU-JP-00593,Terra Planter,Minimal ceramic planter,Northstar,20.39,JPY,53,9,active,active
Fuji Living,online,Osaka,JP,SKU-JP-00594,Ember Thermos,Insulated beverage thermos,Northstar,35.75,JPY,313,22,active,active
Fuji Living,store,Osaka,JP,SKU-JP-00595,Aurora Scale,Digital kitchen scale,Northstar,25.08,JPY,186,33,active,active
Fuji Living,store,Osaka,JP,SKU-JP-00596,Olive Bottle,Glass bottle with silicone sleeve,Northstar,18.48,JPY,261,19,active,active
Fuji Living,online,Osaka,JP,SKU-JP-00597,Olive Bottle,Glass bottle with silicone sleeve,Northstar,17.76,JPY,230,50,active,active
Fuji Living,online,Osaka,JP,SKU-JP-00598,Elm Basket,Woven storage basket,Northstar,33.23,JPY,54,9,active,active
Fuji Living,both,Osaka,JP,SKU-JP-00599,Echo Speaker,Compact wireless speaker,Northstar,57.59,JPY,54,5,active,active
Fuji Living,both,Osaka,JP,SKU-JP-00600,Halo Headphones,Wireless over-ear headphones,Northstar,86.3,JPY,43,6,active,active
Fuji Living,both,Osaka,JP,SKU-JP-00601,Solstice Clock,Minimal wall clock,Northstar,45.98,JPY,315,23,active,active
Fuji Living,store,Osaka,JP,SKU-JP-00602,Glide Mouse,Ergonomic wireless mouse,Northstar,36.47,JPY,118,12,inactive,active
Fuji Living,online,Osaka,JP,SKU-JP-00603,Meadow Tote,Reusable cotton tote bag,Northstar,14.14,JPY,328,31,active,active
Alpine Haus,online,Berlin,DE,SKU-DE-00604,Canvas Apron,Cotton utility apron,Northstar,26.96,EUR,245,55,active,active
Alpine Haus,store,Berlin,DE,SKU-DE-00605,Elm Basket,Woven storage basket,Northstar,32.67,EUR,26,4,active,active
Alpine Haus,store,Berlin,DE,SKU-DE-00606,Elm Basket,Woven storage basket,Northstar,34.67,EUR,359,10,active,active
Alpine Haus,both,Berlin,DE,SKU-DE-00607,Cove Cushion,Textured decorative cushion,Northstar,25.23,EUR,413,32,active,active
Alpine Haus,both,Berlin,DE,SKU-DE-00608,Orbit Kettle,Precise pour-over kettle,Northstar,45.18,EUR,299,7,active,active
Alpine Haus,online,Berlin,DE,SKU-DE-00609,Trail Lantern,Portable rechargeable lantern,Northstar,50.83,EUR,345,32,active,active
Alpine Haus,both,Berlin,DE,SKU-DE-00610,Stone Coaster,Set of four stone coasters,Northstar,18.25,EUR,234,50,active,active
Alpine Haus,both,Berlin,DE,SKU-DE-00611,Arc Keyboard,Compact wireless keyboard,Northstar,76.28,EUR,334,57,active,active
Alpine Haus,both,Berlin,DE,SKU-DE-00612,Arc Keyboard,Compact wireless keyboard,Northstar,62.07,EUR,343,22,active,active
Alpine Haus,online,Berlin,DE,SKU-DE-00613,Canvas Apron,Cotton utility apron,Northstar,31.08,EUR,383,6,active,active
Alpine Haus,both,Berlin,DE,SKU-DE-00614,Vista Glasses,Blue-light computer glasses,Northstar,34.24,EUR,310,15,inactive,active
Alpine Haus,online,Berlin,DE,SKU-DE-00615,Cobalt Lunchbox,Insulated lunch container,Northstar,29.39,EUR,303,15,active,active
Alpine Haus,both,Berlin,DE,SKU-DE-00616,Forest Flask,Vacuum insulated flask,Northstar,30.36,EUR,380,54,active,draft
Alpine Haus,online,Berlin,DE,SKU-DE-00617,Stone Coaster,Set of four stone coasters,Northstar,18.06,EUR,48,9,active,active
Alpine Haus,both,Berlin,DE,SKU-DE-00618,Solstice Clock,Minimal wall clock,Northstar,39.66,EUR,155,38,active,active
Alpine Haus,store,Berlin,DE,SKU-DE-00619,Breeze Fan,Quiet rechargeable desk fan,Northstar,39.1,EUR,84,21,active,active
Alpine Haus,both,Berlin,DE,SKU-DE-00620,Canvas Apron,Cotton utility apron,Northstar,26.93,EUR,390,9,active,active
Alpine Haus,both,Berlin,DE,SKU-DE-00621,Peak Timer,Digital kitchen timer,Northstar,11.86,EUR,252,52,active,active
Alpine Haus,store,Berlin,DE,SKU-DE-00622,Elm Basket,Woven storage basket,Northstar,36.19,EUR,286,10,active,active
Alpine Haus,online,Berlin,DE,SKU-DE-00623,Beacon Dock,Desktop device dock,Northstar,55.66,EUR,171,25,discontinued,active
Alpine Haus,both,Berlin,DE,SKU-DE-00624,Cobalt Lunchbox,Insulated lunch container,Northstar,34.87,EUR,263,28,active,active
Alpine Haus,both,Berlin,DE,SKU-DE-00625,Ember Thermos,Insulated beverage thermos,Northstar,35.53,EUR,125,23,active,active
Alpine Haus,online,Berlin,DE,SKU-DE-00626,Arc Keyboard,Compact wireless keyboard,Northstar,70.43,EUR,415,29,active,active
Alpine Haus,both,Berlin,DE,SKU-DE-00627,Forge Pan,Non-stick everyday skillet,Northstar,58.94,EUR,358,11,active,active
Alpine Haus,both,Berlin,DE,SKU-DE-00628,Trail Lantern,Portable rechargeable lantern,Northstar,49.62,EUR,241,27,active,active
Alpine Haus,store,Berlin,DE,SKU-DE-00629,Quartz Timer,Visual productivity timer,Northstar,19.78,EUR,240,21,active,active
Alpine Haus,both,Berlin,DE,SKU-DE-00630,Willow Tray,Bamboo serving tray,Northstar,30.59,EUR,389,1,active,active
Alpine Haus,both,Berlin,DE,SKU-DE-00631,Halo Headphones,Wireless over-ear headphones,Northstar,97.42,EUR,394,1,active,active
Alpine Haus,store,Berlin,DE,SKU-DE-00632,Iris Vase,Hand-finished ceramic vase,Northstar,34.06,EUR,18,1,active,active
Alpine Haus,store,Berlin,DE,SKU-DE-00633,Iris Vase,Hand-finished ceramic vase,Northstar,37.95,EUR,251,29,active,active
Alpine Haus,both,Berlin,DE,SKU-DE-00634,Orbit Kettle,Precise pour-over kettle,Northstar,55.46,EUR,219,4,active,active
Alpine Haus,online,Berlin,DE,SKU-DE-00635,Breeze Fan,Quiet rechargeable desk fan,Northstar,38.28,EUR,273,4,active,active
Alpine Haus,online,Berlin,DE,SKU-DE-00636,Cobalt Lunchbox,Insulated lunch container,Northstar,35.3,EUR,224,51,active,active
Alpine Haus,both,Berlin,DE,SKU-DE-00637,Peak Timer,Digital kitchen timer,Northstar,11.09,EUR,237,21,active,active
Alpine Haus,both,Berlin,DE,SKU-DE-00638,Dawn Mirror,Compact tabletop mirror,Northstar,24.93,EUR,410,49,active,active
Alpine Haus,online,Berlin,DE,SKU-DE-00639,Quartz Timer,Visual productivity timer,Northstar,22.22,EUR,80,2,discontinued,active
Alpine Haus Mitte,store,Berlin,DE,SKU-DE-00640,Halo Headphones,Wireless over-ear headphones,Northstar,99.87,EUR,341,11,active,draft
Alpine Haus Mitte,both,Berlin,DE,SKU-DE-00641,Olive Bottle,Glass bottle with silicone sleeve,Northstar,22.27,EUR,372,3,active,active
Alpine Haus Mitte,both,Berlin,DE,SKU-DE-00642,Lumen Charger,Multi-device charging hub,Northstar,36.86,EUR,396,0,active,active
Alpine Haus Mitte,online,Berlin,DE,SKU-DE-00643,Cloud Blanket,Soft woven indoor blanket,Northstar,63.15,EUR,137,20,active,active
Alpine Haus Mitte,store,Berlin,DE,SKU-DE-00644,Canyon Pack,Weather-resistant day pack,Northstar,75.18,EUR,403,58,active,active
Alpine Haus Mitte,online,Berlin,DE,SKU-DE-00645,Vista Glasses,Blue-light computer glasses,Northstar,29.54,EUR,345,0,active,active
Alpine Haus Mitte,both,Berlin,DE,SKU-DE-00646,Atlas Notebook,Hardcover recycled paper notebook,Northstar,13.99,EUR,148,3,active,active
Alpine Haus Mitte,both,Berlin,DE,SKU-DE-00647,Olive Bottle,Glass bottle with silicone sleeve,Northstar,19.5,EUR,157,29,inactive,active
Alpine Haus Mitte,store,Berlin,DE,SKU-DE-00648,Harbor Umbrella,Compact wind-resistant umbrella,Northstar,24.25,EUR,199,23,active,active
Alpine Haus Mitte,store,Berlin,DE,SKU-DE-00649,Arc Keyboard,Compact wireless keyboard,Northstar,75.69,EUR,201,13,active,active
Alpine Haus Mitte,online,Berlin,DE,SKU-DE-00650,Lumen Charger,Multi-device charging hub,Northstar,33.62,EUR,57,7,active,active
Alpine Haus Mitte,online,Berlin,DE,SKU-DE-00651,Elm Basket,Woven storage basket,Northstar,37.56,EUR,217,30,active,active
Alpine Haus Mitte,online,Berlin,DE,SKU-DE-00652,Stone Coaster,Set of four stone coasters,Northstar,16.45,EUR,149,32,inactive,active
Alpine Haus Mitte,online,Berlin,DE,SKU-DE-00653,Orbit Kettle,Precise pour-over kettle,Northstar,55.56,EUR,139,1,active,active
Alpine Haus Mitte,online,Berlin,DE,SKU-DE-00654,Orbit Kettle,Precise pour-over kettle,Northstar,52.72,EUR,186,34,active,active
Alpine Haus Mitte,store,Berlin,DE,SKU-DE-00655,Terra Planter,Minimal ceramic planter,Northstar,18.77,EUR,180,18,active,active
Alpine Haus Mitte,store,Berlin,DE,SKU-DE-00656,Quartz Timer,Visual productivity timer,Northstar,21.85,EUR,17,3,inactive,active
Alpine Haus Mitte,store,Berlin,DE,SKU-DE-00657,Quartz Timer,Visual productivity timer,Northstar,23.51,EUR,314,53,active,active
Alpine Haus Mitte,both,Berlin,DE,SKU-DE-00658,Cobalt Lunchbox,Insulated lunch container,Northstar,30.08,EUR,241,19,active,active
Alpine Haus Mitte,store,Berlin,DE,SKU-DE-00659,Vista Glasses,Blue-light computer glasses,Northstar,32.9,EUR,99,7,active,active
Rhein & Co,both,Munich,DE,SKU-DE-00660,Quartz Timer,Visual productivity timer,Northstar,21.16,EUR,324,8,active,active
Rhein & Co,store,Munich,DE,SKU-DE-00661,Meadow Tote,Reusable cotton tote bag,Northstar,18.41,EUR,35,5,active,active
Rhein & Co,store,Munich,DE,SKU-DE-00662,Vista Glasses,Blue-light computer glasses,Northstar,31.91,EUR,140,23,active,active
Rhein & Co,store,Munich,DE,SKU-DE-00663,Cobalt Lunchbox,Insulated lunch container,Northstar,30.57,EUR,314,60,active,active
Rhein & Co,online,Munich,DE,SKU-DE-00664,Atlas Notebook,Hardcover recycled paper notebook,Northstar,11.99,EUR,396,9,active,active
Rhein & Co,both,Munich,DE,SKU-DE-00665,Meadow Tote,Reusable cotton tote bag,Northstar,16.43,EUR,234,28,active,draft
Rhein & Co,both,Munich,DE,SKU-DE-00666,Cobalt Lunchbox,Insulated lunch container,Northstar,32.82,EUR,343,6,active,active
Rhein & Co,online,Munich,DE,SKU-DE-00667,Cobalt Lunchbox,Insulated lunch container,Northstar,31.2,EUR,64,5,active,active
Rhein & Co,online,Munich,DE,SKU-DE-00668,Cobalt Lunchbox,Insulated lunch container,Northstar,29.79,EUR,222,33,active,active
Rhein & Co,online,Munich,DE,SKU-DE-00669,Beacon Dock,Desktop device dock,Northstar,63.74,EUR,276,22,active,active
Rhein & Co,store,Munich,DE,SKU-DE-00670,Trail Lantern,Portable rechargeable lantern,Northstar,52.47,EUR,178,36,inactive,active
Rhein & Co,store,Munich,DE,SKU-DE-00671,Beacon Dock,Desktop device dock,Northstar,57.48,EUR,118,18,active,active
Rhein & Co,online,Munich,DE,SKU-DE-00672,Forge Pan,Non-stick everyday skillet,Northstar,52.81,EUR,256,58,inactive,active
Rhein & Co,store,Munich,DE,SKU-DE-00673,Ember Thermos,Insulated beverage thermos,Northstar,39.65,EUR,339,58,active,active
Rhein & Co,store,Munich,DE,SKU-DE-00674,Trail Lantern,Portable rechargeable lantern,Northstar,52.24,EUR,334,3,active,active
Rhein & Co,both,Munich,DE,SKU-DE-00675,Cobalt Lunchbox,Insulated lunch container,Northstar,30.45,EUR,182,19,active,active
Rhein & Co,online,Munich,DE,SKU-DE-00676,Olive Bottle,Glass bottle with silicone sleeve,Northstar,21.17,EUR,213,38,active,active
Rhein & Co,both,Munich,DE,SKU-DE-00677,Drift Mug,Double-wall ceramic travel mug,Northstar,20.71,EUR,316,47,active,active
Rhein & Co,online,Munich,DE,SKU-DE-00678,Stone Coaster,Set of four stone coasters,Northstar,16.0,EUR,90,16,active,active
Rhein & Co,store,Munich,DE,SKU-DE-00679,Cobalt Lunchbox,Insulated lunch container,Northstar,33.52,EUR,227,18,inactive,active
Rhein & Co,store,Munich,DE,SKU-DE-00680,Echo Speaker,Compact wireless speaker,Northstar,71.66,EUR,251,23,active,active
Rhein & Co,both,Munich,DE,SKU-DE-00681,Forge Pan,Non-stick everyday skillet,Northstar,49.75,EUR,233,10,active,active
Rhein & Co,both,Munich,DE,SKU-DE-00682,Aurora Scale,Digital kitchen scale,Northstar,25.81,EUR,405,10,inactive,active
Rhein & Co,store,Munich,DE,SKU-DE-00683,Forest Flask,Vacuum insulated flask,Northstar,38.22,EUR,240,55,active,active
Rhein & Co,store,Munich,DE,SKU-DE-00684,Vista Glasses,Blue-light computer glasses,Northstar,34.48,EUR,14,2,active,draft
Rhein & Co,online,Munich,DE,SKU-DE-00685,Forest Flask,Vacuum insulated flask,Northstar,31.14,EUR,174,39,discontinued,active
Rhein & Co,both,Munich,DE,SKU-DE-00686,Willow Tray,Bamboo serving tray,Northstar,30.74,EUR,226,2,active,active
Rhein & Co,online,Munich,DE,SKU-DE-00687,Beacon Dock,Desktop device dock,Northstar,59.41,EUR,80,0,active,active
Rhein & Co,both,Munich,DE,SKU-DE-00688,Vista Glasses,Blue-light computer glasses,Northstar,34.23,EUR,329,9,active,active
Rhein & Co,online,Munich,DE,SKU-DE-00689,Elm Basket,Woven storage basket,Northstar,36.36,EUR,71,11,active,active
Luna Mercado,online,Madrid,ES,SKU-ES-00690,Cedar Organizer,Modular desktop organizer,Northstar,28.09,EUR,86,10,active,active
Luna Mercado,store,Madrid,ES,SKU-ES-00691,Breeze Fan,Quiet rechargeable desk fan,Northstar,38.12,EUR,358,50,active,active
Luna Mercado,both,Madrid,ES,SKU-ES-00692,Beacon Dock,Desktop device dock,Northstar,52.91,EUR,102,17,active,active
Luna Mercado,both,Madrid,ES,SKU-ES-00693,Echo Speaker,Compact wireless speaker,Northstar,61.31,EUR,96,10,active,active
Luna Mercado,online,Madrid,ES,SKU-ES-00694,Glide Mouse,Ergonomic wireless mouse,Northstar,40.2,EUR,397,38,active,active
Luna Mercado,both,Madrid,ES,SKU-ES-00695,Lark Speaker,Small room speaker,Northstar,52.8,EUR,303,11,active,active
Luna Mercado,both,Madrid,ES,SKU-ES-00696,Drift Mug,Double-wall ceramic travel mug,Northstar,19.78,EUR,285,5,active,active
Luna Mercado,both,Madrid,ES,SKU-ES-00697,Olive Bottle,Glass bottle with silicone sleeve,Northstar,22.57,EUR,303,24,discontinued,active
Luna Mercado,online,Madrid,ES,SKU-ES-00698,Drift Mug,Double-wall ceramic travel mug,Northstar,19.58,EUR,243,17,inactive,active
Luna Mercado,online,Madrid,ES,SKU-ES-00699,Cove Cushion,Textured decorative cushion,Northstar,26.48,EUR,40,4,active,active
Luna Mercado,both,Madrid,ES,SKU-ES-00700,Breeze Fan,Quiet rechargeable desk fan,Northstar,35.27,EUR,302,39,active,active
Luna Mercado,online,Madrid,ES,SKU-ES-00701,Harbor Umbrella,Compact wind-resistant umbrella,Northstar,25.12,EUR,21,1,active,active
Luna Mercado,online,Madrid,ES,SKU-ES-00702,Willow Tray,Bamboo serving tray,Northstar,32.77,EUR,348,3,active,active
Luna Mercado,store,Madrid,ES,SKU-ES-00703,Olive Bottle,Glass bottle with silicone sleeve,Northstar,18.02,EUR,33,5,active,active
Luna Mercado,online,Madrid,ES,SKU-ES-00704,Trail Lantern,Portable rechargeable lantern,Northstar,41.18,EUR,39,3,active,active
Luna Mercado,online,Madrid,ES,SKU-ES-00705,Aurora Scale,Digital kitchen scale,Northstar,26.97,EUR,9,0,active,active
Luna Mercado,store,Madrid,ES,SKU-ES-00706,Terra Planter,Minimal ceramic planter,Northstar,20.93,EUR,34,7,active,active
Luna Mercado,both,Madrid,ES,SKU-ES-00707,Stone Coaster,Set of four stone coasters,Northstar,18.56,EUR,166,20,active,active
Luna Mercado,store,Madrid,ES,SKU-ES-00708,Mosaic Storage,Stackable storage box,Northstar,19.6,EUR,397,12,active,active
Luna Mercado,online,Madrid,ES,SKU-ES-00709,Atlas Notebook,Hardcover recycled paper notebook,Northstar,13.44,EUR,116,3,active,active
Luna Mercado,both,Madrid,ES,SKU-ES-00710,Meadow Tote,Reusable cotton tote bag,Northstar,18.29,EUR,225,24,inactive,active
Luna Mercado,store,Madrid,ES,SKU-ES-00711,Mosaic Storage,Stackable storage box,Northstar,20.64,EUR,288,34,active,active
Luna Mercado,online,Madrid,ES,SKU-ES-00712,Canvas Apron,Cotton utility apron,Northstar,31.24,EUR,331,21,active,active
Luna Mercado,online,Madrid,ES,SKU-ES-00713,Olive Bottle,Glass bottle with silicone sleeve,Northstar,21.09,EUR,134,19,discontinued,active
Luna Mercado,store,Madrid,ES,SKU-ES-00714,River Journal,Lined journal with elastic closure,Northstar,14.61,EUR,326,33,active,active
Luna Mercado,store,Madrid,ES,SKU-ES-00715,Vista Glasses,Blue-light computer glasses,Northstar,36.46,EUR,187,9,active,active
Luna Mercado,store,Madrid,ES,SKU-ES-00716,Dawn Mirror,Compact tabletop mirror,Northstar,28.68,EUR,158,31,active,active
Luna Mercado,store,Madrid,ES,SKU-ES-00717,Beacon Dock,Desktop device dock,Northstar,59.12,EUR,10,0,active,active
Luna Mercado,online,Madrid,ES,SKU-ES-00718,Harbor Umbrella,Compact wind-resistant umbrella,Northstar,25.77,EUR,410,36,active,active
Luna Mercado,online,Madrid,ES,SKU-ES-00719,Dawn Mirror,Compact tabletop mirror,Northstar,23.32,EUR,115,17,active,active
Luna Mercado,both,Madrid,ES,SKU-ES-00720,Canvas Apron,Cotton utility apron,Northstar,25.54,EUR,287,37,active,draft
Luna Mercado,store,Madrid,ES,SKU-ES-00721,Harbor Umbrella,Compact wind-resistant umbrella,Northstar,25.76,EUR,182,18,active,active
Luna Mercado,both,Madrid,ES,SKU-ES-00722,Cedar Organizer,Modular desktop organizer,Northstar,24.34,EUR,187,36,active,active
Luna Mercado Centro,store,Madrid,ES,SKU-ES-00723,Willow Tray,Bamboo serving tray,Northstar,29.44,EUR,13,1,active,active
Luna Mercado Centro,store,Madrid,ES,SKU-ES-00724,Aurora Scale,Digital kitchen scale,Northstar,24.35,EUR,117,5,active,active
Luna Mercado Centro,online,Madrid,ES,SKU-ES-00725,Cloud Blanket,Soft woven indoor blanket,Northstar,53.81,EUR,301,33,active,active
Luna Mercado Centro,both,Madrid,ES,SKU-ES-00726,Echo Speaker,Compact wireless speaker,Northstar,65.22,EUR,67,10,active,active
Luna Mercado Centro,both,Madrid,ES,SKU-ES-00727,Cove Cushion,Textured decorative cushion,Northstar,26.55,EUR,221,36,inactive,active
Luna Mercado Centro,store,Madrid,ES,SKU-ES-00728,Mosaic Storage,Stackable storage box,Northstar,20.59,EUR,340,22,active,active
Luna Mercado Centro,store,Madrid,ES,SKU-ES-00729,Stone Coaster,Set of four stone coasters,Northstar,17.83,EUR,399,13,active,active
Luna Mercado Centro,both,Madrid,ES,SKU-ES-00730,Quartz Timer,Visual productivity timer,Northstar,20.77,EUR,30,2,active,active
Luna Mercado Centro,both,Madrid,ES,SKU-ES-00731,Forest Flask,Vacuum insulated flask,Northstar,34.33,EUR,274,48,active,draft
Luna Mercado Centro,both,Madrid,ES,SKU-ES-00732,River Journal,Lined journal with elastic closure,Northstar,15.4,EUR,283,21,active,active
Luna Mercado Centro,store,Madrid,ES,SKU-ES-00733,Dawn Mirror,Compact tabletop mirror,Northstar,27.83,EUR,270,37,inactive,active
Luna Mercado Centro,store,Madrid,ES,SKU-ES-00734,Cloud Blanket,Soft woven indoor blanket,Northstar,64.1,EUR,272,46,active,active
Luna Mercado Centro,both,Madrid,ES,SKU-ES-00735,Canvas Apron,Cotton utility apron,Northstar,27.27,EUR,286,54,active,active
Luna Mercado Centro,store,Madrid,ES,SKU-ES-00736,Orbit Kettle,Precise pour-over kettle,Northstar,52.44,EUR,145,29,active,active
Luna Mercado Centro,both,Madrid,ES,SKU-ES-00737,Cobalt Lunchbox,Insulated lunch container,Northstar,33.69,EUR,306,10,active,active
Luna Mercado Centro,online,Madrid,ES,SKU-ES-00738,Beacon Dock,Desktop device dock,Northstar,62.93,EUR,110,25,active,active
Luna Mercado Centro,store,Madrid,ES,SKU-ES-00739,Cloud Blanket,Soft woven indoor blanket,Northstar,55.46,EUR,344,1,active,active
Luna Mercado Centro,both,Madrid,ES,SKU-ES-00740,Stone Coaster,Set of four stone coasters,Northstar,18.59,EUR,116,8,active,active
Luna Mercado Centro,online,Madrid,ES,SKU-ES-00741,Orbit Kettle,Precise pour-over kettle,Northstar,48.77,EUR,117,19,active,active
Luna Mercado Centro,both,Madrid,ES,SKU-ES-00742,Cloud Blanket,Soft woven indoor blanket,Northstar,61.76,EUR,388,29,active,active
Luna Mercado Centro,store,Madrid,ES,SKU-ES-00743,Atlas Notebook,Hardcover recycled paper notebook,Northstar,13.53,EUR,230,27,inactive,draft
Casa Verde,store,Sao Paulo,BR,SKU-BR-00744,Canyon Pack,Weather-resistant day pack,Northstar,81.65,BRL,98,14,active,active
Casa Verde,online,Sao Paulo,BR,SKU-BR-00745,Olive Bottle,Glass bottle with silicone sleeve,Northstar,22.65,BRL,186,15,discontinued,active
Casa Verde,online,Sao Paulo,BR,SKU-BR-00746,Atlas Notebook,Hardcover recycled paper notebook,Northstar,12.34,BRL,416,50,active,draft
Casa Verde,both,Sao Paulo,BR,SKU-BR-00747,Cove Cushion,Textured decorative cushion,Northstar,32.66,BRL,373,37,discontinued,active
Casa Verde,online,Sao Paulo,BR,SKU-BR-00748,Mosaic Storage,Stackable storage box,Northstar,22.47,BRL,298,56,active,active
Casa Verde,online,Sao Paulo,BR,SKU-BR-00749,Pulse Lamp,Compact adjustable desk lamp,Northstar,50.39,BRL,60,11,active,active
Casa Verde,store,Sao Paulo,BR,SKU-BR-00750,Peak Timer,Digital kitchen timer,Northstar,11.11,BRL,80,17,active,active
Casa Verde,store,Sao Paulo,BR,SKU-BR-00751,Stone Coaster,Set of four stone coasters,Northstar,18.63,BRL,63,11,active,active
Casa Verde,both,Sao Paulo,BR,SKU-BR-00752,Stone Coaster,Set of four stone coasters,Northstar,17.59,BRL,196,47,active,active
Casa Verde,both,Sao Paulo,BR,SKU-BR-00753,Orbit Kettle,Precise pour-over kettle,Northstar,52.69,BRL,367,15,active,active
Casa Verde,both,Sao Paulo,BR,SKU-BR-00754,Lark Speaker,Small room speaker,Northstar,54.74,BRL,413,25,active,hidden
Casa Verde,online,Sao Paulo,BR,SKU-BR-00755,Halo Headphones,Wireless over-ear headphones,Northstar,86.03,BRL,167,38,active,hidden
Casa Verde,both,Sao Paulo,BR,SKU-BR-00756,Echo Speaker,Compact wireless speaker,Northstar,69.93,BRL,234,29,active,active
Casa Verde,store,Sao Paulo,BR,SKU-BR-00757,Olive Bottle,Glass bottle with silicone sleeve,Northstar,19.77,BRL,72,17,active,active
Casa Verde,online,Sao Paulo,BR,SKU-BR-00758,Aurora Scale,Digital kitchen scale,Northstar,29.36,BRL,354,29,active,active
Casa Verde,both,Sao Paulo,BR,SKU-BR-00759,Elm Basket,Woven storage basket,Northstar,40.28,BRL,359,19,active,active
Casa Verde,store,Sao Paulo,BR,SKU-BR-00760,Atlas Notebook,Hardcover recycled paper notebook,Northstar,14.13,BRL,284,53,active,active
Casa Verde,store,Sao Paulo,BR,SKU-BR-00761,Canyon Pack,Weather-resistant day pack,Northstar,99.43,BRL,254,43,active,active
Casa Verde,store,Sao Paulo,BR,SKU-BR-00762,Forge Pan,Non-stick everyday skillet,Northstar,55.67,BRL,68,2,active,active
Casa Verde,store,Sao Paulo,BR,SKU-BR-00763,Terra Planter,Minimal ceramic planter,Northstar,24.59,BRL,289,3,active,active
Casa Verde,online,Sao Paulo,BR,SKU-BR-00764,Lark Speaker,Small room speaker,Northstar,62.13,BRL,120,28,inactive,active
Casa Verde,store,Sao Paulo,BR,SKU-BR-00765,Forest Flask,Vacuum insulated flask,Northstar,34.35,BRL,416,34,active,active
Casa Verde,online,Sao Paulo,BR,SKU-BR-00766,Cobalt Lunchbox,Insulated lunch container,Northstar,30.59,BRL,141,34,active,active
Casa Verde,online,Sao Paulo,BR,SKU-BR-00767,Nova Backpack,Lightweight everyday backpack,Northstar,90.19,BRL,156,16,active,active
Casa Verde,both,Sao Paulo,BR,SKU-BR-00768,Elm Basket,Woven storage basket,Northstar,40.48,BRL,341,44,active,active
Casa Verde,online,Sao Paulo,BR,SKU-BR-00769,Arc Keyboard,Compact wireless keyboard,Northstar,67.69,BRL,420,0,active,active
Casa Verde,both,Sao Paulo,BR,SKU-BR-00770,Ember Thermos,Insulated beverage thermos,Northstar,41.04,BRL,90,14,active,active
Casa Verde,online,Sao Paulo,BR,SKU-BR-00771,Cloud Blanket,Soft woven indoor blanket,Northstar,61.83,BRL,402,13,active,active
Casa Verde,online,Sao Paulo,BR,SKU-BR-00772,Meadow Tote,Reusable cotton tote bag,Northstar,18.55,BRL,170,12,active,active
Casa Verde,store,Sao Paulo,BR,SKU-BR-00773,Aurora Scale,Digital kitchen scale,Northstar,24.29,BRL,195,15,active,active
Casa Verde Paulista,both,Sao Paulo,BR,SKU-BR-00774,Lumen Charger,Multi-device charging hub,Northstar,36.35,BRL,162,17,active,active
Casa Verde Paulista,both,Sao Paulo,BR,SKU-BR-00775,Ember Thermos,Insulated beverage thermos,Northstar,36.8,BRL,219,47,active,active
Casa Verde Paulista,both,Sao Paulo,BR,SKU-BR-00776,Harbor Umbrella,Compact wind-resistant umbrella,Northstar,22.17,BRL,363,56,active,active
Casa Verde Paulista,both,Sao Paulo,BR,SKU-BR-00777,Lark Speaker,Small room speaker,Northstar,49.64,BRL,177,36,active,active
Casa Verde Paulista,store,Sao Paulo,BR,SKU-BR-00778,Atlas Notebook,Hardcover recycled paper notebook,Northstar,15.26,BRL,51,3,active,active
Casa Verde Paulista,online,Sao Paulo,BR,SKU-BR-00779,Meadow Tote,Reusable cotton tote bag,Northstar,17.81,BRL,367,2,active,active
Casa Verde Paulista,both,Sao Paulo,BR,SKU-BR-00780,Aurora Scale,Digital kitchen scale,Northstar,27.31,BRL,250,26,active,active
Casa Verde Paulista,store,Sao Paulo,BR,SKU-BR-00781,Cedar Organizer,Modular desktop organizer,Northstar,27.2,BRL,271,3,inactive,active
Casa Verde Paulista,both,Sao Paulo,BR,SKU-BR-00782,Glide Mouse,Ergonomic wireless mouse,Northstar,45.35,BRL,400,16,active,active
Casa Verde Paulista,store,Sao Paulo,BR,SKU-BR-00783,Cedar Organizer,Modular desktop organizer,Northstar,27.31,BRL,414,53,active,draft
Casa Verde Paulista,both,Sao Paulo,BR,SKU-BR-00784,Stone Coaster,Set of four stone coasters,Northstar,20.16,BRL,408,32,active,active
Casa Verde Paulista,store,Sao Paulo,BR,SKU-BR-00785,Dawn Mirror,Compact tabletop mirror,Northstar,26.45,BRL,321,34,active,active
Casa Verde Paulista,store,Sao Paulo,BR,SKU-BR-00786,Lumen Charger,Multi-device charging hub,Northstar,42.17,BRL,269,13,active,active
Casa Verde Paulista,online,Sao Paulo,BR,SKU-BR-00787,Arc Keyboard,Compact wireless keyboard,Northstar,75.73,BRL,81,15,active,active
Casa Verde Paulista,both,Sao Paulo,BR,SKU-BR-00788,Peak Timer,Digital kitchen timer,Northstar,12.61,BRL,112,26,active,draft
Casa Verde Paulista,store,Sao Paulo,BR,SKU-BR-00789,Cove Cushion,Textured decorative cushion,Northstar,28.59,BRL,38,6,active,draft
Casa Verde Paulista,store,Sao Paulo,BR,SKU-BR-00790,Quartz Timer,Visual productivity timer,Northstar,25.77,BRL,43,10,active,active
Casa Verde Paulista,online,Sao Paulo,BR,SKU-BR-00791,Forge Pan,Non-stick everyday skillet,Northstar,53.46,BRL,349,17,active,active
Casa Verde Paulista,online,Sao Paulo,BR,SKU-BR-00792,Canyon Pack,Weather-resistant day pack,Northstar,95.07,BRL,339,41,active,active
Casa Verde Paulista,online,Sao Paulo,BR,SKU-BR-00793,River Journal,Lined journal with elastic closure,Northstar,14.88,BRL,308,8,inactive,active
Casa Verde Paulista,store,Sao Paulo,BR,SKU-BR-00794,Glide Mouse,Ergonomic wireless mouse,Northstar,47.79,BRL,174,3,active,active
Casa Verde Paulista,online,Sao Paulo,BR,SKU-BR-00795,Iris Vase,Hand-finished ceramic vase,Northstar,39.6,BRL,390,1,active,draft
Casa Verde Paulista,both,Sao Paulo,BR,SKU-BR-00796,Atlas Notebook,Hardcover recycled paper notebook,Northstar,12.42,BRL,97,3,active,active
Casa Verde Paulista,both,Sao Paulo,BR,SKU-BR-00797,Forest Flask,Vacuum insulated flask,Northstar,37.45,BRL,55,13,active,active
Casa Verde Paulista,online,Sao Paulo,BR,SKU-BR-00798,Peak Timer,Digital kitchen timer,Northstar,13.32,BRL,79,18,active,active
Casa Verde Paulista,store,Sao Paulo,BR,SKU-BR-00799,Lumen Charger,Multi-device charging hub,Northstar,41.04,BRL,357,38,active,active
Casa Verde Paulista,both,Sao Paulo,BR,SKU-BR-00800,Lark Speaker,Small room speaker,Northstar,50.55,BRL,172,41,active,draft
Casa Verde Paulista,both,Sao Paulo,BR,SKU-BR-00801,Olive Bottle,Glass bottle with silicone sleeve,Northstar,20.41,BRL,22,0,active,active
Casa Verde Paulista,online,Sao Paulo,BR,SKU-BR-00802,Halo Headphones,Wireless over-ear headphones,Northstar,96.99,BRL,373,18,active,active
Casa Verde Paulista,both,Sao Paulo,BR,SKU-BR-00803,Drift Mug,Double-wall ceramic travel mug,Northstar,17.53,BRL,363,36,active,active
Casa Verde Paulista,both,Sao Paulo,BR,SKU-BR-00804,Canvas Apron,Cotton utility apron,Northstar,32.71,BRL,183,9,active,active
Casa Verde Paulista,store,Sao Paulo,BR,SKU-BR-00805,Glide Mouse,Ergonomic wireless mouse,Northstar,45.55,BRL,17,4,active,active
Casa Verde Paulista,online,Sao Paulo,BR,SKU-BR-00806,Trail Lantern,Portable rechargeable lantern,Northstar,44.7,BRL,47,1,inactive,active
Casa Verde Paulista,store,Sao Paulo,BR,SKU-BR-00807,Glide Mouse,Ergonomic wireless mouse,Northstar,39.9,BRL,129,2,active,active
Casa Verde Paulista,online,Sao Paulo,BR,SKU-BR-00808,Halo Headphones,Wireless over-ear headphones,Northstar,89.2,BRL,18,4,inactive,active
Casa Verde Paulista,online,Sao Paulo,BR,SKU-BR-00809,Glide Mouse,Ergonomic wireless mouse,Northstar,48.14,BRL,386,47,active,active
Casa Verde Paulista,online,Sao Paulo,BR,SKU-BR-00810,Quartz Timer,Visual productivity timer,Northstar,26.77,BRL,235,52,active,active
Casa Verde Paulista,store,Sao Paulo,BR,SKU-BR-00811,Harbor Umbrella,Compact wind-resistant umbrella,Northstar,25.83,BRL,37,4,active,active
Southern Cross Goods,store,Sydney,AU,SKU-AU-00812,Canvas Apron,Cotton utility apron,Northstar,26.45,AUD,393,1,active,hidden
Southern Cross Goods,both,Sydney,AU,SKU-AU-00813,Harbor Umbrella,Compact wind-resistant umbrella,Northstar,25.37,AUD,216,40,discontinued,active
Southern Cross Goods,both,Sydney,AU,SKU-AU-00814,Quartz Timer,Visual productivity timer,Northstar,24.45,AUD,235,42,active,active
Southern Cross Goods,both,Sydney,AU,SKU-AU-00815,Orbit Kettle,Precise pour-over kettle,Northstar,57.06,AUD,143,15,active,active
Southern Cross Goods,both,Sydney,AU,SKU-AU-00816,Canvas Apron,Cotton utility apron,Northstar,30.48,AUD,397,31,active,active
Southern Cross Goods,online,Sydney,AU,SKU-AU-00817,Aurora Scale,Digital kitchen scale,Northstar,29.42,AUD,251,53,active,active
Southern Cross Goods,both,Sydney,AU,SKU-AU-00818,Cloud Blanket,Soft woven indoor blanket,Northstar,56.07,AUD,165,34,active,active
Southern Cross Goods,online,Sydney,AU,SKU-AU-00819,Breeze Fan,Quiet rechargeable desk fan,Northstar,36.29,AUD,205,45,inactive,active
Southern Cross Goods,online,Sydney,AU,SKU-AU-00820,Pulse Lamp,Compact adjustable desk lamp,Northstar,49.43,AUD,155,16,inactive,draft
Southern Cross Goods,online,Sydney,AU,SKU-AU-00821,Canvas Apron,Cotton utility apron,Northstar,30.98,AUD,238,5,active,active
Southern Cross Goods,online,Sydney,AU,SKU-AU-00822,River Journal,Lined journal with elastic closure,Northstar,15.4,AUD,284,53,active,draft
Southern Cross Goods,online,Sydney,AU,SKU-AU-00823,Cobalt Lunchbox,Insulated lunch container,Northstar,30.44,AUD,388,57,inactive,active
Southern Cross Goods,both,Sydney,AU,SKU-AU-00824,Arc Keyboard,Compact wireless keyboard,Northstar,74.3,AUD,390,30,active,active
Southern Cross Goods,both,Sydney,AU,SKU-AU-00825,Peak Timer,Digital kitchen timer,Northstar,13.61,AUD,341,43,active,active
Southern Cross Goods,both,Sydney,AU,SKU-AU-00826,Nova Backpack,Lightweight everyday backpack,Northstar,71.39,AUD,56,7,active,active
Southern Cross Goods,online,Sydney,AU,SKU-AU-00827,Nova Backpack,Lightweight everyday backpack,Northstar,82.48,AUD,148,10,active,active
Southern Cross Goods,both,Sydney,AU,SKU-AU-00828,Drift Mug,Double-wall ceramic travel mug,Northstar,21.59,AUD,13,3,active,active
Southern Cross Goods,online,Sydney,AU,SKU-AU-00829,Beacon Dock,Desktop device dock,Northstar,64.09,AUD,318,10,active,active
Southern Cross Goods,store,Sydney,AU,SKU-AU-00830,Ember Thermos,Insulated beverage thermos,Northstar,39.23,AUD,380,2,active,active
Southern Cross Goods,online,Sydney,AU,SKU-AU-00831,Lark Speaker,Small room speaker,Northstar,59.5,AUD,172,5,active,hidden
Southern Cross Goods,store,Sydney,AU,SKU-AU-00832,Dawn Mirror,Compact tabletop mirror,Northstar,30.17,AUD,175,30,active,active
Southern Cross Goods,online,Sydney,AU,SKU-AU-00833,Quartz Timer,Visual productivity timer,Northstar,25.22,AUD,138,6,active,active
Southern Cross Goods,online,Sydney,AU,SKU-AU-00834,Peak Timer,Digital kitchen timer,Northstar,10.95,AUD,386,56,active,active
Southern Cross Goods,store,Sydney,AU,SKU-AU-00835,Olive Bottle,Glass bottle with silicone sleeve,Northstar,19.89,AUD,351,25,active,active
Southern Cross Goods,both,Sydney,AU,SKU-AU-00836,Atlas Notebook,Hardcover recycled paper notebook,Northstar,12.69,AUD,392,53,active,active
Southern Cross Goods,online,Sydney,AU,SKU-AU-00837,Glide Mouse,Ergonomic wireless mouse,Northstar,44.88,AUD,27,2,active,active
Southern Cross Goods,both,Sydney,AU,SKU-AU-00838,Forest Flask,Vacuum insulated flask,Northstar,34.09,AUD,242,7,active,active
Southern Cross Goods,store,Sydney,AU,SKU-AU-00839,Mosaic Storage,Stackable storage box,Northstar,20.06,AUD,229,24,active,active
Southern Cross Goods,store,Sydney,AU,SKU-AU-00840,Ember Thermos,Insulated beverage thermos,Northstar,40.07,AUD,314,41,active,active
Southern Cross Goods,online,Sydney,AU,SKU-AU-00841,Dawn Mirror,Compact tabletop mirror,Northstar,29.09,AUD,396,14,active,active
Southern Cross Goods,both,Sydney,AU,SKU-AU-00842,Summit Bottle,Insulated stainless steel bottle,Northstar,31.06,AUD,250,50,active,active
Southern Cross Goods,online,Sydney,AU,SKU-AU-00843,Cedar Organizer,Modular desktop organizer,Northstar,24.25,AUD,90,14,active,active
Southern Cross Goods,store,Sydney,AU,SKU-AU-00844,Willow Tray,Bamboo serving tray,Northstar,30.16,AUD,415,3,active,active
Southern Cross Goods,store,Sydney,AU,SKU-AU-00845,Atlas Notebook,Hardcover recycled paper notebook,Northstar,15.22,AUD,184,21,active,active
Southern Cross Goods,store,Sydney,AU,SKU-AU-00846,Trail Lantern,Portable rechargeable lantern,Northstar,50.88,AUD,39,7,active,active
Southern Cross Goods,both,Sydney,AU,SKU-AU-00847,Elm Basket,Woven storage basket,Northstar,42.3,AUD,264,43,active,active
Southern Cross Goods,both,Sydney,AU,SKU-AU-00848,Elm Basket,Woven storage basket,Northstar,34.32,AUD,250,3,active,active
Southern Cross Goods East,both,Sydney,AU,SKU-AU-00849,Orbit Kettle,Precise pour-over kettle,Northstar,50.2,AUD,54,8,active,active
Southern Cross Goods East,store,Sydney,AU,SKU-AU-00850,Willow Tray,Bamboo serving tray,Northstar,33.92,AUD,290,32,active,active
Southern Cross Goods East,store,Sydney,AU,SKU-AU-00851,Vista Glasses,Blue-light computer glasses,Northstar,38.04,AUD,276,46,active,active
Southern Cross Goods East,both,Sydney,AU,SKU-AU-00852,Breeze Fan,Quiet rechargeable desk fan,Northstar,43.04,AUD,52,7,active,active
Southern Cross Goods East,both,Sydney,AU,SKU-AU-00853,Orbit Kettle,Precise pour-over kettle,Northstar,47.66,AUD,58,0,active,active
Southern Cross Goods East,store,Sydney,AU,SKU-AU-00854,Cedar Organizer,Modular desktop organizer,Northstar,23.37,AUD,249,27,active,active
Southern Cross Goods East,store,Sydney,AU,SKU-AU-00855,Forge Pan,Non-stick everyday skillet,Northstar,51.62,AUD,403,7,active,active
Southern Cross Goods East,store,Sydney,AU,SKU-AU-00856,Terra Planter,Minimal ceramic planter,Northstar,24.75,AUD,181,35,active,active
Southern Cross Goods East,both,Sydney,AU,SKU-AU-00857,Halo Headphones,Wireless over-ear headphones,Northstar,87.03,AUD,207,43,active,active
Southern Cross Goods East,online,Sydney,AU,SKU-AU-00858,Halo Headphones,Wireless over-ear headphones,Northstar,85.32,AUD,279,1,active,active
Southern Cross Goods East,online,Sydney,AU,SKU-AU-00859,Glide Mouse,Ergonomic wireless mouse,Northstar,43.86,AUD,294,50,inactive,active
Southern Cross Goods East,both,Sydney,AU,SKU-AU-00860,Lark Speaker,Small room speaker,Northstar,59.63,AUD,126,29,active,active
Southern Cross Goods East,both,Sydney,AU,SKU-AU-00861,River Journal,Lined journal with elastic closure,Northstar,15.6,AUD,251,34,inactive,active
Southern Cross Goods East,store,Sydney,AU,SKU-AU-00862,River Journal,Lined journal with elastic closure,Northstar,14.37,AUD,136,3,active,active
Southern Cross Goods East,store,Sydney,AU,SKU-AU-00863,Peak Timer,Digital kitchen timer,Northstar,11.02,AUD,72,4,active,active
Southern Cross Goods East,both,Sydney,AU,SKU-AU-00864,Harbor Umbrella,Compact wind-resistant umbrella,Northstar,23.63,AUD,352,11,active,active
Southern Cross Goods East,store,Sydney,AU,SKU-AU-00865,Forge Pan,Non-stick everyday skillet,Northstar,55.37,AUD,342,25,active,active
Southern Cross Goods East,both,Sydney,AU,SKU-AU-00866,Cloud Blanket,Soft woven indoor blanket,Northstar,57.54,AUD,191,40,active,draft
Southern Cross Goods East,both,Sydney,AU,SKU-AU-00867,Echo Speaker,Compact wireless speaker,Northstar,65.75,AUD,246,23,active,active
Southern Cross Goods East,online,Sydney,AU,SKU-AU-00868,Quartz Timer,Visual productivity timer,Northstar,23.08,AUD,128,23,active,active
Southern Cross Goods East,online,Sydney,AU,SKU-AU-00869,Aurora Scale,Digital kitchen scale,Northstar,26.51,AUD,412,14,active,active
Southern Cross Goods East,both,Sydney,AU,SKU-AU-00870,Mosaic Storage,Stackable storage box,Northstar,19.64,AUD,103,14,active,active
Southern Cross Goods East,online,Sydney,AU,SKU-AU-00871,Nova Backpack,Lightweight everyday backpack,Northstar,78.97,AUD,212,4,active,active
Southern Cross Goods East,online,Sydney,AU,SKU-AU-00872,Iris Vase,Hand-finished ceramic vase,Northstar,36.14,AUD,300,39,active,active
Southern Cross Goods East,both,Sydney,AU,SKU-AU-00873,Forest Flask,Vacuum insulated flask,Northstar,37.4,AUD,241,27,active,active
Cape & Cedar,both,Cape Town,ZA,SKU-ZA-00874,Mosaic Storage,Stackable storage box,Northstar,21.32,ZAR,58,1,active,active
Cape & Cedar,store,Cape Town,ZA,SKU-ZA-00875,Pulse Lamp,Compact adjustable desk lamp,Northstar,46.3,ZAR,338,56,active,active
Cape & Cedar,store,Cape Town,ZA,SKU-ZA-00876,Olive Bottle,Glass bottle with silicone sleeve,Northstar,22.16,ZAR,12,2,active,active
Cape & Cedar,both,Cape Town,ZA,SKU-ZA-00877,Orbit Kettle,Precise pour-over kettle,Northstar,52.63,ZAR,153,5,active,active
Cape & Cedar,store,Cape Town,ZA,SKU-ZA-00878,Forge Pan,Non-stick everyday skillet,Northstar,59.11,ZAR,288,32,active,active
Cape & Cedar,online,Cape Town,ZA,SKU-ZA-00879,Canyon Pack,Weather-resistant day pack,Northstar,88.78,ZAR,155,10,active,active
Cape & Cedar,both,Cape Town,ZA,SKU-ZA-00880,Harbor Umbrella,Compact wind-resistant umbrella,Northstar,27.23,ZAR,372,25,active,active
Cape & Cedar,online,Cape Town,ZA,SKU-ZA-00881,Cove Cushion,Textured decorative cushion,Northstar,26.76,ZAR,104,6,active,active
Cape & Cedar,both,Cape Town,ZA,SKU-ZA-00882,Cobalt Lunchbox,Insulated lunch container,Northstar,37.5,ZAR,324,13,active,active
Cape & Cedar,online,Cape Town,ZA,SKU-ZA-00883,River Journal,Lined journal with elastic closure,Northstar,14.38,ZAR,184,30,active,active
Cape & Cedar,store,Cape Town,ZA,SKU-ZA-00884,Drift Mug,Double-wall ceramic travel mug,Northstar,22.06,ZAR,84,10,active,active
Cape & Cedar,store,Cape Town,ZA,SKU-ZA-00885,Orbit Kettle,Precise pour-over kettle,Northstar,48.64,ZAR,370,39,active,active
Cape & Cedar,online,Cape Town,ZA,SKU-ZA-00886,Lark Speaker,Small room speaker,Northstar,57.12,ZAR,222,40,active,active
Cape & Cedar,store,Cape Town,ZA,SKU-ZA-00887,Forest Flask,Vacuum insulated flask,Northstar,40.88,ZAR,136,6,active,active
Cape & Cedar,both,Cape Town,ZA,SKU-ZA-00888,Terra Planter,Minimal ceramic planter,Northstar,23.15,ZAR,229,39,active,active
Cape & Cedar,both,Cape Town,ZA,SKU-ZA-00889,Atlas Notebook,Hardcover recycled paper notebook,Northstar,13.84,ZAR,361,56,active,active
Cape & Cedar,online,Cape Town,ZA,SKU-ZA-00890,Willow Tray,Bamboo serving tray,Northstar,37.99,ZAR,376,7,active,active
Cape & Cedar,both,Cape Town,ZA,SKU-ZA-00891,Canvas Apron,Cotton utility apron,Northstar,32.28,ZAR,87,12,active,active
Cape & Cedar,both,Cape Town,ZA,SKU-ZA-00892,Summit Bottle,Insulated stainless steel bottle,Northstar,30.76,ZAR,286,0,active,active
Cape & Cedar,store,Cape Town,ZA,SKU-ZA-00893,Dawn Mirror,Compact tabletop mirror,Northstar,27.51,ZAR,360,26,active,active
Cape & Cedar,both,Cape Town,ZA,SKU-ZA-00894,Lumen Charger,Multi-device charging hub,Northstar,41.85,ZAR,102,22,active,active
Maple Street Market North,both,Toronto,CA,SKU-CA-00895,Atlas Notebook,Hardcover recycled paper notebook,Northstar,13.81,CAD,208,50,active,active
Maple Street Market North,store,Toronto,CA,SKU-CA-00896,Meadow Tote,Reusable cotton tote bag,Northstar,17.82,CAD,378,2,active,active
Maple Street Market North,online,Toronto,CA,SKU-CA-00897,Willow Tray,Bamboo serving tray,Northstar,33.2,CAD,166,26,active,active
Maple Street Market North,both,Toronto,CA,SKU-CA-00898,Cobalt Lunchbox,Insulated lunch container,Northstar,32.85,CAD,274,8,active,active
Maple Street Market North,online,Toronto,CA,SKU-CA-00899,Lark Speaker,Small room speaker,Northstar,56.01,CAD,185,4,active,active
Maple Street Market North,online,Toronto,CA,SKU-CA-00900,Mosaic Storage,Stackable storage box,Northstar,22.36,CAD,388,56,active,active
Maple Street Market North,online,Toronto,CA,SKU-CA-00901,Dawn Mirror,Compact tabletop mirror,Northstar,26.78,CAD,332,11,active,active
Maple Street Market North,both,Toronto,CA,SKU-CA-00902,Stone Coaster,Set of four stone coasters,Northstar,16.57,CAD,33,7,active,active
Maple Street Market North,store,Toronto,CA,SKU-CA-00903,Willow Tray,Bamboo serving tray,Northstar,31.79,CAD,389,29,active,active
Maple Street Market North,online,Toronto,CA,SKU-CA-00904,Forest Flask,Vacuum insulated flask,Northstar,40.2,CAD,118,3,active,active
Maple Street Market North,store,Toronto,CA,SKU-CA-00905,Summit Bottle,Insulated stainless steel bottle,Northstar,32.85,CAD,73,3,active,active
Maple Street Market North,both,Toronto,CA,SKU-CA-00906,Harbor Umbrella,Compact wind-resistant umbrella,Northstar,24.3,CAD,338,27,discontinued,active
Maple Street Market North,store,Toronto,CA,SKU-CA-00907,Lumen Charger,Multi-device charging hub,Northstar,40.75,CAD,214,38,active,active
Maple Street Market North,online,Toronto,CA,SKU-CA-00908,Pulse Lamp,Compact adjustable desk lamp,Northstar,47.98,CAD,121,5,active,active
Maple Street Market North,online,Toronto,CA,SKU-CA-00909,Canvas Apron,Cotton utility apron,Northstar,26.13,CAD,412,28,active,active
Maple Street Market North,both,Toronto,CA,SKU-CA-00910,Aurora Scale,Digital kitchen scale,Northstar,25.89,CAD,255,50,active,active
Maple Street Market North,both,Toronto,CA,SKU-CA-00911,Willow Tray,Bamboo serving tray,Northstar,33.58,CAD,368,60,active,active
Maple Street Market North,store,Toronto,CA,SKU-CA-00912,Mosaic Storage,Stackable storage box,Northstar,19.55,CAD,201,27,active,active
Maple Street Market North,store,Toronto,CA,SKU-CA-00913,Mosaic Storage,Stackable storage box,Northstar,22.54,CAD,415,14,active,active
Maple Street Market North,both,Toronto,CA,SKU-CA-00914,Orbit Kettle,Precise pour-over kettle,Northstar,55.0,CAD,203,36,active,active
Maple Street Market North,store,Toronto,CA,SKU-CA-00915,River Journal,Lined journal with elastic closure,Northstar,15.06,CAD,62,12,active,active
Maple Street Market North,online,Toronto,CA,SKU-CA-00916,Echo Speaker,Compact wireless speaker,Northstar,66.01,CAD,46,5,active,draft
Maple Street Market North,online,Toronto,CA,SKU-CA-00917,Dawn Mirror,Compact tabletop mirror,Northstar,27.57,CAD,29,5,active,active
Maple Street Market North,store,Toronto,CA,SKU-CA-00918,Peak Timer,Digital kitchen timer,Northstar,12.98,CAD,206,32,active,draft
Maple Street Market North,online,Toronto,CA,SKU-CA-00919,Pulse Lamp,Compact adjustable desk lamp,Northstar,46.03,CAD,272,20,active,active
Maple Street Market North,online,Toronto,CA,SKU-CA-00920,Pulse Lamp,Compact adjustable desk lamp,Northstar,45.24,CAD,86,1,active,active
Maple Street Market North,both,Toronto,CA,SKU-CA-00921,Canvas Apron,Cotton utility apron,Northstar,29.09,CAD,298,50,active,active
Maple Street Market North,online,Toronto,CA,SKU-CA-00922,Echo Speaker,Compact wireless speaker,Northstar,76.97,CAD,243,42,active,hidden
Deccan Living South,both,Mumbai,IN,SKU-IN-00923,Orbit Kettle,Precise pour-over kettle,Northstar,55.73,INR,103,21,active,active
Deccan Living South,online,Mumbai,IN,SKU-IN-00924,Stone Coaster,Set of four stone coasters,Northstar,16.91,INR,84,2,active,active
Deccan Living South,online,Mumbai,IN,SKU-IN-00925,Cloud Blanket,Soft woven indoor blanket,Northstar,69.62,INR,50,7,active,active
Deccan Living South,store,Mumbai,IN,SKU-IN-00926,Ember Thermos,Insulated beverage thermos,Northstar,44.94,INR,139,17,active,active
Deccan Living South,online,Mumbai,IN,SKU-IN-00927,Canyon Pack,Weather-resistant day pack,Northstar,86.42,INR,233,8,active,active
Deccan Living South,both,Mumbai,IN,SKU-IN-00928,Aurora Scale,Digital kitchen scale,Northstar,28.33,INR,419,19,active,active
Deccan Living South,both,Mumbai,IN,SKU-IN-00929,Quartz Timer,Visual productivity timer,Northstar,23.58,INR,272,41,active,active
Deccan Living South,store,Mumbai,IN,SKU-IN-00930,Pulse Lamp,Compact adjustable desk lamp,Northstar,41.17,INR,325,48,active,active
Deccan Living South,online,Mumbai,IN,SKU-IN-00931,Elm Basket,Woven storage basket,Northstar,38.95,INR,399,6,active,active
Deccan Living South,online,Mumbai,IN,SKU-IN-00932,Beacon Dock,Desktop device dock,Northstar,60.93,INR,398,9,active,active
Deccan Living South,store,Mumbai,IN,SKU-IN-00933,Orbit Kettle,Precise pour-over kettle,Northstar,50.67,INR,360,15,active,active
Deccan Living South,online,Mumbai,IN,SKU-IN-00934,Beacon Dock,Desktop device dock,Northstar,59.04,INR,236,45,active,active
Deccan Living South,both,Mumbai,IN,SKU-IN-00935,Summit Bottle,Insulated stainless steel bottle,Northstar,32.97,INR,176,29,active,active
Deccan Living South,both,Mumbai,IN,SKU-IN-00936,Mosaic Storage,Stackable storage box,Northstar,20.13,INR,170,37,active,active
Deccan Living South,both,Mumbai,IN,SKU-IN-00937,Olive Bottle,Glass bottle with silicone sleeve,Northstar,24.73,INR,358,34,active,active
Deccan Living South,both,Mumbai,IN,SKU-IN-00938,Willow Tray,Bamboo serving tray,Northstar,34.36,INR,206,9,active,active
Deccan Living South,online,Mumbai,IN,SKU-IN-00939,Pulse Lamp,Compact adjustable desk lamp,Northstar,42.4,INR,184,20,active,active
Deccan Living South,both,Mumbai,IN,SKU-IN-00940,Orbit Kettle,Precise pour-over kettle,Northstar,59.11,INR,128,5,active,active
Deccan Living South,store,Mumbai,IN,SKU-IN-00941,Nova Backpack,Lightweight everyday backpack,Northstar,76.67,INR,250,34,active,active
Deccan Living South,online,Mumbai,IN,SKU-IN-00942,River Journal,Lined journal with elastic closure,Northstar,16.39,INR,103,11,discontinued,active
Deccan Living South,both,Mumbai,IN,SKU-IN-00943,Solstice Clock,Minimal wall clock,Northstar,53.33,INR,395,60,active,hidden
Deccan Living South,online,Mumbai,IN,SKU-IN-00944,Nova Backpack,Lightweight everyday backpack,Northstar,90.72,INR,170,12,inactive,active
Deccan Living South,online,Mumbai,IN,SKU-IN-00945,Trail Lantern,Portable rechargeable lantern,Northstar,54.84,INR,331,44,active,draft
Deccan Living South,both,Mumbai,IN,SKU-IN-00946,Cobalt Lunchbox,Insulated lunch container,Northstar,37.46,INR,223,32,active,draft
Deccan Living South,store,Mumbai,IN,SKU-IN-00947,Lumen Charger,Multi-device charging hub,Northstar,39.48,INR,267,46,active,active
Deccan Living South,both,Mumbai,IN,SKU-IN-00948,Dawn Mirror,Compact tabletop mirror,Northstar,25.93,INR,241,23,active,active
Deccan Living South,both,Mumbai,IN,SKU-IN-00949,Cloud Blanket,Soft woven indoor blanket,Northstar,68.61,INR,66,12,active,active
Deccan Living South,store,Mumbai,IN,SKU-IN-00950,Elm Basket,Woven storage basket,Northstar,43.92,INR,222,34,active,active
Deccan Living South,both,Mumbai,IN,SKU-IN-00951,Meadow Tote,Reusable cotton tote bag,Northstar,15.52,INR,313,44,active,active
Deccan Living South,both,Mumbai,IN,SKU-IN-00952,Elm Basket,Woven storage basket,Northstar,37.67,INR,101,6,discontinued,active
Deccan Living South,online,Mumbai,IN,SKU-IN-00953,Pulse Lamp,Compact adjustable desk lamp,Northstar,41.32,INR,25,6,active,active
Deccan Living South,both,Mumbai,IN,SKU-IN-00954,Vista Glasses,Blue-light computer glasses,Northstar,35.95,INR,21,5,active,active
Deccan Living South,online,Mumbai,IN,SKU-IN-00955,Beacon Dock,Desktop device dock,Northstar,59.94,INR,86,3,active,hidden
Pacific Grove West,store,Vancouver,CA,SKU-CA-00956,Quartz Timer,Visual productivity timer,Northstar,23.4,CAD,321,52,active,active
Pacific Grove West,both,Vancouver,CA,SKU-CA-00957,Ember Thermos,Insulated beverage thermos,Northstar,35.18,CAD,416,27,active,active
Pacific Grove West,online,Vancouver,CA,SKU-CA-00958,Stone Coaster,Set of four stone coasters,Northstar,18.88,CAD,227,55,active,draft
Pacific Grove West,both,Vancouver,CA,SKU-CA-00959,Vista Glasses,Blue-light computer glasses,Northstar,39.48,CAD,216,16,discontinued,active
Pacific Grove West,store,Vancouver,CA,SKU-CA-00960,Stone Coaster,Set of four stone coasters,Northstar,16.41,CAD,305,3,active,active
Pacific Grove West,store,Vancouver,CA,SKU-CA-00961,Lark Speaker,Small room speaker,Northstar,60.38,CAD,144,20,active,active
Pacific Grove West,store,Vancouver,CA,SKU-CA-00962,Iris Vase,Hand-finished ceramic vase,Northstar,39.68,CAD,80,6,active,active
Pacific Grove West,both,Vancouver,CA,SKU-CA-00963,Vista Glasses,Blue-light computer glasses,Northstar,31.61,CAD,21,3,active,active
Pacific Grove West,store,Vancouver,CA,SKU-CA-00964,Aurora Scale,Digital kitchen scale,Northstar,26.98,CAD,404,20,active,active
Pacific Grove West,online,Vancouver,CA,SKU-CA-00965,Nova Backpack,Lightweight everyday backpack,Northstar,73.05,CAD,187,1,active,active
Pacific Grove West,online,Vancouver,CA,SKU-CA-00966,Elm Basket,Woven storage basket,Northstar,42.61,CAD,171,28,active,active
Pacific Grove West,both,Vancouver,CA,SKU-CA-00967,Terra Planter,Minimal ceramic planter,Northstar,23.09,CAD,105,11,active,active
Pacific Grove West,online,Vancouver,CA,SKU-CA-00968,Canyon Pack,Weather-resistant day pack,Northstar,92.19,CAD,327,48,active,active
Pacific Grove West,store,Vancouver,CA,SKU-CA-00969,Forge Pan,Non-stick everyday skillet,Northstar,55.88,CAD,73,4,active,active
Pacific Grove West,online,Vancouver,CA,SKU-CA-00970,Meadow Tote,Reusable cotton tote bag,Northstar,15.66,CAD,82,6,active,active
Pacific Grove West,store,Vancouver,CA,SKU-CA-00971,Stone Coaster,Set of four stone coasters,Northstar,17.48,CAD,283,59,active,active
Pacific Grove West,both,Vancouver,CA,SKU-CA-00972,Solstice Clock,Minimal wall clock,Northstar,51.6,CAD,284,58,active,draft
Pacific Grove West,store,Vancouver,CA,SKU-CA-00973,Echo Speaker,Compact wireless speaker,Northstar,70.86,CAD,174,2,inactive,active
Pacific Grove West,store,Vancouver,CA,SKU-CA-00974,Canyon Pack,Weather-resistant day pack,Northstar,80.14,CAD,145,31,active,active
Pacific Grove West,online,Vancouver,CA,SKU-CA-00975,Willow Tray,Bamboo serving tray,Northstar,30.58,CAD,240,58,active,active
Pacific Grove West,online,Vancouver,CA,SKU-CA-00976,Terra Planter,Minimal ceramic planter,Northstar,21.31,CAD,250,5,active,active
Pacific Grove West,store,Vancouver,CA,SKU-CA-00977,Pulse Lamp,Compact adjustable desk lamp,Northstar,43.06,CAD,38,8,active,active
Pacific Grove West,online,Vancouver,CA,SKU-CA-00978,Dawn Mirror,Compact tabletop mirror,Northstar,30.1,CAD,140,25,active,active
Pacific Grove West,store,Vancouver,CA,SKU-CA-00979,Solstice Clock,Minimal wall clock,Northstar,52.08,CAD,214,52,active,active
Pacific Grove West,both,Vancouver,CA,SKU-CA-00980,Vista Glasses,Blue-light computer glasses,Northstar,37.85,CAD,48,9,active,active
Pacific Grove West,both,Vancouver,CA,SKU-CA-00981,Vista Glasses,Blue-light computer glasses,Northstar,36.04,CAD,142,18,active,active
Pacific Grove West,online,Vancouver,CA,SKU-CA-00982,Dawn Mirror,Compact tabletop mirror,Northstar,28.84,CAD,365,26,active,active
Pacific Grove West,both,Vancouver,CA,SKU-CA-00983,Breeze Fan,Quiet rechargeable desk fan,Northstar,37.13,CAD,192,31,active,active
Pacific Grove West,online,Vancouver,CA,SKU-CA-00984,Elm Basket,Woven storage basket,Northstar,34.72,CAD,371,26,active,active
Pacific Grove West,both,Vancouver,CA,SKU-CA-00985,Ember Thermos,Insulated beverage thermos,Northstar,38.88,CAD,361,45,active,active
Pacific Grove West,store,Vancouver,CA,SKU-CA-00986,Solstice Clock,Minimal wall clock,Northstar,41.27,CAD,23,4,active,active
Cape & Cedar Waterfront,online,Cape Town,ZA,SKU-ZA-00987,Forest Flask,Vacuum insulated flask,Northstar,36.75,ZAR,75,18,active,draft
Cape & Cedar Waterfront,online,Cape Town,ZA,SKU-ZA-00988,Cove Cushion,Textured decorative cushion,Northstar,32.85,ZAR,45,8,active,active
Cape & Cedar Waterfront,both,Cape Town,ZA,SKU-ZA-00989,Olive Bottle,Glass bottle with silicone sleeve,Northstar,21.61,ZAR,187,8,active,active
Cape & Cedar Waterfront,online,Cape Town,ZA,SKU-ZA-00990,Olive Bottle,Glass bottle with silicone sleeve,Northstar,23.65,ZAR,412,37,active,active
Cape & Cedar Waterfront,store,Cape Town,ZA,SKU-ZA-00991,Stone Coaster,Set of four stone coasters,Northstar,20.5,ZAR,92,7,active,active
Cape & Cedar Waterfront,both,Cape Town,ZA,SKU-ZA-00992,River Journal,Lined journal with elastic closure,Northstar,15.89,ZAR,206,49,active,active
Cape & Cedar Waterfront,both,Cape Town,ZA,SKU-ZA-00993,Canvas Apron,Cotton utility apron,Northstar,31.93,ZAR,402,51,active,active
Cape & Cedar Waterfront,online,Cape Town,ZA,SKU-ZA-00994,Elm Basket,Woven storage basket,Northstar,42.47,ZAR,28,5,inactive,hidden
Cape & Cedar Waterfront,store,Cape Town,ZA,SKU-ZA-00995,Lark Speaker,Small room speaker,Northstar,57.96,ZAR,50,11,active,active
Cape & Cedar Waterfront,online,Cape Town,ZA,SKU-ZA-00996,Lark Speaker,Small room speaker,Northstar,53.44,ZAR,333,55,active,active
Cape & Cedar Waterfront,online,Cape Town,ZA,SKU-ZA-00997,Forest Flask,Vacuum insulated flask,Northstar,37.15,ZAR,395,56,inactive,active
Cape & Cedar Waterfront,both,Cape Town,ZA,SKU-ZA-00998,Quartz Timer,Visual productivity timer,Northstar,27.15,ZAR,271,35,active,active
Cape & Cedar Waterfront,both,Cape Town,ZA,SKU-ZA-00999,Cove Cushion,Textured decorative cushion,Northstar,27.84,ZAR,241,2,active,active
Cape & Cedar Waterfront,online,Cape Town,ZA,SKU-ZA-01000,Lark Speaker,Small room speaker,Northstar,59.04,ZAR,231,25,active,active
