first_name,last_name,email,phone,status,age_group,city,country,preferred_channel
Mila,Fischer,mila.fischer.0001@customer360.test,+1-555-101-1037,active,35-44,Cologne,DE,sms
Zara Rose,Cameron,zara-rose.cameron.0002@customer360.test,+1-555-102-1074,active,25-34,Sydney,AU,push
Sofia Maria,Lombardi,sofia-maria.lombardi.0003@customer360.test,+1-555-103-1111,active,45-54,Naples,IT,sms
Marcus,Ong,marcus.ong.0004@customer360.test,+1-555-104-1148,active,25-34,Singapore,SG,sms
Zoe,Morgan,zoe.morgan.0005@customer360.test,+1-555-105-1185,active,35-44,Chicago,US,sms
Ishita,Desai,ishita.desai.0006@customer360.test,+1-555-106-1222,active,25-34,Mumbai,IN,push
Jia En,Rahman,jia-en.rahman.0007@customer360.test,+1-555-107-1259,active,45-54,Singapore,SG,sms
Cheryl,Goh,cheryl.goh.0008@customer360.test,+1-555-108-1296,active,35-44,Singapore,SG,sms
Lena,Brooks,lena.brooks.0009@customer360.test,+1-555-109-1333,active,45-54,Minneapolis,US,push
Mariana,Hernandez,mariana.hernandez.0010@customer360.test,+1-555-110-1370,active,25-34,Mexico City,MX,push
Santiago,Vargas,santiago.vargas.0011@customer360.test,+1-555-111-1407,active,45-54,Merida,MX,sms
Milan,Jansen,milan.jansen.0012@customer360.test,+1-555-112-1444,active,25-34,The Hague,NL,push
Jack,Fletcher,jack.fletcher.0013@customer360.test,+1-555-113-1481,inactive,55-64,Canberra,AU,sms
Cameron Alex,Cooper,cameron-alex.cooper.0014@customer360.test,+1-555-114-1518,active,25-34,Chicago,US,push
Ayanda,Nkosi,ayanda.nkosi.0015@customer360.test,+1-555-115-1555,inactive,45-54,Johannesburg,ZA,push
Maisie James,Lawson,maisie-james.lawson.0016@customer360.test,+1-555-116-1592,active,25-34,London,GB,email
Giulia,Romano,giulia.romano.0017@customer360.test,+1-555-117-1629,active,25-34,Naples,IT,email
Aisha,Lim,aisha.lim.0018@customer360.test,+1-555-118-1666,active,35-44,Singapore,SG,push
Reyansh Priya,Menon,reyansh-priya.menon.0019@customer360.test,+1-555-119-1703,active,35-44,Bengaluru,IN,sms
Isla,Crawford,isla.crawford.0020@customer360.test,+1-555-120-1740,active,35-44,Bristol,GB,sms
Yui,Nakamura,yui.nakamura.0021@customer360.test,+1-555-121-1777,active,45-54,Osaka,JP,email
Sakura,Nakamura,sakura.nakamura.0022@customer360.test,+1-555-122-1814,active,18-24,Osaka,JP,sms
Kian,Pillay,kian.pillay.0023@customer360.test,+1-555-123-1851,inactive,25-34,Gqeberha,ZA,email
Mila Elise,Kruger,mila-elise.kruger.0024@customer360.test,+1-555-124-1888,active,35-44,Cologne,DE,sms
Daan Marie,Vos,daan-marie.vos.0025@customer360.test,+1-555-125-1925,active,35-44,Rotterdam,NL,sms
Anaya,Nair,anaya.nair.0026@customer360.test,+1-555-126-1962,active,55-64,Kolkata,IN,push
Miles,Bennett,miles.bennett.0027@customer360.test,+1-555-127-1999,active,45-54,Chicago,US,sms
Sota,Kato,sota.kato.0028@customer360.test,+1-555-128-2036,active,25-34,Sapporo,JP,email
Kaito,Kobayashi,kaito.kobayashi.0029@customer360.test,+1-555-129-2073,active,55-64,Kyoto,JP,sms
Maisie,Fletcher,maisie.fletcher.0030@customer360.test,+1-555-130-2110,active,25-34,Manchester,GB,sms
Arjun,Desai,arjun.desai.0031@customer360.test,+1-555-131-2147,active,45-54,Delhi,IN,email
Ren,Yoshida,ren.yoshida.0032@customer360.test,+1-555-132-2184,inactive,18-24,Nagoya,JP,sms
Baptiste,Girard,baptiste.girard.0033@customer360.test,+1-555-133-2221,active,35-44,Lille,FR,push
Kavya,Kulkarni,kavya.kulkarni.0034@customer360.test,+1-555-134-2258,active,18-24,Kolkata,IN,email
Sanne,Jansen,sanne.jansen.0035@customer360.test,+1-555-135-2295,active,35-44,Rotterdam,NL,push
Gabriel,Chevalier,gabriel.chevalier.0036@customer360.test,+1-555-136-2332,active,35-44,Lille,FR,email
Mia James,Wallace,mia-james.wallace.0037@customer360.test,+1-555-137-2369,active,35-44,Melbourne,AU,sms
Riku Hiro,Kato,riku-hiro.kato.0038@customer360.test,+1-555-138-2406,active,55-64,Osaka,JP,email
Caleb,Parker,caleb.parker.0039@customer360.test,+1-555-139-2443,active,45-54,San Diego,US,push
Mariana Luiz,Carvalho,mariana-luiz.carvalho.0040@customer360.test,+1-555-140-2480,active,45-54,Brasilia,BR,sms
Lachlan,Hayes,lachlan.hayes.0041@customer360.test,+1-555-141-2517,active,25-34,Sydney,AU,email
Gabriel,Araujo,gabriel.araujo.0042@customer360.test,+1-555-142-2554,active,45-54,Rio de Janeiro,BR,email
Parker,Collins,parker.collins.0043@customer360.test,+1-555-143-2591,active,18-24,Portland,US,push
Rin,Nakamura,rin.nakamura.0044@customer360.test,+1-555-144-2628,active,35-44,Tokyo,JP,sms
Nana,Yamamoto,nana.yamamoto.0045@customer360.test,+1-555-145-2665,inactive,45-54,Nagoya,JP,push
Maya,Bennett,maya.bennett.0046@customer360.test,+1-555-146-2702,active,45-54,Chicago,US,email
Javier,Ortega,javier.ortega.0047@customer360.test,+1-555-147-2739,active,25-34,Mexico City,MX,email
Mio,Yamamoto,mio.yamamoto.0048@customer360.test,+1-555-148-2776,active,25-34,Kyoto,JP,sms
Camila,Ferreira,camila.ferreira.0049@customer360.test,+1-555-149-2813,active,35-44,Sao Paulo,BR,email
Vega,Molina,vega.molina.0050@customer360.test,+1-555-150-2850,active,35-44,Barcelona,ES,sms
Camille,Beaulieu,camille.beaulieu.0051@customer360.test,+1-555-151-2887,inactive,18-24,Ottawa,CA,sms
Chloe,Moreau,chloe.moreau.0052@customer360.test,+1-555-152-2924,active,25-34,Lyon,FR,sms
Nora Lee,Turner,nora-lee.turner.0053@customer360.test,+1-555-153-2961,active,35-44,Atlanta,US,email
Arjun,Saxena,arjun.saxena.0054@customer360.test,+1-555-154-2998,active,35-44,Pune,IN,sms
Lena,Turner,lena.turner.0055@customer360.test,+1-555-155-3035,active,25-34,Philadelphia,US,push
Matteo,Romano,matteo.romano.0056@customer360.test,+1-555-156-3072,active,45-54,Florence,IT,email
Davide,Gallo,davide.gallo.0057@customer360.test,+1-555-157-3109,active,35-44,Rome,IT,sms
Cooper,Bennett,cooper.bennett.0058@customer360.test,+1-555-158-3146,active,55-64,Melbourne,AU,push
Lachlan Lee,Clarke,lachlan-lee.clarke.0059@customer360.test,+1-555-159-3183,active,45-54,Canberra,AU,push
Sofia,Moretti,sofia.moretti.0060@customer360.test,+1-555-160-3220,active,55-64,Naples,IT,sms
Matteo,Ferrari,matteo.ferrari.0061@customer360.test,+1-555-161-3257,active,55-64,Palermo,IT,email
Davide,Bianchi,davide.bianchi.0062@customer360.test,+1-555-162-3294,active,35-44,Milan,IT,push
Mariana,Vargas,mariana.vargas.0063@customer360.test,+1-555-163-3331,active,35-44,Guadalajara,MX,push
Chloe,Beaulieu,chloe.beaulieu.0064@customer360.test,+1-555-164-3368,active,25-34,Vancouver,CA,email
Finn,De Boer,finn.de-boer.0065@customer360.test,+1-555-165-3405,active,35-44,The Hague,NL,email
Ishita Riya,Rao,ishita-riya.rao.0066@customer360.test,+1-555-166-3442,active,35-44,Kolkata,IN,sms
Jesse,Mulder,jesse.mulder.0067@customer360.test,+1-555-167-3479,active,55-64,Groningen,NL,sms
Ryan Jia,Lim,ryan-jia.lim.0068@customer360.test,+1-555-168-3516,active,55-64,Singapore,SG,push
Camille,Campbell,camille.campbell.0069@customer360.test,+1-555-169-3553,active,55-64,Halifax,CA,push
Daniel Carmen,Serrano,daniel-carmen.serrano.0070@customer360.test,+1-555-170-3590,active,25-34,Seville,ES,sms
Mio,Takahashi,mio.takahashi.0071@customer360.test,+1-555-171-3627,active,55-64,Kyoto,JP,push
Mila Johann,Neumann,mila-johann.neumann.0072@customer360.test,+1-555-172-3664,active,25-34,Frankfurt,DE,email
Mariana,Costa,mariana.costa.0073@customer360.test,+1-555-173-3701,active,25-34,Recife,BR,push
Sophie,Brandt,sophie.brandt.0074@customer360.test,+1-555-174-3738,active,25-34,Leipzig,DE,push
Lena Lukas,Schneider,lena-lukas.schneider.0075@customer360.test,+1-555-175-3775,active,55-64,Berlin,DE,push
Vega,Vidal,vega.vidal.0076@customer360.test,+1-555-176-3812,active,18-24,Madrid,ES,push
Sienna,Fletcher,sienna.fletcher.0077@customer360.test,+1-555-177-3849,active,35-44,Hobart,AU,push
Lucia Maria,Castillo,lucia-maria.castillo.0078@customer360.test,+1-555-178-3886,active,35-44,Mexico City,MX,sms
Clara,Mercier,clara.mercier.0079@customer360.test,+1-555-179-3923,active,25-34,Bordeaux,FR,push
Ruby James,Cameron,ruby-james.cameron.0080@customer360.test,+1-555-180-3960,active,55-64,Melbourne,AU,sms
Mariana Clara,Oliveira,mariana-clara.oliveira.0081@customer360.test,+1-555-181-3997,active,25-34,Curitiba,BR,push
Julian,Campbell,julian.campbell.0082@customer360.test,+1-555-182-4034,active,45-54,Montreal,CA,push
Ethan,Pillay,ethan.pillay.0083@customer360.test,+1-555-183-4071,active,25-34,Bloemfontein,ZA,email
Camila,Navarro,camila.navarro.0084@customer360.test,+1-555-184-4108,active,45-54,Guadalajara,MX,push
Nisha Kiran,Iyer,nisha-kiran.iyer.0085@customer360.test,+1-555-185-4145,active,45-54,Kolkata,IN,sms
Reyansh Priya,Malhotra,reyansh-priya.malhotra.0086@customer360.test,+1-555-186-4182,active,35-44,Jaipur,IN,sms
Diya,Saxena,diya.saxena.0087@customer360.test,+1-555-187-4219,active,55-64,Ahmedabad,IN,email
Emiliano,Mendoza,emiliano.mendoza.0088@customer360.test,+1-555-188-4256,active,45-54,Queretaro,MX,push
Isla,Cameron,isla.cameron.0089@customer360.test,+1-555-189-4293,active,25-34,Canberra,AU,push
Arthur,Rousseau,arthur.rousseau.0090@customer360.test,+1-555-190-4330,active,45-54,Toulouse,FR,sms
Zinhle Lee,Naidoo,zinhle-lee.naidoo.0091@customer360.test,+1-555-191-4367,active,18-24,Pretoria,ZA,email
Matteo Maria,Marino,matteo-maria.marino.0092@customer360.test,+1-555-192-4404,active,25-34,Naples,IT,push
Nadia Jia,Koh,nadia-jia.koh.0093@customer360.test,+1-555-193-4441,active,18-24,Singapore,SG,push
Aarav,Desai,aarav.desai.0094@customer360.test,+1-555-194-4478,inactive,25-34,Kolkata,IN,push
Kabir,Rao,kabir.rao.0095@customer360.test,+1-555-195-4515,active,35-44,Mumbai,IN,push
Parker Rose,Bennett,parker-rose.bennett.0096@customer360.test,+1-555-196-4552,active,25-34,Minneapolis,US,push
Nandi,Nkosi,nandi.nkosi.0097@customer360.test,+1-555-197-4589,active,55-64,Cape Town,ZA,sms
Chloe,Chevalier,chloe.chevalier.0098@customer360.test,+1-555-198-4626,active,25-34,Lille,FR,sms
Finn,Cameron,finn.cameron.0099@customer360.test,+1-555-199-4663,active,45-54,Sydney,AU,push
Logan,Parker,logan.parker.0100@customer360.test,+1-555-200-4700,active,18-24,Austin,US,sms
Gabriele Maria,Bianchi,gabriele-maria.bianchi.0101@customer360.test,+1-555-201-4737,active,18-24,Bologna,IT,email
Chiara,Lombardi,chiara.lombardi.0102@customer360.test,+1-555-202-4774,active,25-34,Milan,IT,push
Poppy,Chapman,poppy.chapman.0103@customer360.test,+1-555-203-4811,inactive,45-54,Leeds,GB,email
Leonardo,Costa,leonardo.costa.0104@customer360.test,+1-555-204-4848,active,25-34,Florence,IT,sms
Alba Carmen,Castro,alba-carmen.castro.0105@customer360.test,+1-555-205-4885,active,35-44,Madrid,ES,email
Mariana Clara,Ribeiro,mariana-clara.ribeiro.0106@customer360.test,+1-555-206-4922,active,45-54,Brasilia,BR,email
Tess,De Boer,tess.de-boer.0107@customer360.test,+1-555-207-4959,active,18-24,Amsterdam,NL,email
Siti,Ng,siti.ng.0108@customer360.test,+1-555-208-4996,active,25-34,Singapore,SG,email
Amelia,Ellis,amelia.ellis.0109@customer360.test,+1-555-209-5033,active,45-54,Edinburgh,GB,email
Kabir,Chatterjee,kabir.chatterjee.0110@customer360.test,+1-555-210-5070,active,45-54,Jaipur,IN,push
Sakura,Suzuki,sakura.suzuki.0111@customer360.test,+1-555-211-5107,active,25-34,Nagoya,JP,sms
Leah Marie,Bennett,leah-marie.bennett.0112@customer360.test,+1-555-212-5144,active,45-54,Halifax,CA,sms
Alejandro,Castillo,alejandro.castillo.0113@customer360.test,+1-555-213-5181,active,35-44,Queretaro,MX,sms
Emiliano,Vargas,emiliano.vargas.0114@customer360.test,+1-555-214-5218,active,18-24,Puebla,MX,push
Yui,Suzuki,yui.suzuki.0115@customer360.test,+1-555-215-5255,active,25-34,Tokyo,JP,push
Eva,Mulder,eva.mulder.0116@customer360.test,+1-555-216-5292,active,45-54,Eindhoven,NL,sms
Clara,Keller,clara.keller.0117@customer360.test,+1-555-217-5329,active,25-34,Leipzig,DE,sms
Noah Marie,Morrison,noah-marie.morrison.0118@customer360.test,+1-555-218-5366,active,18-24,Montreal,CA,email
Riley,Turner,riley.turner.0119@customer360.test,+1-555-219-5403,active,55-64,Seattle,US,email
Wei Ming,Ng,wei-ming.ng.0120@customer360.test,+1-555-220-5440,active,45-54,Singapore,SG,email
Pedro,Mendes,pedro.mendes.0121@customer360.test,+1-555-221-5477,active,35-44,Curitiba,BR,sms
Aditi,Joshi,aditi.joshi.0122@customer360.test,+1-555-222-5514,active,45-54,Kolkata,IN,email
Baptiste,Dubois,baptiste.dubois.0123@customer360.test,+1-555-223-5551,active,18-24,Bordeaux,FR,push
Morgan,Bennett,morgan.bennett.0124@customer360.test,+1-555-224-5588,active,25-34,San Diego,US,email
Diya,Kulkarni,diya.kulkarni.0125@customer360.test,+1-555-225-5625,active,45-54,Ahmedabad,IN,push
Dylan,Foster,dylan.foster.0126@customer360.test,+1-555-226-5662,active,25-34,San Diego,US,sms
Mei,Tanaka,mei.tanaka.0127@customer360.test,+1-555-227-5699,active,45-54,Osaka,JP,sms
Leo,Cabrera,leo.cabrera.0128@customer360.test,+1-555-228-5736,active,55-64,Seville,ES,push
Quinn,Russell,quinn.russell.0129@customer360.test,+1-555-229-5773,active,25-34,San Diego,US,push
Tara,Mehta,tara.mehta.0130@customer360.test,+1-555-230-5810,active,25-34,Delhi,IN,push
Camila Maria,Vargas,camila-maria.vargas.0131@customer360.test,+1-555-231-5847,active,35-44,Puebla,MX,sms
Dylan,Collins,dylan.collins.0132@customer360.test,+1-555-232-5884,active,45-54,Chicago,US,push
Sienna,Anderson,sienna.anderson.0133@customer360.test,+1-555-233-5921,active,18-24,Brisbane,AU,sms
Ines,Marchand,ines.marchand.0134@customer360.test,+1-555-234-5958,active,25-34,Toulouse,FR,sms
Naledi,Nkosi,naledi.nkosi.0135@customer360.test,+1-555-235-5995,active,25-34,Pretoria,ZA,email
Neo,Van Wyk,neo.van-wyk.0136@customer360.test,+1-555-236-6032,active,25-34,Bloemfontein,ZA,push
Enzo Luiz,Barbosa,enzo-luiz.barbosa.0137@customer360.test,+1-555-237-6069,active,55-64,Salvador,BR,sms
Noor Jan,Visser,noor-jan.visser.0138@customer360.test,+1-555-238-6106,active,55-64,Rotterdam,NL,sms
Meera,Kapoor,meera.kapoor.0139@customer360.test,+1-555-239-6143,active,25-34,Jaipur,IN,email
Finn,Hayes,finn.hayes.0140@customer360.test,+1-555-240-6180,active,18-24,Canberra,AU,sms
Ren Miki,Tanaka,ren-miki.tanaka.0141@customer360.test,+1-555-241-6217,active,45-54,Osaka,JP,sms
Noah,Kruger,noah.kruger.0142@customer360.test,+1-555-242-6254,active,18-24,Stuttgart,DE,push
Neo Lee,Botha,neo-lee.botha.0143@customer360.test,+1-555-243-6291,active,35-44,Pretoria,ZA,push
Caio,Araujo,caio.araujo.0144@customer360.test,+1-555-244-6328,active,35-44,Salvador,BR,email
Finn,Wallace,finn.wallace.0145@customer360.test,+1-555-245-6365,active,45-54,Brisbane,AU,email
Hugo,Griffiths,hugo.griffiths.0146@customer360.test,+1-555-246-6402,active,25-34,Glasgow,GB,push
Valentina,Nogueira,valentina.nogueira.0147@customer360.test,+1-555-247-6439,active,18-24,Curitiba,BR,push
Kai Wen,Ng,kai-wen.ng.0148@customer360.test,+1-555-248-6476,active,25-34,Singapore,SG,email
Dylan,Turner,dylan.turner.0149@customer360.test,+1-555-249-6513,inactive,45-54,San Diego,US,sms
Elias Anne,Mercer,elias-anne.mercer.0150@customer360.test,+1-555-250-6550,active,25-34,Halifax,CA,email
Fleur,De Boer,fleur.de-boer.0151@customer360.test,+1-555-251-6587,active,18-24,Eindhoven,NL,push
Avery,Morgan,avery.morgan.0152@customer360.test,+1-555-252-6624,active,45-54,Minneapolis,US,email
Aditi,Nair,aditi.nair.0153@customer360.test,+1-555-253-6661,active,18-24,Ahmedabad,IN,sms
Taylor,Russell,taylor.russell.0154@customer360.test,+1-555-254-6698,inactive,25-34,Boston,US,push
Baptiste,Marchand,baptiste.marchand.0155@customer360.test,+1-555-255-6735,active,35-44,Lyon,FR,email
Renata,Fuentes,renata.fuentes.0156@customer360.test,+1-555-256-6772,active,45-54,Merida,MX,push
Haruto,Yamada,haruto.yamada.0157@customer360.test,+1-555-257-6809,active,45-54,Yokohama,JP,sms
Emilia,Hartmann,emilia.hartmann.0158@customer360.test,+1-555-258-6846,active,35-44,Munich,DE,email
Tommaso,Ricci,tommaso.ricci.0159@customer360.test,+1-555-259-6883,active,25-34,Palermo,IT,push
Aarav,Kulkarni,aarav.kulkarni.0160@customer360.test,+1-555-260-6920,active,45-54,Mumbai,IN,push
Mathis Jean,Chevalier,mathis-jean.chevalier.0161@customer360.test,+1-555-261-6957,active,18-24,Nantes,FR,sms
Julian,Bouchard,julian.bouchard.0162@customer360.test,+1-555-262-6994,active,45-54,Toronto,CA,sms
Quinn James,Morgan,quinn-james.morgan.0163@customer360.test,+1-555-263-7031,active,35-44,Denver,US,push
Zara,Anderson,zara.anderson.0164@customer360.test,+1-555-264-7068,active,18-24,Adelaide,AU,email
Clara,Morrison,clara.morrison.0165@customer360.test,+1-555-265-7105,active,18-24,Ottawa,CA,sms
Ruby James,Mercer,ruby-james.mercer.0166@customer360.test,+1-555-266-7142,active,45-54,Glasgow,GB,push
Nina,De Vries,nina.de-vries.0167@customer360.test,+1-555-267-7179,active,35-44,Eindhoven,NL,sms
Dylan Lee,Morgan,dylan-lee.morgan.0168@customer360.test,+1-555-268-7216,active,25-34,Minneapolis,US,sms
Riku,Yamamoto,riku.yamamoto.0169@customer360.test,+1-555-269-7253,active,25-34,Tokyo,JP,sms
Nora,Collins,nora.collins.0170@customer360.test,+1-555-270-7290,active,35-44,Atlanta,US,sms
Nora,Brooks,nora.brooks.0171@customer360.test,+1-555-271-7327,active,55-64,Denver,US,sms
Beatriz,Oliveira,beatriz.oliveira.0172@customer360.test,+1-555-272-7364,active,25-34,Curitiba,BR,email
Lorenzo,Conti,lorenzo.conti.0173@customer360.test,+1-555-273-7401,active,55-64,Turin,IT,email
Finn,Wagner,finn.wagner.0174@customer360.test,+1-555-274-7438,active,55-64,Frankfurt,DE,push
Santiago,Castillo,santiago.castillo.0175@customer360.test,+1-555-275-7475,active,35-44,Queretaro,MX,sms
Maximilian,Keller,maximilian.keller.0176@customer360.test,+1-555-276-7512,inactive,18-24,Hamburg,DE,email
Lucas,De Boer,lucas.de-boer.0177@customer360.test,+1-555-277-7549,inactive,35-44,Utrecht,NL,sms
Daniel,Delgado,daniel.delgado.0178@customer360.test,+1-555-278-7586,active,35-44,Mexico City,MX,push
Hamish,Morgan,hamish.morgan.0179@customer360.test,+1-555-279-7623,active,18-24,Hobart,AU,push
Ruby,Griffiths,ruby.griffiths.0180@customer360.test,+1-555-280-7660,active,45-54,London,GB,email
Imogen James,Crawford,imogen-james.crawford.0181@customer360.test,+1-555-281-7697,active,18-24,Glasgow,GB,email
Tommaso,Romano,tommaso.romano.0182@customer360.test,+1-555-282-7734,active,25-34,Naples,IT,email
Elisa,Lombardi,elisa.lombardi.0183@customer360.test,+1-555-283-7771,active,18-24,Bologna,IT,push
George,Fletcher,george.fletcher.0184@customer360.test,+1-555-284-7808,inactive,18-24,Glasgow,GB,push
Ryan,Ong,ryan.ong.0185@customer360.test,+1-555-285-7845,active,45-54,Singapore,SG,email
Felix,Hartmann,felix.hartmann.0186@customer360.test,+1-555-286-7882,active,25-34,Leipzig,DE,sms
Vivaan,Menon,vivaan.menon.0187@customer360.test,+1-555-287-7919,active,55-64,Hyderabad,IN,sms
Riku Ken,Kato,riku-ken.kato.0188@customer360.test,+1-555-288-7956,active,35-44,Tokyo,JP,sms
Daan,Smit,daan.smit.0189@customer360.test,+1-555-289-7993,active,25-34,Eindhoven,NL,push
Hui Min Kai,Ong,hui-min-kai.ong.0190@customer360.test,+1-555-290-8030,active,25-34,Singapore,SG,sms
Lachlan,McKenzie,lachlan.mckenzie.0191@customer360.test,+1-555-291-8067,active,55-64,Brisbane,AU,push
Ruby,Mercer,ruby.mercer.0192@customer360.test,+1-555-292-8104,active,18-24,London,GB,email
Nina,Visser,nina.visser.0193@customer360.test,+1-555-293-8141,active,25-34,Rotterdam,NL,sms
Maya,Turner,maya.turner.0194@customer360.test,+1-555-294-8178,active,18-24,Atlanta,US,email
Darren,Rahman,darren.rahman.0195@customer360.test,+1-555-295-8215,active,35-44,Singapore,SG,email
Sanne,Vos,sanne.vos.0196@customer360.test,+1-555-296-8252,active,35-44,The Hague,NL,sms
Kavya,Saxena,kavya.saxena.0197@customer360.test,+1-555-297-8289,active,25-34,Kolkata,IN,push
Sakura,Yamamoto,sakura.yamamoto.0198@customer360.test,+1-555-298-8326,active,25-34,Kyoto,JP,email
Mariana,Navarro,mariana.navarro.0199@customer360.test,+1-555-299-8363,active,25-34,Queretaro,MX,email
Ishaan,Kapoor,ishaan.kapoor.0200@customer360.test,+1-555-300-8400,active,45-54,Chennai,IN,sms
Renata,Ortega,renata.ortega.0201@customer360.test,+1-555-301-8437,active,35-44,Guadalajara,MX,push
Ishaan,Nair,ishaan.nair.0202@customer360.test,+1-555-302-8474,active,35-44,Hyderabad,IN,sms
Theo,Fraser,theo.fraser.0203@customer360.test,+1-555-303-8511,active,25-34,Vancouver,CA,push
Daniel,Navarro,daniel.navarro.0204@customer360.test,+1-555-304-8548,active,45-54,Guadalajara,MX,push
Renata,Mendoza,renata.mendoza.0205@customer360.test,+1-555-305-8585,active,45-54,Guadalajara,MX,email
Morgan,Collins,morgan.collins.0206@customer360.test,+1-555-306-8622,active,35-44,Philadelphia,US,push
Riley Kai,Bennett,riley-kai.bennett.0207@customer360.test,+1-555-307-8659,active,18-24,Denver,US,push
Diya,Joshi,diya.joshi.0208@customer360.test,+1-555-308-8696,active,25-34,Chennai,IN,sms
Poppy,Hughes,poppy.hughes.0209@customer360.test,+1-555-309-8733,active,35-44,Leeds,GB,sms
Beatrice,Esposito,beatrice.esposito.0210@customer360.test,+1-555-310-8770,active,55-64,Naples,IT,sms
Aditya Neel,Kulkarni,aditya-neel.kulkarni.0211@customer360.test,+1-555-311-8807,active,55-64,Hyderabad,IN,sms
Morgan,Brooks,morgan.brooks.0212@customer360.test,+1-555-312-8844,active,55-64,Atlanta,US,email
Beatriz,Teixeira,beatriz.teixeira.0213@customer360.test,+1-555-313-8881,active,25-34,Brasilia,BR,push
Eva,Bakker,eva.bakker.0214@customer360.test,+1-555-314-8918,active,55-64,Eindhoven,NL,sms
Giulia Luca,Gallo,giulia-luca.gallo.0215@customer360.test,+1-555-315-8955,active,25-34,Bologna,IT,push
Hina Aya,Kato,hina-aya.kato.0216@customer360.test,+1-555-316-8992,active,25-34,Yokohama,JP,push
Arthur,Crawford,arthur.crawford.0217@customer360.test,+1-555-317-9029,active,35-44,London,GB,sms
Thiago Maria,Costa,thiago-maria.costa.0218@customer360.test,+1-555-318-9066,active,35-44,Porto Alegre,BR,email
Ethan Kai,Hayes,ethan-kai.hayes.0219@customer360.test,+1-555-319-9103,active,18-24,Denver,US,email
Miles,Bailey,miles.bailey.0220@customer360.test,+1-555-320-9140,active,45-54,Seattle,US,push
Arjun,Menon,arjun.menon.0221@customer360.test,+1-555-321-9177,active,35-44,Pune,IN,email
Nandi,Mokoena,nandi.mokoena.0222@customer360.test,+1-555-322-9214,active,25-34,Johannesburg,ZA,sms
Carmen,Cabrera,carmen.cabrera.0223@customer360.test,+1-555-323-9251,active,45-54,Malaga,ES,email
Maximilian,Vogel,maximilian.vogel.0224@customer360.test,+1-555-324-9288,active,25-34,Munich,DE,push
Clara,Morrison,clara.morrison.0225@customer360.test,+1-555-325-9325,active,35-44,Halifax,CA,email
Mila Elise,Fischer,mila-elise.fischer.0226@customer360.test,+1-555-326-9362,active,35-44,Munich,DE,push
Julian,Gauthier,julian.gauthier.0227@customer360.test,+1-555-327-9399,active,35-44,Vancouver,CA,email
Hina,Watanabe,hina.watanabe.0228@customer360.test,+1-555-328-9436,active,25-34,Osaka,JP,email
Morgan Marie,Russell,morgan-marie.russell.0229@customer360.test,+1-555-329-9473,active,18-24,Denver,US,email
Vihaan,Kapoor,vihaan.kapoor.0230@customer360.test,+1-555-330-9510,active,35-44,Delhi,IN,push
Jesse Marie,Visser,jesse-marie.visser.0231@customer360.test,+1-555-331-9547,active,25-34,Rotterdam,NL,push
Lucia,Cabrera,lucia.cabrera.0232@customer360.test,+1-555-332-9584,inactive,25-34,Seville,ES,push
Valeria Elena,Cervantes,valeria-elena.cervantes.0233@customer360.test,+1-555-333-9621,active,35-44,Puebla,MX,email
Sem Marie,Visser,sem-marie.visser.0234@customer360.test,+1-555-334-9658,active,18-24,The Hague,NL,sms
Anaya,Nair,anaya.nair.0235@customer360.test,+1-555-335-9695,active,45-54,Kochi,IN,email
Camille,Gauthier,camille.gauthier.0236@customer360.test,+1-555-336-9732,active,45-54,Ottawa,CA,push
Luiza,Oliveira,luiza.oliveira.0237@customer360.test,+1-555-337-9769,active,25-34,Recife,BR,email
Mei,Yamamoto,mei.yamamoto.0238@customer360.test,+1-555-338-9806,active,18-24,Fukuoka,JP,sms
Sofia,Bailey,sofia.bailey.0239@customer360.test,+1-555-339-9843,active,18-24,Atlanta,US,email
Lucas,Carvalho,lucas.carvalho.0240@customer360.test,+1-555-340-9880,active,25-34,Recife,BR,email
Aurora,Costa,aurora.costa.0241@customer360.test,+1-555-341-9917,active,25-34,Rome,IT,sms
Sienna Lee,Reid,sienna-lee.reid.0242@customer360.test,+1-555-342-9954,active,45-54,Canberra,AU,push
Jesse,Meijer,jesse.meijer.0243@customer360.test,+1-555-343-9991,active,45-54,Groningen,NL,email
Aditya,Kapoor,aditya.kapoor.0244@customer360.test,+1-555-344-1028,active,25-34,Bengaluru,IN,email
Zoe,Mitchell,zoe.mitchell.0245@customer360.test,+1-555-345-1065,active,55-64,Seattle,US,sms
Miles,Foster,miles.foster.0246@customer360.test,+1-555-346-1102,active,18-24,Philadelphia,US,email
Pablo,Vidal,pablo.vidal.0247@customer360.test,+1-555-347-1139,inactive,55-64,Madrid,ES,push
Chiara,Ricci,chiara.ricci.0248@customer360.test,+1-555-348-1176,active,25-34,Milan,IT,push
Yui,Kato,yui.kato.0249@customer360.test,+1-555-349-1213,inactive,45-54,Fukuoka,JP,push
Mateus,Ferreira,mateus.ferreira.0250@customer360.test,+1-555-350-1250,active,55-64,Recife,BR,sms
Cheryl,Teo,cheryl.teo.0251@customer360.test,+1-555-351-1287,inactive,25-34,Singapore,SG,push
Beatrice,Rossi,beatrice.rossi.0252@customer360.test,+1-555-352-1324,active,55-64,Naples,IT,push
Oscar,Fletcher,oscar.fletcher.0253@customer360.test,+1-555-353-1361,active,55-64,London,GB,sms
Santiago,Vargas,santiago.vargas.0254@customer360.test,+1-555-354-1398,inactive,55-64,Mexico City,MX,email
Sota,Kobayashi,sota.kobayashi.0255@customer360.test,+1-555-355-1435,active,45-54,Osaka,JP,push
Daniel,Mendoza,daniel.mendoza.0256@customer360.test,+1-555-356-1472,active,25-34,Monterrey,MX,email
Mila,Sinclair,mila.sinclair.0257@customer360.test,+1-555-357-1509,active,45-54,Calgary,CA,push
Jordan,Morgan,jordan.morgan.0258@customer360.test,+1-555-358-1546,active,35-44,Seattle,US,sms
Ethan,Cooper,ethan.cooper.0259@customer360.test,+1-555-359-1583,active,18-24,Atlanta,US,email
Hannah,Neumann,hannah.neumann.0260@customer360.test,+1-555-360-1620,active,25-34,Cologne,DE,sms
Evie,Whitmore,evie.whitmore.0261@customer360.test,+1-555-361-1657,active,35-44,Glasgow,GB,email
Camille,Chevalier,camille.chevalier.0262@customer360.test,+1-555-362-1694,active,25-34,Paris,FR,email
Alba,Navarro,alba.navarro.0263@customer360.test,+1-555-363-1731,active,18-24,Valencia,ES,sms
Vihaan,Rao,vihaan.rao.0264@customer360.test,+1-555-364-1768,active,45-54,Kochi,IN,sms
Sophie,Vogel,sophie.vogel.0265@customer360.test,+1-555-365-1805,active,45-54,Leipzig,DE,push
Marie,Brandt,marie.brandt.0266@customer360.test,+1-555-366-1842,active,25-34,Hamburg,DE,push
Jordan,Carter,jordan.carter.0267@customer360.test,+1-555-367-1879,active,55-64,Chicago,US,sms
Noor,Bakker,noor.bakker.0268@customer360.test,+1-555-368-1916,active,45-54,Amsterdam,NL,push
Sofia,Fuentes,sofia.fuentes.0269@customer360.test,+1-555-369-1953,active,25-34,Monterrey,MX,push
Giulia Maria,Bianchi,giulia-maria.bianchi.0270@customer360.test,+1-555-370-1990,inactive,45-54,Bologna,IT,sms
Imogen,Ellis,imogen.ellis.0271@customer360.test,+1-555-371-2027,active,45-54,Bristol,GB,email
Giulia,Ricci,giulia.ricci.0272@customer360.test,+1-555-372-2064,active,25-34,Milan,IT,sms
Elias,Campbell,elias.campbell.0273@customer360.test,+1-555-373-2101,active,18-24,Toronto,CA,push
Enzo,Araujo,enzo.araujo.0274@customer360.test,+1-555-374-2138,active,18-24,Rio de Janeiro,BR,push
Felix,Schneider,felix.schneider.0275@customer360.test,+1-555-375-2175,active,45-54,Hamburg,DE,email
Matilda,Anderson,matilda.anderson.0276@customer360.test,+1-555-376-2212,active,35-44,Melbourne,AU,push
Thabo,Mokoena,thabo.mokoena.0277@customer360.test,+1-555-377-2249,active,35-44,Pretoria,ZA,sms
Quinn,Cooper,quinn.cooper.0278@customer360.test,+1-555-378-2286,active,25-34,Austin,US,email
Elliot,Anderson,elliot.anderson.0279@customer360.test,+1-555-379-2323,active,25-34,Sydney,AU,push
Sota,Nakamura,sota.nakamura.0280@customer360.test,+1-555-380-2360,active,25-34,Fukuoka,JP,email
Alba,Iglesias,alba.iglesias.0281@customer360.test,+1-555-381-2397,active,18-24,Malaga,ES,email
Aarav,Sharma,aarav.sharma.0282@customer360.test,+1-555-382-2434,active,25-34,Mumbai,IN,sms
Marcus,Wong,marcus.wong.0283@customer360.test,+1-555-383-2471,active,55-64,Singapore,SG,sms
Santiago,Rios,santiago.rios.0284@customer360.test,+1-555-384-2508,active,35-44,Guadalajara,MX,sms
Wei Ming,Rahman,wei-ming.rahman.0285@customer360.test,+1-555-385-2545,active,25-34,Singapore,SG,push
Jonas,Becker,jonas.becker.0286@customer360.test,+1-555-386-2582,active,25-34,Hamburg,DE,email
Amelie,Laurent,amelie.laurent.0287@customer360.test,+1-555-387-2619,active,35-44,Marseille,FR,push
Caleb Grace,Parker,caleb-grace.parker.0288@customer360.test,+1-555-388-2656,active,45-54,Denver,US,sms
Felix,Richter,felix.richter.0289@customer360.test,+1-555-389-2693,active,35-44,Leipzig,DE,sms
Yuto,Yamada,yuto.yamada.0290@customer360.test,+1-555-390-2730,active,55-64,Tokyo,JP,sms
Lucas,Visser,lucas.visser.0291@customer360.test,+1-555-391-2767,active,25-34,Eindhoven,NL,push
Ines,Girard,ines.girard.0292@customer360.test,+1-555-392-2804,active,25-34,Paris,FR,push
Oscar,Lawson,oscar.lawson.0293@customer360.test,+1-555-393-2841,inactive,25-34,Manchester,GB,email
Taylor Lee,Morgan,taylor-lee.morgan.0294@customer360.test,+1-555-394-2878,active,35-44,San Diego,US,push
Nana,Kato,nana.kato.0295@customer360.test,+1-555-395-2915,active,35-44,Nagoya,JP,sms
Manon,Blanc,manon.blanc.0296@customer360.test,+1-555-396-2952,active,18-24,Marseille,FR,email
Caleb,Foster,caleb.foster.0297@customer360.test,+1-555-397-2989,active,25-34,Austin,US,sms
Carmen,Navarro,carmen.navarro.0298@customer360.test,+1-555-398-3026,active,25-34,Seville,ES,sms
Gabriel,Carvalho,gabriel.carvalho.0299@customer360.test,+1-555-399-3063,active,35-44,Brasilia,BR,push
Lerato,Van Wyk,lerato.van-wyk.0300@customer360.test,+1-555-400-3100,active,18-24,Johannesburg,ZA,sms
Camila,Ortega,camila.ortega.0301@customer360.test,+1-555-401-3137,active,25-34,Puebla,MX,email
Cameron,Carter,cameron.carter.0302@customer360.test,+1-555-402-3174,active,35-44,Minneapolis,US,email
Arthur,Mercer,arthur.mercer.0303@customer360.test,+1-555-403-3211,active,45-54,Manchester,GB,push
Ishita,Malhotra,ishita.malhotra.0304@customer360.test,+1-555-404-3248,active,25-34,Chennai,IN,push
Valeria Maria,Hernandez,valeria-maria.hernandez.0305@customer360.test,+1-555-405-3285,active,25-34,Puebla,MX,push
Ruby,Griffiths,ruby.griffiths.0306@customer360.test,+1-555-406-3322,active,35-44,Glasgow,GB,sms
Mio,Kobayashi,mio.kobayashi.0307@customer360.test,+1-555-407-3359,active,25-34,Tokyo,JP,sms
Sota Aya,Ito,sota-aya.ito.0308@customer360.test,+1-555-408-3396,active,45-54,Sapporo,JP,sms
Maya,Maseko,maya.maseko.0309@customer360.test,+1-555-409-3433,active,35-44,Johannesburg,ZA,push
Mila,Keller,mila.keller.0310@customer360.test,+1-555-410-3470,active,55-64,Hamburg,DE,email
Finn,Hoffmann,finn.hoffmann.0311@customer360.test,+1-555-411-3507,active,35-44,Munich,DE,push
Lwazi,Dlamini,lwazi.dlamini.0312@customer360.test,+1-555-412-3544,inactive,25-34,Pretoria,ZA,email
Lwazi,Maseko,lwazi.maseko.0313@customer360.test,+1-555-413-3581,active,25-34,Cape Town,ZA,sms
Javier,Rios,javier.rios.0314@customer360.test,+1-555-414-3618,active,45-54,Queretaro,MX,email
Amelie,Laurent,amelie.laurent.0315@customer360.test,+1-555-415-3655,active,55-64,Lyon,FR,sms
George Rose,Bennett,george-rose.bennett.0316@customer360.test,+1-555-416-3692,active,35-44,Bristol,GB,sms
Isabela,Barbosa,isabela.barbosa.0317@customer360.test,+1-555-417-3729,active,25-34,Porto Alegre,BR,sms
Miles,Foster,miles.foster.0318@customer360.test,+1-555-418-3766,inactive,35-44,Chicago,US,sms
Noah,Brandt,noah.brandt.0319@customer360.test,+1-555-419-3803,active,25-34,Cologne,DE,email
Daan,Bakker,daan.bakker.0320@customer360.test,+1-555-420-3840,active,45-54,Groningen,NL,email
Clara,Blanc,clara.blanc.0321@customer360.test,+1-555-421-3877,active,18-24,Toulouse,FR,sms
Carmen,Cabrera,carmen.cabrera.0322@customer360.test,+1-555-422-3914,active,45-54,Valencia,ES,push
Camille Anne,Fraser,camille-anne.fraser.0323@customer360.test,+1-555-423-3951,inactive,25-34,Edmonton,CA,sms
Isla,Mercer,isla.mercer.0324@customer360.test,+1-555-424-3988,active,35-44,Manchester,GB,push
Emiliano Jose,Castillo,emiliano-jose.castillo.0325@customer360.test,+1-555-425-4025,active,25-34,Mexico City,MX,push
Sanne,Bakker,sanne.bakker.0326@customer360.test,+1-555-426-4062,active,35-44,Utrecht,NL,email
Matteo,Gallo,matteo.gallo.0327@customer360.test,+1-555-427-4099,active,25-34,Bologna,IT,push
Jordan,Ward,jordan.ward.0328@customer360.test,+1-555-428-4136,inactive,25-34,Austin,US,email
Cooper,Morgan,cooper.morgan.0329@customer360.test,+1-555-429-4173,active,18-24,Hobart,AU,sms
Aditya,Sharma,aditya.sharma.0330@customer360.test,+1-555-430-4210,active,45-54,Bengaluru,IN,sms
Arjun,Lee,arjun.lee.0331@customer360.test,+1-555-431-4247,active,25-34,Singapore,SG,email
Morgan Marie,Ward,morgan-marie.ward.0332@customer360.test,+1-555-432-4284,inactive,35-44,Boston,US,sms
Leon Elise,Hoffmann,leon-elise.hoffmann.0333@customer360.test,+1-555-433-4321,active,45-54,Munich,DE,sms
Vivaan,Iyer,vivaan.iyer.0334@customer360.test,+1-555-434-4358,active,25-34,Kolkata,IN,email
Elena,Hernandez,elena.hernandez.0335@customer360.test,+1-555-435-4395,active,25-34,Queretaro,MX,sms
Aisha Kai,Goh,aisha-kai.goh.0336@customer360.test,+1-555-436-4432,active,25-34,Singapore,SG,push
Arjun,Ismail,arjun.ismail.0337@customer360.test,+1-555-437-4469,active,45-54,Singapore,SG,sms
Mio,Takahashi,mio.takahashi.0338@customer360.test,+1-555-438-4506,active,45-54,Osaka,JP,push
Mathis,Blanc,mathis.blanc.0339@customer360.test,+1-555-439-4543,active,25-34,Marseille,FR,email
Alejandro,Delgado,alejandro.delgado.0340@customer360.test,+1-555-440-4580,active,35-44,Monterrey,MX,push
Kaito,Watanabe,kaito.watanabe.0341@customer360.test,+1-555-441-4617,active,25-34,Sapporo,JP,sms
Marco,Conti,marco.conti.0342@customer360.test,+1-555-442-4654,active,25-34,Rome,IT,email
Lucas,De Vries,lucas.de-vries.0343@customer360.test,+1-555-443-4691,active,35-44,Amsterdam,NL,sms
Mateo,Rios,mateo.rios.0344@customer360.test,+1-555-444-4728,active,25-34,Queretaro,MX,push
Rohan,Nair,rohan.nair.0345@customer360.test,+1-555-445-4765,active,18-24,Kochi,IN,sms
Leon,Kruger,leon.kruger.0346@customer360.test,+1-555-446-4802,active,35-44,Berlin,DE,push
Juliette Paul,Chevalier,juliette-paul.chevalier.0347@customer360.test,+1-555-447-4839,active,18-24,Paris,FR,push
Lorenzo,Lombardi,lorenzo.lombardi.0348@customer360.test,+1-555-448-4876,active,25-34,Bologna,IT,sms
Nisha,Malhotra,nisha.malhotra.0349@customer360.test,+1-555-449-4913,active,35-44,Bengaluru,IN,push
Valentina,Carvalho,valentina.carvalho.0350@customer360.test,+1-555-450-4950,inactive,35-44,Salvador,BR,sms
Davide,Conti,davide.conti.0351@customer360.test,+1-555-451-4987,active,35-44,Palermo,IT,sms
Zara,Wallace,zara.wallace.0352@customer360.test,+1-555-452-5024,active,45-54,Sydney,AU,push
Cameron,Collins,cameron.collins.0353@customer360.test,+1-555-453-5061,active,45-54,Portland,US,email
Leonie,Renard,leonie.renard.0354@customer360.test,+1-555-454-5098,active,35-44,Lille,FR,email
Oscar,Reid,oscar.reid.0355@customer360.test,+1-555-455-5135,active,18-24,Melbourne,AU,sms
Zoe,Bennett,zoe.bennett.0356@customer360.test,+1-555-456-5172,active,18-24,Philadelphia,US,sms
Leon,Schneider,leon.schneider.0357@customer360.test,+1-555-457-5209,active,55-64,Hamburg,DE,push
Baptiste,Laurent,baptiste.laurent.0358@customer360.test,+1-555-458-5246,inactive,25-34,Marseille,FR,email
Haruto,Suzuki,haruto.suzuki.0359@customer360.test,+1-555-459-5283,active,25-34,Kyoto,JP,sms
Meera,Sharma,meera.sharma.0360@customer360.test,+1-555-460-5320,active,25-34,Delhi,IN,push
Noor,De Boer,noor.de-boer.0361@customer360.test,+1-555-461-5357,active,18-24,Amsterdam,NL,push
Riley,Russell,riley.russell.0362@customer360.test,+1-555-462-5394,active,18-24,Portland,US,sms
Renata,Serrano,renata.serrano.0363@customer360.test,+1-555-463-5431,active,55-64,Puebla,MX,sms
Kavya,Bhat,kavya.bhat.0364@customer360.test,+1-555-464-5468,active,55-64,Bengaluru,IN,push
Marie,Neumann,marie.neumann.0365@customer360.test,+1-555-465-5505,active,55-64,Munich,DE,email
Amelie,Fraser,amelie.fraser.0366@customer360.test,+1-555-466-5542,active,25-34,Halifax,CA,push
Kabir,Kulkarni,kabir.kulkarni.0367@customer360.test,+1-555-467-5579,inactive,25-34,Ahmedabad,IN,email
Chloe,Fournier,chloe.fournier.0368@customer360.test,+1-555-468-5616,active,35-44,Calgary,CA,push
Felix,Hoffmann,felix.hoffmann.0369@customer360.test,+1-555-469-5653,active,25-34,Leipzig,DE,sms
Diego Jose,Morales,diego-jose.morales.0370@customer360.test,+1-555-470-5690,active,45-54,Guadalajara,MX,email
Tara Riya,Kapoor,tara-riya.kapoor.0371@customer360.test,+1-555-471-5727,active,25-34,Pune,IN,push
Louis,Dubois,louis.dubois.0372@customer360.test,+1-555-472-5764,active,35-44,Lyon,FR,push
Morgan,Russell,morgan.russell.0373@customer360.test,+1-555-473-5801,active,35-44,San Diego,US,push
Morgan,Turner,morgan.turner.0374@customer360.test,+1-555-474-5838,inactive,25-34,Denver,US,email
Noor,Visser,noor.visser.0375@customer360.test,+1-555-475-5875,active,25-34,Groningen,NL,email
Wei Ming,Koh,wei-ming.koh.0376@customer360.test,+1-555-476-5912,active,45-54,Singapore,SG,email
Leonardo Anna,Bianchi,leonardo-anna.bianchi.0377@customer360.test,+1-555-477-5949,active,25-34,Turin,IT,push
Caio Clara,Nogueira,caio-clara.nogueira.0378@customer360.test,+1-555-478-5986,active,55-64,Salvador,BR,email
Quinn,Mitchell,quinn.mitchell.0379@customer360.test,+1-555-479-6023,active,35-44,Portland,US,sms
Poppy Louise,Lawson,poppy-louise.lawson.0380@customer360.test,+1-555-480-6060,active,35-44,Leeds,GB,push
Theo Jean,Morrison,theo-jean.morrison.0381@customer360.test,+1-555-481-6097,active,18-24,Montreal,CA,sms
Reyansh,Rao,reyansh.rao.0382@customer360.test,+1-555-482-6134,active,35-44,Ahmedabad,IN,sms
Fleur,Vos,fleur.vos.0383@customer360.test,+1-555-483-6171,active,25-34,Amsterdam,NL,sms
Clara,Moreau,clara.moreau.0384@customer360.test,+1-555-484-6208,active,25-34,Toulouse,FR,push
Nadia,Wong,nadia.wong.0385@customer360.test,+1-555-485-6245,active,25-34,Singapore,SG,sms
Jordan,Collins,jordan.collins.0386@customer360.test,+1-555-486-6282,active,55-64,San Diego,US,push
Quinn Kai,Brooks,quinn-kai.brooks.0387@customer360.test,+1-555-487-6319,active,25-34,Atlanta,US,email
Aiden Lee,Dlamini,aiden-lee.dlamini.0388@customer360.test,+1-555-488-6356,active,35-44,Durban,ZA,push
Nandi Nia,Botha,nandi-nia.botha.0389@customer360.test,+1-555-489-6393,inactive,55-64,Durban,ZA,sms
Fleur,Bos,fleur.bos.0390@customer360.test,+1-555-490-6430,active,55-64,Amsterdam,NL,push
Leah Anne,Mercer,leah-anne.mercer.0391@customer360.test,+1-555-491-6467,active,18-24,Calgary,CA,email
Ishaan,Rao,ishaan.rao.0392@customer360.test,+1-555-492-6504,active,25-34,Delhi,IN,sms
Diya,Sharma,diya.sharma.0393@customer360.test,+1-555-493-6541,active,35-44,Kochi,IN,push
Hannah,Vogel,hannah.vogel.0394@customer360.test,+1-555-494-6578,active,35-44,Stuttgart,DE,push
Sota,Yamada,sota.yamada.0395@customer360.test,+1-555-495-6615,inactive,25-34,Tokyo,JP,email
Aoi,Tanaka,aoi.tanaka.0396@customer360.test,+1-555-496-6652,active,25-34,Tokyo,JP,sms
Haruto,Yamamoto,haruto.yamamoto.0397@customer360.test,+1-555-497-6689,active,25-34,Fukuoka,JP,push
Marie,Vogel,marie.vogel.0398@customer360.test,+1-555-498-6726,active,45-54,Frankfurt,DE,email
Diya,Iyer,diya.iyer.0399@customer360.test,+1-555-499-6763,active,25-34,Bengaluru,IN,email
Avery,Turner,avery.turner.0400@customer360.test,+1-555-500-6800,inactive,45-54,Seattle,US,email
Felix,Neumann,felix.neumann.0401@customer360.test,+1-555-501-6837,active,18-24,Berlin,DE,email
Leonardo,Moretti,leonardo.moretti.0402@customer360.test,+1-555-502-6874,active,18-24,Rome,IT,sms
Jack James,Fletcher,jack-james.fletcher.0403@customer360.test,+1-555-503-6911,inactive,25-34,Brisbane,AU,push
Nora,Foster,nora.foster.0404@customer360.test,+1-555-504-6948,active,25-34,Atlanta,US,sms
Chloe,Mercier,chloe.mercier.0405@customer360.test,+1-555-505-6985,active,35-44,Toulouse,FR,sms
Caleb,Mitchell,caleb.mitchell.0406@customer360.test,+1-555-506-7022,inactive,25-34,Portland,US,sms
Arjun,Kapoor,arjun.kapoor.0407@customer360.test,+1-555-507-7059,active,35-44,Hyderabad,IN,push
Naomi,Turner,naomi.turner.0408@customer360.test,+1-555-508-7096,inactive,25-34,Austin,US,push
Taylor,Ward,taylor.ward.0409@customer360.test,+1-555-509-7133,active,35-44,Seattle,US,email
Vivaan,Mehta,vivaan.mehta.0410@customer360.test,+1-555-510-7170,active,45-54,Jaipur,IN,push
Beatriz Maria,Teixeira,beatriz-maria.teixeira.0411@customer360.test,+1-555-511-7207,active,35-44,Salvador,BR,sms
Sota,Takahashi,sota.takahashi.0412@customer360.test,+1-555-512-7244,active,18-24,Sapporo,JP,push
Oscar Grace,Sullivan,oscar-grace.sullivan.0413@customer360.test,+1-555-513-7281,active,35-44,Adelaide,AU,push
Thiago,Carvalho,thiago.carvalho.0414@customer360.test,+1-555-514-7318,active,18-24,Recife,BR,sms
Emilia,Kruger,emilia.kruger.0415@customer360.test,+1-555-515-7355,active,35-44,Cologne,DE,sms
Sofia,Turner,sofia.turner.0416@customer360.test,+1-555-516-7392,active,25-34,Denver,US,email
Parker,Bennett,parker.bennett.0417@customer360.test,+1-555-517-7429,active,18-24,Minneapolis,US,push
Aisha,Ng,aisha.ng.0418@customer360.test,+1-555-518-7466,active,18-24,Singapore,SG,email
Maeve,Beaulieu,maeve.beaulieu.0419@customer360.test,+1-555-519-7503,active,55-64,Edmonton,CA,email
Logan,Bailey,logan.bailey.0420@customer360.test,+1-555-520-7540,active,25-34,Minneapolis,US,email
Giulia,Conti,giulia.conti.0421@customer360.test,+1-555-521-7577,active,35-44,Bologna,IT,sms
Isla,Hughes,isla.hughes.0422@customer360.test,+1-555-522-7614,active,35-44,Sydney,AU,sms
Owen,Beaulieu,owen.beaulieu.0423@customer360.test,+1-555-523-7651,active,35-44,Calgary,CA,sms
Ren,Kato,ren.kato.0424@customer360.test,+1-555-524-7688,active,55-64,Nagoya,JP,push
Reyansh,Iyer,reyansh.iyer.0425@customer360.test,+1-555-525-7725,active,35-44,Mumbai,IN,push
Quinn,Foster,quinn.foster.0426@customer360.test,+1-555-526-7762,active,45-54,Atlanta,US,sms
Helena Clara,Almeida,helena-clara.almeida.0427@customer360.test,+1-555-527-7799,active,35-44,Porto Alegre,BR,push
Mia James,Cameron,mia-james.cameron.0428@customer360.test,+1-555-528-7836,active,35-44,Melbourne,AU,push
Miles,Morgan,miles.morgan.0429@customer360.test,+1-555-529-7873,active,18-24,Philadelphia,US,sms
Nana,Nakamura,nana.nakamura.0430@customer360.test,+1-555-530-7910,inactive,35-44,Kyoto,JP,email
Mia,Morgan,mia.morgan.0431@customer360.test,+1-555-531-7947,active,25-34,Hobart,AU,push
Clara,Blanc,clara.blanc.0432@customer360.test,+1-555-532-7984,active,45-54,Bordeaux,FR,email
Parker,Hayes,parker.hayes.0433@customer360.test,+1-555-533-8021,active,18-24,San Diego,US,email
Haruto,Watanabe,haruto.watanabe.0434@customer360.test,+1-555-534-8058,active,55-64,Yokohama,JP,push
Valeria,Castillo,valeria.castillo.0435@customer360.test,+1-555-535-8095,active,25-34,Puebla,MX,email
Oliver,Ellis,oliver.ellis.0436@customer360.test,+1-555-536-8132,active,55-64,Edinburgh,GB,email
Hui Min,Ismail,hui-min.ismail.0437@customer360.test,+1-555-537-8169,active,35-44,Singapore,SG,sms
Oscar,Sullivan,oscar.sullivan.0438@customer360.test,+1-555-538-8206,active,55-64,Brisbane,AU,email
Lucas,Ferreira,lucas.ferreira.0439@customer360.test,+1-555-539-8243,active,55-64,Recife,BR,sms
Chiara Anna,Costa,chiara-anna.costa.0440@customer360.test,+1-555-540-8280,active,25-34,Palermo,IT,push
Nur,Koh,nur.koh.0441@customer360.test,+1-555-541-8317,active,25-34,Singapore,SG,email
Leonie,Marchand,leonie.marchand.0442@customer360.test,+1-555-542-8354,inactive,35-44,Paris,FR,sms
Kavya,Bhat,kavya.bhat.0443@customer360.test,+1-555-543-8391,active,55-64,Chennai,IN,push
Mila Marie,Poirier,mila-marie.poirier.0444@customer360.test,+1-555-544-8428,active,18-24,Ottawa,CA,email
Isla,Hughes,isla.hughes.0445@customer360.test,+1-555-545-8465,active,25-34,Adelaide,AU,email
Paul,Keller,paul.keller.0446@customer360.test,+1-555-546-8502,active,18-24,Frankfurt,DE,push
Lucas,Jansen,lucas.jansen.0447@customer360.test,+1-555-547-8539,active,18-24,The Hague,NL,email
Evie,Crawford,evie.crawford.0448@customer360.test,+1-555-548-8576,active,25-34,Manchester,GB,email
Parker,Mitchell,parker.mitchell.0449@customer360.test,+1-555-549-8613,active,45-54,Atlanta,US,sms
Nana,Suzuki,nana.suzuki.0450@customer360.test,+1-555-550-8650,active,25-34,Sapporo,JP,email
Chloe,Lavoie,chloe.lavoie.0451@customer360.test,+1-555-551-8687,active,45-54,Halifax,CA,sms
Riku,Yoshida,riku.yoshida.0452@customer360.test,+1-555-552-8724,active,25-34,Fukuoka,JP,sms
Sakura,Yamamoto,sakura.yamamoto.0453@customer360.test,+1-555-553-8761,active,45-54,Nagoya,JP,sms
Maeve,Mercer,maeve.mercer.0454@customer360.test,+1-555-554-8798,active,18-24,Montreal,CA,push
Arjun Kiran,Rao,arjun-kiran.rao.0455@customer360.test,+1-555-555-8835,active,35-44,Delhi,IN,push
Lena,Becker,lena.becker.0456@customer360.test,+1-555-556-8872,active,55-64,Cologne,DE,email
Mila,Morrison,mila.morrison.0457@customer360.test,+1-555-557-8909,active,25-34,Calgary,CA,push
Marco Anna,Romano,marco-anna.romano.0458@customer360.test,+1-555-558-8946,active,18-24,Milan,IT,email
Theo,Renard,theo.renard.0459@customer360.test,+1-555-559-8983,active,35-44,Bordeaux,FR,sms
Leon,Vogel,leon.vogel.0460@customer360.test,+1-555-560-9020,active,55-64,Leipzig,DE,email
Diya,Iyer,diya.iyer.0461@customer360.test,+1-555-561-9057,inactive,25-34,Kochi,IN,push
Clara,Richter,clara.richter.0462@customer360.test,+1-555-562-9094,active,18-24,Stuttgart,DE,push
Siti,Koh,siti.koh.0463@customer360.test,+1-555-563-9131,active,35-44,Singapore,SG,sms
Sienna,Hughes,sienna.hughes.0464@customer360.test,+1-555-564-9168,active,55-64,Brisbane,AU,push
Santiago,Morales,santiago.morales.0465@customer360.test,+1-555-565-9205,active,35-44,Guadalajara,MX,email
Luiza,Nogueira,luiza.nogueira.0466@customer360.test,+1-555-566-9242,active,25-34,Sao Paulo,BR,push
Oscar,McKenzie,oscar.mckenzie.0467@customer360.test,+1-555-567-9279,active,25-34,Perth,AU,push
Lena Anne,Keller,lena-anne.keller.0468@customer360.test,+1-555-568-9316,active,45-54,Munich,DE,sms
Aiden Grace,Botha,aiden-grace.botha.0469@customer360.test,+1-555-569-9353,active,25-34,Gqeberha,ZA,push
Ethan,Turner,ethan.turner.0470@customer360.test,+1-555-570-9390,inactive,45-54,Philadelphia,US,email
Finn,Kruger,finn.kruger.0471@customer360.test,+1-555-571-9427,inactive,25-34,Leipzig,DE,email
Owen,Bennett,owen.bennett.0472@customer360.test,+1-555-572-9464,active,55-64,Ottawa,CA,push
Pedro,Oliveira,pedro.oliveira.0473@customer360.test,+1-555-573-9501,active,35-44,Rio de Janeiro,BR,email
Siti,Tan,siti.tan.0474@customer360.test,+1-555-574-9538,active,55-64,Singapore,SG,sms
Renata,Mendoza,renata.mendoza.0475@customer360.test,+1-555-575-9575,active,25-34,Puebla,MX,push
Sophie,Fraser,sophie.fraser.0476@customer360.test,+1-555-576-9612,active,35-44,Calgary,CA,push
Lachlan,Reid,lachlan.reid.0477@customer360.test,+1-555-577-9649,active,55-64,Hobart,AU,email
Poppy,Whitmore,poppy.whitmore.0478@customer360.test,+1-555-578-9686,active,35-44,Edinburgh,GB,sms
Juliette,Rousseau,juliette.rousseau.0479@customer360.test,+1-555-579-9723,active,55-64,Lille,FR,sms
Mariana,Barbosa,mariana.barbosa.0480@customer360.test,+1-555-580-9760,active,45-54,Sao Paulo,BR,sms
Lucas,De Vries,lucas.de-vries.0481@customer360.test,+1-555-581-9797,inactive,25-34,Eindhoven,NL,email
George,Ellis,george.ellis.0482@customer360.test,+1-555-582-9834,active,25-34,Edinburgh,GB,push
Owen,Poirier,owen.poirier.0483@customer360.test,+1-555-583-9871,active,25-34,Ottawa,CA,push
Diego,Ortega,diego.ortega.0484@customer360.test,+1-555-584-9908,active,25-34,Merida,MX,push
Ines,Chevalier,ines.chevalier.0485@customer360.test,+1-555-585-9945,active,45-54,Marseille,FR,email
Nisha,Saxena,nisha.saxena.0486@customer360.test,+1-555-586-9982,active,55-64,Pune,IN,email
Evie,Whitmore,evie.whitmore.0487@customer360.test,+1-555-587-1019,active,45-54,Manchester,GB,sms
Julian Anne,Morrison,julian-anne.morrison.0488@customer360.test,+1-555-588-1056,active,25-34,Calgary,CA,push
Sofia,Navarro,sofia.navarro.0489@customer360.test,+1-555-589-1093,active,45-54,Valencia,ES,sms
Aoi,Sato,aoi.sato.0490@customer360.test,+1-555-590-1130,active,35-44,Nagoya,JP,push
Ishita,Iyer,ishita.iyer.0491@customer360.test,+1-555-591-1167,active,35-44,Mumbai,IN,sms
Elena,Vidal,elena.vidal.0492@customer360.test,+1-555-592-1204,active,18-24,Valencia,ES,push
Carmen,Ortega,carmen.ortega.0493@customer360.test,+1-555-593-1241,active,25-34,Valencia,ES,push
Hugo,Harrington,hugo.harrington.0494@customer360.test,+1-555-594-1278,active,55-64,Birmingham,GB,sms
Maximilian,Keller,maximilian.keller.0495@customer360.test,+1-555-595-1315,active,45-54,Hamburg,DE,push
Taylor,Bailey,taylor.bailey.0496@customer360.test,+1-555-596-1352,active,25-34,Denver,US,push
Sota Aya,Kobayashi,sota-aya.kobayashi.0497@customer360.test,+1-555-597-1389,active,35-44,Nagoya,JP,email
Emilia,Wagner,emilia.wagner.0498@customer360.test,+1-555-598-1426,inactive,45-54,Hamburg,DE,sms
Mei,Nakamura,mei.nakamura.0499@customer360.test,+1-555-599-1463,active,35-44,Yokohama,JP,email
Aoi Miki,Takahashi,aoi-miki.takahashi.0500@customer360.test,+1-555-600-1500,active,55-64,Osaka,JP,push
Hamish Grace,Morgan,hamish-grace.morgan.0501@customer360.test,+1-555-601-1537,active,18-24,Adelaide,AU,email
Hannah,Becker,hannah.becker.0502@customer360.test,+1-555-602-1574,active,25-34,Berlin,DE,push
Alba,Cabrera,alba.cabrera.0503@customer360.test,+1-555-603-1611,active,35-44,Malaga,ES,sms
Avery,Bennett,avery.bennett.0504@customer360.test,+1-555-604-1648,active,45-54,Austin,US,email
Jordan,Brooks,jordan.brooks.0505@customer360.test,+1-555-605-1685,active,35-44,San Diego,US,push
Logan,Hayes,logan.hayes.0506@customer360.test,+1-555-606-1722,active,35-44,Seattle,US,email
Kaito,Watanabe,kaito.watanabe.0507@customer360.test,+1-555-607-1759,active,35-44,Kyoto,JP,push
Caio Clara,Carvalho,caio-clara.carvalho.0508@customer360.test,+1-555-608-1796,active,25-34,Curitiba,BR,email
Theo,Bouchard,theo.bouchard.0509@customer360.test,+1-555-609-1833,active,55-64,Vancouver,CA,email
Sofia,Navarro,sofia.navarro.0510@customer360.test,+1-555-610-1870,active,25-34,Bilbao,ES,sms
Thabo,Naidoo,thabo.naidoo.0511@customer360.test,+1-555-611-1907,active,35-44,Cape Town,ZA,sms
Parker,Reed,parker.reed.0512@customer360.test,+1-555-612-1944,active,55-64,Boston,US,sms
Owen,Mercer,owen.mercer.0513@customer360.test,+1-555-613-1981,active,45-54,Vancouver,CA,sms
Leonardo,Lombardi,leonardo.lombardi.0514@customer360.test,+1-555-614-2018,active,35-44,Palermo,IT,sms
Clara,Hoffmann,clara.hoffmann.0515@customer360.test,+1-555-615-2055,active,45-54,Frankfurt,DE,sms
Oscar,Bennett,oscar.bennett.0516@customer360.test,+1-555-616-2092,active,35-44,Sydney,AU,sms
Louis,Renard,louis.renard.0517@customer360.test,+1-555-617-2129,active,55-64,Bordeaux,FR,push
Kaito,Yoshida,kaito.yoshida.0518@customer360.test,+1-555-618-2166,active,25-34,Tokyo,JP,sms
Ryan,Chua,ryan.chua.0519@customer360.test,+1-555-619-2203,active,35-44,Singapore,SG,email
Mateo,Vega,mateo.vega.0520@customer360.test,+1-555-620-2240,active,25-34,Valencia,ES,push
Enzo,Teixeira,enzo.teixeira.0521@customer360.test,+1-555-621-2277,active,45-54,Salvador,BR,sms
Lena,Reed,lena.reed.0522@customer360.test,+1-555-622-2314,active,25-34,Philadelphia,US,email
Luiza,Almeida,luiza.almeida.0523@customer360.test,+1-555-623-2351,active,25-34,Salvador,BR,sms
Maeve,Campbell,maeve.campbell.0524@customer360.test,+1-555-624-2388,active,45-54,Halifax,CA,email
Maisie,Whitmore,maisie.whitmore.0525@customer360.test,+1-555-625-2425,active,35-44,Manchester,GB,push
Camille,Morrison,camille.morrison.0526@customer360.test,+1-555-626-2462,active,35-44,Toronto,CA,sms
Anaya,Menon,anaya.menon.0527@customer360.test,+1-555-627-2499,active,45-54,Mumbai,IN,sms
Naomi,Cooper,naomi.cooper.0528@customer360.test,+1-555-628-2536,active,35-44,Portland,US,email
Camille,Bennett,camille.bennett.0529@customer360.test,+1-555-629-2573,active,25-34,Halifax,CA,sms
Tess,Vos,tess.vos.0530@customer360.test,+1-555-630-2610,active,35-44,Amsterdam,NL,email
Sana Kiran,Saxena,sana-kiran.saxena.0531@customer360.test,+1-555-631-2647,active,45-54,Bengaluru,IN,email
Jordan,Russell,jordan.russell.0532@customer360.test,+1-555-632-2684,active,25-34,Minneapolis,US,push
Felix,Richter,felix.richter.0533@customer360.test,+1-555-633-2721,active,35-44,Munich,DE,email
Lerato,Van Wyk,lerato.van-wyk.0534@customer360.test,+1-555-634-2758,active,18-24,Pretoria,ZA,sms
Elisa,Bianchi,elisa.bianchi.0535@customer360.test,+1-555-635-2795,inactive,35-44,Turin,IT,sms
Milan,Meijer,milan.meijer.0536@customer360.test,+1-555-636-2832,active,45-54,Utrecht,NL,sms
Pablo Luis,Garcia,pablo-luis.garcia.0537@customer360.test,+1-555-637-2869,active,25-34,Madrid,ES,email
Ishita,Kapoor,ishita.kapoor.0538@customer360.test,+1-555-638-2906,active,25-34,Pune,IN,sms
Leah,Gauthier,leah.gauthier.0539@customer360.test,+1-555-639-2943,active,35-44,Toronto,CA,push
Aarav,Menon,aarav.menon.0540@customer360.test,+1-555-640-2980,active,35-44,Mumbai,IN,sms
Evie,Harrington,evie.harrington.0541@customer360.test,+1-555-641-3017,active,45-54,Manchester,GB,sms
Milan,Mulder,milan.mulder.0542@customer360.test,+1-555-642-3054,inactive,25-34,Eindhoven,NL,email
Theo Jean,Fontaine,theo-jean.fontaine.0543@customer360.test,+1-555-643-3091,active,35-44,Toulouse,FR,email
Camille,Blanc,camille.blanc.0544@customer360.test,+1-555-644-3128,active,18-24,Marseille,FR,email
Riley,Cooper,riley.cooper.0545@customer360.test,+1-555-645-3165,active,55-64,San Diego,US,email
Ishaan,Kulkarni,ishaan.kulkarni.0546@customer360.test,+1-555-646-3202,active,45-54,Kolkata,IN,email
Maisie,Sinclair,maisie.sinclair.0547@customer360.test,+1-555-647-3239,active,35-44,Edinburgh,GB,sms
Cameron,Morgan,cameron.morgan.0548@customer360.test,+1-555-648-3276,active,18-24,San Diego,US,sms
Maximilian,Fischer,maximilian.fischer.0549@customer360.test,+1-555-649-3313,active,18-24,Berlin,DE,email
Noah Elise,Becker,noah-elise.becker.0550@customer360.test,+1-555-650-3350,active,25-34,Stuttgart,DE,email
Isla,Hughes,isla.hughes.0551@customer360.test,+1-555-651-3387,active,55-64,Perth,AU,email
Lena,Cooper,lena.cooper.0552@customer360.test,+1-555-652-3424,active,55-64,Atlanta,US,email
Clara,Richter,clara.richter.0553@customer360.test,+1-555-653-3461,active,25-34,Hamburg,DE,email
Davide Maria,Marino,davide-maria.marino.0554@customer360.test,+1-555-654-3498,active,25-34,Rome,IT,email
Mia,Fletcher,mia.fletcher.0555@customer360.test,+1-555-655-3535,active,45-54,Sydney,AU,email
Davide Anna,Marino,davide-anna.marino.0556@customer360.test,+1-555-656-3572,active,18-24,Bologna,IT,push
Owen,Bouchard,owen.bouchard.0557@customer360.test,+1-555-657-3609,inactive,35-44,Toronto,CA,sms
Hugo,Fontaine,hugo.fontaine.0558@customer360.test,+1-555-658-3646,active,25-34,Bordeaux,FR,email
Santiago,Mendoza,santiago.mendoza.0559@customer360.test,+1-555-659-3683,active,18-24,Mexico City,MX,sms
Parker Grace,Foster,parker-grace.foster.0560@customer360.test,+1-555-660-3720,active,18-24,Philadelphia,US,email
Enzo,Nogueira,enzo.nogueira.0561@customer360.test,+1-555-661-3757,active,35-44,Porto Alegre,BR,email
Mei,Yamada,mei.yamada.0562@customer360.test,+1-555-662-3794,active,45-54,Tokyo,JP,sms
Ethan,Wong,ethan.wong.0563@customer360.test,+1-555-663-3831,active,55-64,Singapore,SG,push
Arjun Neel,Pillai,arjun-neel.pillai.0564@customer360.test,+1-555-664-3868,active,18-24,Chennai,IN,push
Amelia,Bennett,amelia.bennett.0565@customer360.test,+1-555-665-3905,active,25-34,Manchester,GB,sms
Emilia Anne,Kruger,emilia-anne.kruger.0566@customer360.test,+1-555-666-3942,inactive,25-34,Cologne,DE,sms
Lucas Maria,Costa,lucas-maria.costa.0567@customer360.test,+1-555-667-3979,active,18-24,Salvador,BR,sms
Oscar,Hughes,oscar.hughes.0568@customer360.test,+1-555-668-4016,active,55-64,Hobart,AU,email
Alice Giovanni,Moretti,alice-giovanni.moretti.0569@customer360.test,+1-555-669-4053,active,18-24,Naples,IT,push
Ishita,Chatterjee,ishita.chatterjee.0570@customer360.test,+1-555-670-4090,active,35-44,Pune,IN,push
Davide,Costa,davide.costa.0571@customer360.test,+1-555-671-4127,active,25-34,Bologna,IT,email
Manon Paul,Mercier,manon-paul.mercier.0572@customer360.test,+1-555-672-4164,active,25-34,Lyon,FR,email
Kai Wen Jia,Tan,kai-wen-jia.tan.0573@customer360.test,+1-555-673-4201,active,18-24,Singapore,SG,push
Ethan,Foster,ethan.foster.0574@customer360.test,+1-555-674-4238,active,35-44,Seattle,US,push
Isla,Cameron,isla.cameron.0575@customer360.test,+1-555-675-4275,active,35-44,Canberra,AU,email
Lucia,Ortega,lucia.ortega.0576@customer360.test,+1-555-676-4312,active,45-54,Queretaro,MX,sms
Miles,Turner,miles.turner.0577@customer360.test,+1-555-677-4349,active,25-34,Seattle,US,email
Nisha Priya,Chatterjee,nisha-priya.chatterjee.0578@customer360.test,+1-555-678-4386,active,35-44,Hyderabad,IN,sms
Owen,Lavoie,owen.lavoie.0579@customer360.test,+1-555-679-4423,active,45-54,Halifax,CA,email
Theo,Chevalier,theo.chevalier.0580@customer360.test,+1-555-680-4460,active,35-44,Toulouse,FR,push
Daniel,Mendoza,daniel.mendoza.0581@customer360.test,+1-555-681-4497,active,18-24,Puebla,MX,sms
Taylor,Foster,taylor.foster.0582@customer360.test,+1-555-682-4534,active,35-44,Minneapolis,US,push
Zinhle,Pillay,zinhle.pillay.0583@customer360.test,+1-555-683-4571,active,45-54,Gqeberha,ZA,push
Hugo,Bennett,hugo.bennett.0584@customer360.test,+1-555-684-4608,active,18-24,Edinburgh,GB,push
Ethan,Russell,ethan.russell.0585@customer360.test,+1-555-685-4645,active,25-34,Boston,US,push
Hina,Sato,hina.sato.0586@customer360.test,+1-555-686-4682,active,55-64,Tokyo,JP,sms
Diego,Marin,diego.marin.0587@customer360.test,+1-555-687-4719,active,35-44,Valencia,ES,sms
Jordan Lee,Mitchell,jordan-lee.mitchell.0588@customer360.test,+1-555-688-4756,active,55-64,Boston,US,push
Hugo,Marin,hugo.marin.0589@customer360.test,+1-555-689-4793,inactive,18-24,Bilbao,ES,push
Lucia,Marin,lucia.marin.0590@customer360.test,+1-555-690-4830,inactive,35-44,Madrid,ES,email
Pablo Luis,Cabrera,pablo-luis.cabrera.0591@customer360.test,+1-555-691-4867,active,25-34,Valencia,ES,email
Manon,Mercier,manon.mercier.0592@customer360.test,+1-555-692-4904,active,45-54,Bordeaux,FR,email
Naomi Marie,Mitchell,naomi-marie.mitchell.0593@customer360.test,+1-555-693-4941,active,25-34,Chicago,US,push
Beatriz,Mendes,beatriz.mendes.0594@customer360.test,+1-555-694-4978,active,35-44,Curitiba,BR,email
Enzo,Ferreira,enzo.ferreira.0595@customer360.test,+1-555-695-5015,inactive,18-24,Salvador,BR,sms
Noah Elise,Wagner,noah-elise.wagner.0596@customer360.test,+1-555-696-5052,active,45-54,Cologne,DE,sms
Nadia,Chua,nadia.chua.0597@customer360.test,+1-555-697-5089,active,35-44,Singapore,SG,sms
Sanne,Smit,sanne.smit.0598@customer360.test,+1-555-698-5126,active,45-54,Amsterdam,NL,push
Clara,Vogel,clara.vogel.0599@customer360.test,+1-555-699-5163,active,25-34,Hamburg,DE,email
Imogen,Griffiths,imogen.griffiths.0600@customer360.test,+1-555-700-5200,active,35-44,Birmingham,GB,sms
Kabir,Pillai,kabir.pillai.0601@customer360.test,+1-555-701-5237,active,35-44,Ahmedabad,IN,email
Pedro,Araujo,pedro.araujo.0602@customer360.test,+1-555-702-5274,active,25-34,Salvador,BR,email
Tara,Joshi,tara.joshi.0603@customer360.test,+1-555-703-5311,active,45-54,Kochi,IN,email
Sakura,Ito,sakura.ito.0604@customer360.test,+1-555-704-5348,active,25-34,Sapporo,JP,sms
Milan,De Boer,milan.de-boer.0605@customer360.test,+1-555-705-5385,active,25-34,Amsterdam,NL,push
Luiza Joao,Carvalho,luiza-joao.carvalho.0606@customer360.test,+1-555-706-5422,active,18-24,Recife,BR,email
Diego,Castro,diego.castro.0607@customer360.test,+1-555-707-5459,active,25-34,Malaga,ES,email
Isla,Griffiths,isla.griffiths.0608@customer360.test,+1-555-708-5496,active,25-34,Leeds,GB,email
Ethan Grace,Parker,ethan-grace.parker.0609@customer360.test,+1-555-709-5533,active,25-34,Portland,US,push
Paul,Kruger,paul.kruger.0610@customer360.test,+1-555-710-5570,active,45-54,Cologne,DE,email
Ethan,Turner,ethan.turner.0611@customer360.test,+1-555-711-5607,active,55-64,Austin,US,email
Theo,Gauthier,theo.gauthier.0612@customer360.test,+1-555-712-5644,active,18-24,Halifax,CA,email
Chloe Anne,Gauthier,chloe-anne.gauthier.0613@customer360.test,+1-555-713-5681,active,45-54,Halifax,CA,sms
Elena,Marin,elena.marin.0614@customer360.test,+1-555-714-5718,active,35-44,Valencia,ES,sms
Tara,Desai,tara.desai.0615@customer360.test,+1-555-715-5755,active,18-24,Pune,IN,push
Lucia,Morales,lucia.morales.0616@customer360.test,+1-555-716-5792,active,25-34,Monterrey,MX,sms
Parker,Reed,parker.reed.0617@customer360.test,+1-555-717-5829,active,45-54,Minneapolis,US,push
Aditi,Bhat,aditi.bhat.0618@customer360.test,+1-555-718-5866,active,25-34,Pune,IN,sms
Renata Jose,Mendoza,renata-jose.mendoza.0619@customer360.test,+1-555-719-5903,active,35-44,Queretaro,MX,sms
Kabir,Malhotra,kabir.malhotra.0620@customer360.test,+1-555-720-5940,active,35-44,Kolkata,IN,sms
Lotte,De Boer,lotte.de-boer.0621@customer360.test,+1-555-721-5977,active,18-24,Groningen,NL,sms
George,Mercer,george.mercer.0622@customer360.test,+1-555-722-6014,active,25-34,Leeds,GB,email
Pedro,Carvalho,pedro.carvalho.0623@customer360.test,+1-555-723-6051,active,25-34,Sao Paulo,BR,email
Sofia,Cabrera,sofia.cabrera.0624@customer360.test,+1-555-724-6088,active,25-34,Bilbao,ES,email
Aditi,Iyer,aditi.iyer.0625@customer360.test,+1-555-725-6125,active,25-34,Pune,IN,push
Theo,Poirier,theo.poirier.0626@customer360.test,+1-555-726-6162,active,18-24,Montreal,CA,email
Leonie,Rousseau,leonie.rousseau.0627@customer360.test,+1-555-727-6199,active,35-44,Nantes,FR,push
Leonie,Chevalier,leonie.chevalier.0628@customer360.test,+1-555-728-6236,active,45-54,Bordeaux,FR,push
Hugo,Fontaine,hugo.fontaine.0629@customer360.test,+1-555-729-6273,active,45-54,Lyon,FR,sms
Taylor,Ward,taylor.ward.0630@customer360.test,+1-555-730-6310,active,45-54,Chicago,US,push
Avery,Parker,avery.parker.0631@customer360.test,+1-555-731-6347,active,35-44,Chicago,US,push
Elena,Mendoza,elena.mendoza.0632@customer360.test,+1-555-732-6384,active,25-34,Guadalajara,MX,email
Sanne Pieter,Bakker,sanne-pieter.bakker.0633@customer360.test,+1-555-733-6421,active,35-44,Utrecht,NL,push
Beatriz,Carvalho,beatriz.carvalho.0634@customer360.test,+1-555-734-6458,active,25-34,Recife,BR,push
Ruby,Lawson,ruby.lawson.0635@customer360.test,+1-555-735-6495,active,35-44,Leeds,GB,sms
Arthur,Hughes,arthur.hughes.0636@customer360.test,+1-555-736-6532,active,25-34,Leeds,GB,sms
Ruby,McKenzie,ruby.mckenzie.0637@customer360.test,+1-555-737-6569,active,25-34,Perth,AU,sms
Caleb,Russell,caleb.russell.0638@customer360.test,+1-555-738-6606,active,55-64,Minneapolis,US,push
Riley,Morgan,riley.morgan.0639@customer360.test,+1-555-739-6643,active,25-34,Boston,US,push
Luiza Maria,Ribeiro,luiza-maria.ribeiro.0640@customer360.test,+1-555-740-6680,active,55-64,Brasilia,BR,push
Ruby Edward,Griffiths,ruby-edward.griffiths.0641@customer360.test,+1-555-741-6717,active,45-54,Leeds,GB,email
Elias,Fraser,elias.fraser.0642@customer360.test,+1-555-742-6754,active,25-34,Vancouver,CA,push
Lucia,Vidal,lucia.vidal.0643@customer360.test,+1-555-743-6791,active,35-44,Madrid,ES,push
Paul,Hartmann,paul.hartmann.0644@customer360.test,+1-555-744-6828,active,25-34,Berlin,DE,sms
Nisha,Menon,nisha.menon.0645@customer360.test,+1-555-745-6865,active,45-54,Chennai,IN,sms
Maisie,Hughes,maisie.hughes.0646@customer360.test,+1-555-746-6902,active,25-34,Birmingham,GB,email
Oscar,Hughes,oscar.hughes.0647@customer360.test,+1-555-747-6939,active,25-34,Sydney,AU,push
Oscar,Bennett,oscar.bennett.0648@customer360.test,+1-555-748-6976,active,45-54,Bristol,GB,push
Beatrice Luca,Rossi,beatrice-luca.rossi.0649@customer360.test,+1-555-749-7013,active,25-34,Turin,IT,sms
Grace,Fletcher,grace.fletcher.0650@customer360.test,+1-555-750-7050,inactive,55-64,Adelaide,AU,sms
Dylan,Mitchell,dylan.mitchell.0651@customer360.test,+1-555-751-7087,active,35-44,Philadelphia,US,sms
Zara,Bennett,zara.bennett.0652@customer360.test,+1-555-752-7124,active,18-24,Canberra,AU,email
Ishaan,Kapoor,ishaan.kapoor.0653@customer360.test,+1-555-753-7161,active,18-24,Chennai,IN,sms
Felix,Kruger,felix.kruger.0654@customer360.test,+1-555-754-7198,inactive,35-44,Stuttgart,DE,sms
Lucas,Bakker,lucas.bakker.0655@customer360.test,+1-555-755-7235,active,35-44,Utrecht,NL,email
Pablo,Serrano,pablo.serrano.0656@customer360.test,+1-555-756-7272,active,18-24,Barcelona,ES,sms
Valeria,Vargas,valeria.vargas.0657@customer360.test,+1-555-757-7309,active,35-44,Mexico City,MX,email
Elias,Bennett,elias.bennett.0658@customer360.test,+1-555-758-7346,active,55-64,Halifax,CA,sms
Ishita,Kulkarni,ishita.kulkarni.0659@customer360.test,+1-555-759-7383,active,25-34,Pune,IN,sms
Chloe,Dubois,chloe.dubois.0660@customer360.test,+1-555-760-7420,active,18-24,Nantes,FR,email
Kabir,Kapoor,kabir.kapoor.0661@customer360.test,+1-555-761-7457,active,18-24,Mumbai,IN,email
Aditya,Joshi,aditya.joshi.0662@customer360.test,+1-555-762-7494,active,45-54,Chennai,IN,sms
Tara,Rao,tara.rao.0663@customer360.test,+1-555-763-7531,active,25-34,Pune,IN,push
Daiki,Kobayashi,daiki.kobayashi.0664@customer360.test,+1-555-764-7568,active,35-44,Osaka,JP,sms
Mateo,Iglesias,mateo.iglesias.0665@customer360.test,+1-555-765-7605,active,25-34,Valencia,ES,push
Tommaso,Conti,tommaso.conti.0666@customer360.test,+1-555-766-7642,active,45-54,Palermo,IT,sms
Tara,Kapoor,tara.kapoor.0667@customer360.test,+1-555-767-7679,active,35-44,Kolkata,IN,sms
Mariana Clara,Barbosa,mariana-clara.barbosa.0668@customer360.test,+1-555-768-7716,active,35-44,Rio de Janeiro,BR,push
Hugo,Ellis,hugo.ellis.0669@customer360.test,+1-555-769-7753,active,55-64,Bristol,GB,push
Mio,Nakamura,mio.nakamura.0670@customer360.test,+1-555-770-7790,active,35-44,Tokyo,JP,push
Zinhle,Mabena,zinhle.mabena.0671@customer360.test,+1-555-771-7827,active,55-64,Bloemfontein,ZA,sms
Diya,Saxena,diya.saxena.0672@customer360.test,+1-555-772-7864,active,45-54,Kochi,IN,push
Elliot,Bennett,elliot.bennett.0673@customer360.test,+1-555-773-7901,active,55-64,Canberra,AU,push
Logan,Collins,logan.collins.0674@customer360.test,+1-555-774-7938,active,45-54,San Diego,US,push
Diego,Rios,diego.rios.0675@customer360.test,+1-555-775-7975,active,25-34,Mexico City,MX,sms
Kabir,Bhat,kabir.bhat.0676@customer360.test,+1-555-776-8012,active,45-54,Kochi,IN,push
Rin,Kobayashi,rin.kobayashi.0677@customer360.test,+1-555-777-8049,active,45-54,Nagoya,JP,sms
Gabriele Luca,Ricci,gabriele-luca.ricci.0678@customer360.test,+1-555-778-8086,active,45-54,Bologna,IT,push
Oscar,Lawson,oscar.lawson.0679@customer360.test,+1-555-779-8123,active,35-44,Glasgow,GB,sms
Thabo,Dlamini,thabo.dlamini.0680@customer360.test,+1-555-780-8160,active,25-34,Bloemfontein,ZA,email
Ruby,Crawford,ruby.crawford.0681@customer360.test,+1-555-781-8197,active,25-34,Edinburgh,GB,sms
Rin,Kobayashi,rin.kobayashi.0682@customer360.test,+1-555-782-8234,active,35-44,Sapporo,JP,email
Alice,Costa,alice.costa.0683@customer360.test,+1-555-783-8271,inactive,18-24,Naples,IT,email
Mila,Fournier,mila.fournier.0684@customer360.test,+1-555-784-8308,active,18-24,Calgary,CA,email
Nana,Suzuki,nana.suzuki.0685@customer360.test,+1-555-785-8345,active,25-34,Osaka,JP,email
Tess,Visser,tess.visser.0686@customer360.test,+1-555-786-8382,active,35-44,The Hague,NL,email
Elena,Cabrera,elena.cabrera.0687@customer360.test,+1-555-787-8419,active,25-34,Seville,ES,sms
Elena,Serrano,elena.serrano.0688@customer360.test,+1-555-788-8456,active,45-54,Queretaro,MX,push
Chiara,Bianchi,chiara.bianchi.0689@customer360.test,+1-555-789-8493,active,45-54,Florence,IT,push
Bram,Van Dijk,bram.van-dijk.0690@customer360.test,+1-555-790-8530,active,45-54,The Hague,NL,sms
Sofia,Ferrari,sofia.ferrari.0691@customer360.test,+1-555-791-8567,active,18-24,Milan,IT,sms
Taylor,Brooks,taylor.brooks.0692@customer360.test,+1-555-792-8604,active,25-34,Boston,US,email
Lucas,Bouchard,lucas.bouchard.0693@customer360.test,+1-555-793-8641,active,35-44,Ottawa,CA,push
Lucia Jose,Serrano,lucia-jose.serrano.0694@customer360.test,+1-555-794-8678,inactive,55-64,Mexico City,MX,push
Leo,Navarro,leo.navarro.0695@customer360.test,+1-555-795-8715,active,55-64,Seville,ES,email
Emilia,Brandt,emilia.brandt.0696@customer360.test,+1-555-796-8752,active,35-44,Cologne,DE,email
Elena Maria,Marin,elena-maria.marin.0697@customer360.test,+1-555-797-8789,active,45-54,Bilbao,ES,push
Alba,Vidal,alba.vidal.0698@customer360.test,+1-555-798-8826,active,18-24,Barcelona,ES,email
Theo,Mercer,theo.mercer.0699@customer360.test,+1-555-799-8863,active,25-34,Edinburgh,GB,push
Valeria,Mendoza,valeria.mendoza.0700@customer360.test,+1-555-800-8900,active,35-44,Guadalajara,MX,push
Amelia,Griffiths,amelia.griffiths.0701@customer360.test,+1-555-801-8937,active,45-54,Leeds,GB,email
Quinn,Mitchell,quinn.mitchell.0702@customer360.test,+1-555-802-8974,active,35-44,Portland,US,email
Siti,Tan,siti.tan.0703@customer360.test,+1-555-803-9011,active,45-54,Singapore,SG,sms
Mateo,Morales,mateo.morales.0704@customer360.test,+1-555-804-9048,inactive,25-34,Monterrey,MX,sms
Diego,Ortega,diego.ortega.0705@customer360.test,+1-555-805-9085,active,45-54,Merida,MX,sms
Juliette,Dubois,juliette.dubois.0706@customer360.test,+1-555-806-9122,active,35-44,Lille,FR,sms
Maeve,Campbell,maeve.campbell.0707@customer360.test,+1-555-807-9159,active,35-44,Vancouver,CA,email
Amelie Jean,Mercer,amelie-jean.mercer.0708@customer360.test,+1-555-808-9196,active,45-54,Edmonton,CA,email
Cameron,Mitchell,cameron.mitchell.0709@customer360.test,+1-555-809-9233,active,35-44,Boston,US,push
Alice,Lombardi,alice.lombardi.0710@customer360.test,+1-555-810-9270,active,18-24,Florence,IT,push
Noah Marie,Becker,noah-marie.becker.0711@customer360.test,+1-555-811-9307,active,18-24,Berlin,DE,push
Clara Paul,Fontaine,clara-paul.fontaine.0712@customer360.test,+1-555-812-9344,active,45-54,Paris,FR,email
Caio,Martins,caio.martins.0713@customer360.test,+1-555-813-9381,active,25-34,Rio de Janeiro,BR,sms
Aoi,Ito,aoi.ito.0714@customer360.test,+1-555-814-9418,active,18-24,Tokyo,JP,email
Lucas,Fournier,lucas.fournier.0715@customer360.test,+1-555-815-9455,active,25-34,Ottawa,CA,sms
Mateus Clara,Costa,mateus-clara.costa.0716@customer360.test,+1-555-816-9492,active,25-34,Curitiba,BR,email
Kai Wen,Lim,kai-wen.lim.0717@customer360.test,+1-555-817-9529,active,35-44,Singapore,SG,push
Jia En,Koh,jia-en.koh.0718@customer360.test,+1-555-818-9566,active,35-44,Singapore,SG,sms
Gabriel,Renard,gabriel.renard.0719@customer360.test,+1-555-819-9603,active,35-44,Marseille,FR,sms
Enzo,Carvalho,enzo.carvalho.0720@customer360.test,+1-555-820-9640,active,25-34,Brasilia,BR,push
Eva,Mulder,eva.mulder.0721@customer360.test,+1-555-821-9677,active,35-44,Amsterdam,NL,email
Leo Maria,Garcia,leo-maria.garcia.0722@customer360.test,+1-555-822-9714,active,55-64,Seville,ES,sms
Aoi,Yamada,aoi.yamada.0723@customer360.test,+1-555-823-9751,active,25-34,Tokyo,JP,email
Maximilian,Kruger,maximilian.kruger.0724@customer360.test,+1-555-824-9788,active,35-44,Berlin,DE,sms
Logan,Bailey,logan.bailey.0725@customer360.test,+1-555-825-9825,active,25-34,Philadelphia,US,email
Nora,Carter,nora.carter.0726@customer360.test,+1-555-826-9862,active,18-24,Philadelphia,US,sms
Isla,Fletcher,isla.fletcher.0727@customer360.test,+1-555-827-9899,active,35-44,Glasgow,GB,sms
Daniel,Hernandez,daniel.hernandez.0728@customer360.test,+1-555-828-9936,active,45-54,Monterrey,MX,sms
Mariana,Almeida,mariana.almeida.0729@customer360.test,+1-555-829-9973,active,45-54,Salvador,BR,push
Ishaan Neel,Chatterjee,ishaan-neel.chatterjee.0730@customer360.test,+1-555-830-1010,active,35-44,Hyderabad,IN,push
Zinhle,Naidoo,zinhle.naidoo.0731@customer360.test,+1-555-831-1047,inactive,35-44,Cape Town,ZA,email
Lucia,Rojas,lucia.rojas.0732@customer360.test,+1-555-832-1084,inactive,35-44,Bilbao,ES,sms
Ruby,Bennett,ruby.bennett.0733@customer360.test,+1-555-833-1121,active,35-44,Adelaide,AU,push
Sipho,Van Wyk,sipho.van-wyk.0734@customer360.test,+1-555-834-1158,active,25-34,Johannesburg,ZA,sms
Reyansh,Kapoor,reyansh.kapoor.0735@customer360.test,+1-555-835-1195,inactive,45-54,Bengaluru,IN,sms
Lena,Neumann,lena.neumann.0736@customer360.test,+1-555-836-1232,active,35-44,Hamburg,DE,push
Taylor,Turner,taylor.turner.0737@customer360.test,+1-555-837-1269,active,45-54,Boston,US,email
Noah Johann,Neumann,noah-johann.neumann.0738@customer360.test,+1-555-838-1306,active,18-24,Berlin,DE,sms
Eva,Smit,eva.smit.0739@customer360.test,+1-555-839-1343,active,55-64,Utrecht,NL,push
Matilda,Cameron,matilda.cameron.0740@customer360.test,+1-555-840-1380,active,35-44,Sydney,AU,sms
Mia,Hughes,mia.hughes.0741@customer360.test,+1-555-841-1417,inactive,25-34,Brisbane,AU,email
Juliette Luc,Rousseau,juliette-luc.rousseau.0742@customer360.test,+1-555-842-1454,active,18-24,Marseille,FR,sms
Chloe,Rousseau,chloe.rousseau.0743@customer360.test,+1-555-843-1491,active,55-64,Marseille,FR,sms
Harper,Turner,harper.turner.0744@customer360.test,+1-555-844-1528,active,18-24,Minneapolis,US,sms
Matilda,Anderson,matilda.anderson.0745@customer360.test,+1-555-845-1565,active,35-44,Perth,AU,push
Aditya,Kulkarni,aditya.kulkarni.0746@customer360.test,+1-555-846-1602,active,55-64,Hyderabad,IN,sms
Ethan,Botha,ethan.botha.0747@customer360.test,+1-555-847-1639,active,45-54,Bloemfontein,ZA,email
Valeria,Mendoza,valeria.mendoza.0748@customer360.test,+1-555-848-1676,active,55-64,Guadalajara,MX,email
Sofia,Carter,sofia.carter.0749@customer360.test,+1-555-849-1713,active,55-64,San Diego,US,push
Hamish,Cameron,hamish.cameron.0750@customer360.test,+1-555-850-1750,active,35-44,Adelaide,AU,sms
Kaito,Sato,kaito.sato.0751@customer360.test,+1-555-851-1787,active,35-44,Nagoya,JP,sms
Sakura,Tanaka,sakura.tanaka.0752@customer360.test,+1-555-852-1824,active,25-34,Osaka,JP,email
Marie,Brandt,marie.brandt.0753@customer360.test,+1-555-853-1861,active,25-34,Stuttgart,DE,email
Callum,Sullivan,callum.sullivan.0754@customer360.test,+1-555-854-1898,active,35-44,Hobart,AU,email
Amelia,Chapman,amelia.chapman.0755@customer360.test,+1-555-855-1935,active,25-34,Manchester,GB,email
Naomi,Bennett,naomi.bennett.0756@customer360.test,+1-555-856-1972,active,35-44,Portland,US,sms
Naomi,Morgan,naomi.morgan.0757@customer360.test,+1-555-857-2009,active,18-24,Philadelphia,US,sms
Oscar,McKenzie,oscar.mckenzie.0758@customer360.test,+1-555-858-2046,active,25-34,Perth,AU,push
Finn,Mulder,finn.mulder.0759@customer360.test,+1-555-859-2083,active,45-54,Groningen,NL,email
Hina,Sato,hina.sato.0760@customer360.test,+1-555-860-2120,active,55-64,Kyoto,JP,push
Yui,Kato,yui.kato.0761@customer360.test,+1-555-861-2157,active,45-54,Kyoto,JP,push
Amelie,Poirier,amelie.poirier.0762@customer360.test,+1-555-862-2194,active,35-44,Edmonton,CA,push
Hugo Marie,Blanc,hugo-marie.blanc.0763@customer360.test,+1-555-863-2231,active,45-54,Bordeaux,FR,email
Jonas,Neumann,jonas.neumann.0764@customer360.test,+1-555-864-2268,active,35-44,Berlin,DE,push
Sophie,Lavoie,sophie.lavoie.0765@customer360.test,+1-555-865-2305,active,25-34,Edmonton,CA,email
Elias,Campbell,elias.campbell.0766@customer360.test,+1-555-866-2342,active,45-54,Ottawa,CA,email
Maeve,Fraser,maeve.fraser.0767@customer360.test,+1-555-867-2379,active,35-44,Montreal,CA,sms
Lachlan,Wallace,lachlan.wallace.0768@customer360.test,+1-555-868-2416,active,45-54,Perth,AU,push
Elliot Lee,Cameron,elliot-lee.cameron.0769@customer360.test,+1-555-869-2453,active,25-34,Melbourne,AU,push
Reyansh Neel,Kulkarni,reyansh-neel.kulkarni.0770@customer360.test,+1-555-870-2490,active,35-44,Ahmedabad,IN,sms
Nandi,Maseko,nandi.maseko.0771@customer360.test,+1-555-871-2527,active,25-34,Durban,ZA,sms
Emiliano,Hernandez,emiliano.hernandez.0772@customer360.test,+1-555-872-2564,active,25-34,Puebla,MX,email
Isla,Chapman,isla.chapman.0773@customer360.test,+1-555-873-2601,active,25-34,Leeds,GB,push
Alfie,Ellis,alfie.ellis.0774@customer360.test,+1-555-874-2638,active,35-44,Bristol,GB,sms
Daniel,Marin,daniel.marin.0775@customer360.test,+1-555-875-2675,active,35-44,Barcelona,ES,email
Ines,Marchand,ines.marchand.0776@customer360.test,+1-555-876-2712,active,25-34,Marseille,FR,sms
Elena,Rojas,elena.rojas.0777@customer360.test,+1-555-877-2749,active,25-34,Madrid,ES,sms
Mei Lin,Goh,mei-lin.goh.0778@customer360.test,+1-555-878-2786,active,55-64,Singapore,SG,push
Mila,Campbell,mila.campbell.0779@customer360.test,+1-555-879-2823,active,25-34,Edmonton,CA,push
Maeve Claire,Morrison,maeve-claire.morrison.0780@customer360.test,+1-555-880-2860,active,18-24,Montreal,CA,sms
Nisha,Malhotra,nisha.malhotra.0781@customer360.test,+1-555-881-2897,active,35-44,Ahmedabad,IN,sms
Aditi,Bhat,aditi.bhat.0782@customer360.test,+1-555-882-2934,active,25-34,Delhi,IN,push
Diego,Marin,diego.marin.0783@customer360.test,+1-555-883-2971,active,25-34,Seville,ES,email
Nur,Ng,nur.ng.0784@customer360.test,+1-555-884-3008,active,35-44,Singapore,SG,sms
Arthur Paul,Girard,arthur-paul.girard.0785@customer360.test,+1-555-885-3045,active,55-64,Marseille,FR,push
Mathis Paul,Dubois,mathis-paul.dubois.0786@customer360.test,+1-555-886-3082,active,35-44,Lille,FR,email
Lucas,Fraser,lucas.fraser.0787@customer360.test,+1-555-887-3119,active,45-54,Ottawa,CA,email
Diya,Kapoor,diya.kapoor.0788@customer360.test,+1-555-888-3156,active,18-24,Ahmedabad,IN,email
Jordan,Ward,jordan.ward.0789@customer360.test,+1-555-889-3193,active,55-64,Portland,US,email
Jonas,Keller,jonas.keller.0790@customer360.test,+1-555-890-3230,active,45-54,Frankfurt,DE,push
Yuto,Yamamoto,yuto.yamamoto.0791@customer360.test,+1-555-891-3267,active,35-44,Tokyo,JP,push
Leon,Hartmann,leon.hartmann.0792@customer360.test,+1-555-892-3304,active,25-34,Stuttgart,DE,push
Diya,Nair,diya.nair.0793@customer360.test,+1-555-893-3341,active,25-34,Mumbai,IN,sms
Camila,Castillo,camila.castillo.0794@customer360.test,+1-555-894-3378,active,25-34,Guadalajara,MX,email
Felix,Wagner,felix.wagner.0795@customer360.test,+1-555-895-3415,active,25-34,Leipzig,DE,email
Amelie,Richter,amelie.richter.0796@customer360.test,+1-555-896-3452,active,45-54,Leipzig,DE,sms
Lucia,Mendoza,lucia.mendoza.0797@customer360.test,+1-555-897-3489,active,55-64,Mexico City,MX,sms
Camila Joao,Almeida,camila-joao.almeida.0798@customer360.test,+1-555-898-3526,active,35-44,Rio de Janeiro,BR,email
Isla,Anderson,isla.anderson.0799@customer360.test,+1-555-899-3563,active,55-64,Adelaide,AU,email
Manon,Mercier,manon.mercier.0800@customer360.test,+1-555-900-3600,active,18-24,Bordeaux,FR,email
Nur,Lee,nur.lee.0801@customer360.test,+1-555-901-3637,active,35-44,Singapore,SG,sms
Nora,Reed,nora.reed.0802@customer360.test,+1-555-902-3674,active,18-24,San Diego,US,sms
Evie,Fletcher,evie.fletcher.0803@customer360.test,+1-555-903-3711,active,25-34,Edinburgh,GB,email
Amelie,Campbell,amelie.campbell.0804@customer360.test,+1-555-904-3748,active,45-54,Edmonton,CA,push
Gabriel,Dubois,gabriel.dubois.0805@customer360.test,+1-555-905-3785,active,25-34,Paris,FR,email
Amelie,Bennett,amelie.bennett.0806@customer360.test,+1-555-906-3822,active,25-34,Vancouver,CA,email
Beatriz,Araujo,beatriz.araujo.0807@customer360.test,+1-555-907-3859,active,25-34,Rio de Janeiro,BR,sms
Kabir,Joshi,kabir.joshi.0808@customer360.test,+1-555-908-3896,active,25-34,Mumbai,IN,email
Lwazi,Jacobs,lwazi.jacobs.0809@customer360.test,+1-555-909-3933,active,35-44,Pretoria,ZA,sms
Baptiste,Blanc,baptiste.blanc.0810@customer360.test,+1-555-910-3970,active,25-34,Paris,FR,sms
Sota,Tanaka,sota.tanaka.0811@customer360.test,+1-555-911-4007,active,45-54,Osaka,JP,sms
Vivaan,Kapoor,vivaan.kapoor.0812@customer360.test,+1-555-912-4044,active,35-44,Chennai,IN,email
Daniel,Castillo,daniel.castillo.0813@customer360.test,+1-555-913-4081,active,55-64,Guadalajara,MX,push
Camille,Gauthier,camille.gauthier.0814@customer360.test,+1-555-914-4118,active,35-44,Halifax,CA,push
Callum,Sullivan,callum.sullivan.0815@customer360.test,+1-555-915-4155,inactive,25-34,Canberra,AU,push
Paul,Schneider,paul.schneider.0816@customer360.test,+1-555-916-4192,active,25-34,Munich,DE,sms
Isabela,Ribeiro,isabela.ribeiro.0817@customer360.test,+1-555-917-4229,active,25-34,Sao Paulo,BR,push
Ines,Dubois,ines.dubois.0818@customer360.test,+1-555-918-4266,active,45-54,Lyon,FR,push
Chloe,Chevalier,chloe.chevalier.0819@customer360.test,+1-555-919-4303,active,55-64,Paris,FR,sms
Riley Alex,Brooks,riley-alex.brooks.0820@customer360.test,+1-555-920-4340,active,55-64,Philadelphia,US,push
Ren,Yamada,ren.yamada.0821@customer360.test,+1-555-921-4377,active,35-44,Nagoya,JP,sms
Aisha,Ng,aisha.ng.0822@customer360.test,+1-555-922-4414,active,25-34,Singapore,SG,email
Isla James,Crawford,isla-james.crawford.0823@customer360.test,+1-555-923-4451,active,25-34,Birmingham,GB,push
Oscar,Fletcher,oscar.fletcher.0824@customer360.test,+1-555-924-4488,active,55-64,Manchester,GB,email
Daniel Maria,Cervantes,daniel-maria.cervantes.0825@customer360.test,+1-555-925-4525,active,45-54,Monterrey,MX,sms
Emiliano Maria,Morales,emiliano-maria.morales.0826@customer360.test,+1-555-926-4562,active,25-34,Puebla,MX,push
Liam,Fraser,liam.fraser.0827@customer360.test,+1-555-927-4599,active,45-54,Ottawa,CA,sms
Amelie Lukas,Becker,amelie-lukas.becker.0828@customer360.test,+1-555-928-4636,active,25-34,Berlin,DE,push
Nora,Cooper,nora.cooper.0829@customer360.test,+1-555-929-4673,active,25-34,Philadelphia,US,email
Thabo,Maseko,thabo.maseko.0830@customer360.test,+1-555-930-4710,active,35-44,Johannesburg,ZA,push
Enzo,Carvalho,enzo.carvalho.0831@customer360.test,+1-555-931-4747,active,25-34,Sao Paulo,BR,email
Lwazi,Mthembu,lwazi.mthembu.0832@customer360.test,+1-555-932-4784,active,25-34,Pretoria,ZA,sms
Aoi,Suzuki,aoi.suzuki.0833@customer360.test,+1-555-933-4821,active,35-44,Yokohama,JP,sms
Jesse,De Vries,jesse.de-vries.0834@customer360.test,+1-555-934-4858,active,35-44,Amsterdam,NL,email
Leah Anne,Lavoie,leah-anne.lavoie.0835@customer360.test,+1-555-935-4895,active,45-54,Toronto,CA,push
Oscar,Sullivan,oscar.sullivan.0836@customer360.test,+1-555-936-4932,active,45-54,Sydney,AU,sms
Nisha Riya,Menon,nisha-riya.menon.0837@customer360.test,+1-555-937-4969,active,25-34,Kolkata,IN,email
Nisha,Desai,nisha.desai.0838@customer360.test,+1-555-938-5006,active,45-54,Chennai,IN,email
Marcus,Lee,marcus.lee.0839@customer360.test,+1-555-939-5043,active,35-44,Singapore,SG,sms
Vega,Rojas,vega.rojas.0840@customer360.test,+1-555-940-5080,active,35-44,Bilbao,ES,email
Sana,Nair,sana.nair.0841@customer360.test,+1-555-941-5117,active,35-44,Jaipur,IN,push
Noah Lukas,Wagner,noah-lukas.wagner.0842@customer360.test,+1-555-942-5154,inactive,25-34,Cologne,DE,sms
Clara,Renard,clara.renard.0843@customer360.test,+1-555-943-5191,active,25-34,Paris,FR,sms
Ishaan,Nair,ishaan.nair.0844@customer360.test,+1-555-944-5228,active,45-54,Chennai,IN,push
Lena,Keller,lena.keller.0845@customer360.test,+1-555-945-5265,active,25-34,Stuttgart,DE,email
Helena,Almeida,helena.almeida.0846@customer360.test,+1-555-946-5302,inactive,35-44,Brasilia,BR,sms
Leon,Hoffmann,leon.hoffmann.0847@customer360.test,+1-555-947-5339,active,18-24,Stuttgart,DE,email
Ines,Mercier,ines.mercier.0848@customer360.test,+1-555-948-5376,active,25-34,Bordeaux,FR,email
Amelie,Neumann,amelie.neumann.0849@customer360.test,+1-555-949-5413,active,18-24,Cologne,DE,push
Hannah Marie,Brandt,hannah-marie.brandt.0850@customer360.test,+1-555-950-5450,active,35-44,Munich,DE,email
Vihaan,Desai,vihaan.desai.0851@customer360.test,+1-555-951-5487,active,55-64,Delhi,IN,push
Giulia,Bianchi,giulia.bianchi.0852@customer360.test,+1-555-952-5524,active,45-54,Palermo,IT,email
Arjun,Kapoor,arjun.kapoor.0853@customer360.test,+1-555-953-5561,active,55-64,Kolkata,IN,email
Mateo,Ortega,mateo.ortega.0854@customer360.test,+1-555-954-5598,active,25-34,Malaga,ES,sms
Harper,Morgan,harper.morgan.0855@customer360.test,+1-555-955-5635,active,35-44,Chicago,US,push
Ren,Tanaka,ren.tanaka.0856@customer360.test,+1-555-956-5672,active,25-34,Sapporo,JP,sms
Vivaan,Desai,vivaan.desai.0857@customer360.test,+1-555-957-5709,active,25-34,Kochi,IN,sms
Imogen,Crawford,imogen.crawford.0858@customer360.test,+1-555-958-5746,active,35-44,Birmingham,GB,sms
Marco,Gallo,marco.gallo.0859@customer360.test,+1-555-959-5783,active,45-54,Rome,IT,sms
Diya Neel,Iyer,diya-neel.iyer.0860@customer360.test,+1-555-960-5820,active,25-34,Jaipur,IN,sms
Sophie,Vogel,sophie.vogel.0861@customer360.test,+1-555-961-5857,active,35-44,Leipzig,DE,sms
Harper,Bennett,harper.bennett.0862@customer360.test,+1-555-962-5894,active,55-64,Seattle,US,email
Leah Louis,Beaulieu,leah-louis.beaulieu.0863@customer360.test,+1-555-963-5931,active,45-54,Toronto,CA,email
Ishaan,Bhat,ishaan.bhat.0864@customer360.test,+1-555-964-5968,active,45-54,Delhi,IN,sms
Sophie Anne,Hoffmann,sophie-anne.hoffmann.0865@customer360.test,+1-555-965-6005,active,18-24,Leipzig,DE,push
Emilia,Hoffmann,emilia.hoffmann.0866@customer360.test,+1-555-966-6042,active,55-64,Berlin,DE,email
Lucia,Navarro,lucia.navarro.0867@customer360.test,+1-555-967-6079,active,45-54,Guadalajara,MX,email
Elena Maria,Ortega,elena-maria.ortega.0868@customer360.test,+1-555-968-6116,active,55-64,Barcelona,ES,sms
Leonardo,Ricci,leonardo.ricci.0869@customer360.test,+1-555-969-6153,active,35-44,Naples,IT,push
Riley Grace,Turner,riley-grace.turner.0870@customer360.test,+1-555-970-6190,active,45-54,Atlanta,US,sms
Dylan,Ward,dylan.ward.0871@customer360.test,+1-555-971-6227,active,25-34,Denver,US,email
Sophie,Richter,sophie.richter.0872@customer360.test,+1-555-972-6264,active,18-24,Stuttgart,DE,email
Noah,Mercer,noah.mercer.0873@customer360.test,+1-555-973-6301,active,25-34,Ottawa,CA,push
Hugo,Lawson,hugo.lawson.0874@customer360.test,+1-555-974-6338,active,25-34,Manchester,GB,sms
Leonie,Marchand,leonie.marchand.0875@customer360.test,+1-555-975-6375,active,45-54,Toulouse,FR,push
Sophie Claire,Beaulieu,sophie-claire.beaulieu.0876@customer360.test,+1-555-976-6412,active,35-44,Calgary,CA,sms
Hamish Lee,Clarke,hamish-lee.clarke.0877@customer360.test,+1-555-977-6449,active,25-34,Perth,AU,sms
Arjun,Sharma,arjun.sharma.0878@customer360.test,+1-555-978-6486,active,35-44,Pune,IN,push
Mateo,Cervantes,mateo.cervantes.0879@customer360.test,+1-555-979-6523,active,35-44,Puebla,MX,push
Ren,Sato,ren.sato.0880@customer360.test,+1-555-980-6560,active,18-24,Yokohama,JP,sms
Marco,Romano,marco.romano.0881@customer360.test,+1-555-981-6597,active,45-54,Rome,IT,email
Reyansh,Saxena,reyansh.saxena.0882@customer360.test,+1-555-982-6634,active,25-34,Bengaluru,IN,email
Camila,Ferreira,camila.ferreira.0883@customer360.test,+1-555-983-6671,active,25-34,Curitiba,BR,email
Felix,Becker,felix.becker.0884@customer360.test,+1-555-984-6708,active,25-34,Frankfurt,DE,email
Helena,Martins,helena.martins.0885@customer360.test,+1-555-985-6745,active,18-24,Recife,BR,sms
Hugo,Fontaine,hugo.fontaine.0886@customer360.test,+1-555-986-6782,active,18-24,Lille,FR,push
Vivaan,Saxena,vivaan.saxena.0887@customer360.test,+1-555-987-6819,active,25-34,Bengaluru,IN,push
Sana,Malhotra,sana.malhotra.0888@customer360.test,+1-555-988-6856,active,18-24,Bengaluru,IN,push
Maya Rose,Hayes,maya-rose.hayes.0889@customer360.test,+1-555-989-6893,active,45-54,Portland,US,push
Sana,Saxena,sana.saxena.0890@customer360.test,+1-555-990-6930,active,25-34,Kochi,IN,sms
Bram,Van Dijk,bram.van-dijk.0891@customer360.test,+1-555-991-6967,active,18-24,Rotterdam,NL,push
Renata,Fuentes,renata.fuentes.0892@customer360.test,+1-555-992-7004,active,35-44,Puebla,MX,sms
Luiza,Araujo,luiza.araujo.0893@customer360.test,+1-555-993-7041,active,25-34,Porto Alegre,BR,email
Aisha,Lim,aisha.lim.0894@customer360.test,+1-555-994-7078,active,45-54,Singapore,SG,push
Manon,Mercier,manon.mercier.0895@customer360.test,+1-555-995-7115,active,35-44,Nantes,FR,sms
Aiden,Pillay,aiden.pillay.0896@customer360.test,+1-555-996-7152,inactive,45-54,Pretoria,ZA,sms
Mateo,Morales,mateo.morales.0897@customer360.test,+1-555-997-7189,active,25-34,Monterrey,MX,email
Lotte Pieter,Jansen,lotte-pieter.jansen.0898@customer360.test,+1-555-998-7226,inactive,25-34,Rotterdam,NL,push
Diya,Nair,diya.nair.0899@customer360.test,+1-555-999-7263,inactive,35-44,Kolkata,IN,email
Alfie,Crawford,alfie.crawford.0900@customer360.test,+1-555-100-7300,active,55-64,London,GB,email
Lucas,Ferreira,lucas.ferreira.0901@customer360.test,+1-555-101-7337,active,25-34,Salvador,BR,push
Rafael,Almeida,rafael.almeida.0902@customer360.test,+1-555-102-7374,active,45-54,Brasilia,BR,email
Yuto,Yamada,yuto.yamada.0903@customer360.test,+1-555-103-7411,active,18-24,Yokohama,JP,email
Juliette,Rousseau,juliette.rousseau.0904@customer360.test,+1-555-104-7448,active,25-34,Toulouse,FR,sms
Ruby,Fletcher,ruby.fletcher.0905@customer360.test,+1-555-105-7485,active,25-34,Leeds,GB,sms
Hugo,Whitmore,hugo.whitmore.0906@customer360.test,+1-555-106-7522,active,35-44,Birmingham,GB,push
Logan James,Russell,logan-james.russell.0907@customer360.test,+1-555-107-7559,active,25-34,Denver,US,push
Freya,Bennett,freya.bennett.0908@customer360.test,+1-555-108-7596,active,18-24,London,GB,push
Jesse Sofie,Bakker,jesse-sofie.bakker.0909@customer360.test,+1-555-109-7633,active,55-64,Groningen,NL,sms
Felix,Neumann,felix.neumann.0910@customer360.test,+1-555-110-7670,active,18-24,Cologne,DE,sms
Naledi,Mthembu,naledi.mthembu.0911@customer360.test,+1-555-111-7707,inactive,18-24,Gqeberha,ZA,sms
Miles,Morgan,miles.morgan.0912@customer360.test,+1-555-112-7744,inactive,45-54,Boston,US,sms
Sophie,Poirier,sophie.poirier.0913@customer360.test,+1-555-113-7781,active,25-34,Calgary,CA,email
Ines,Fontaine,ines.fontaine.0914@customer360.test,+1-555-114-7818,active,45-54,Nantes,FR,email
Kaito,Nakamura,kaito.nakamura.0915@customer360.test,+1-555-115-7855,active,35-44,Fukuoka,JP,push
Leonardo,Moretti,leonardo.moretti.0916@customer360.test,+1-555-116-7892,active,45-54,Florence,IT,sms
Ethan,Collins,ethan.collins.0917@customer360.test,+1-555-117-7929,active,25-34,Seattle,US,push
Avery,Russell,avery.russell.0918@customer360.test,+1-555-118-7966,active,25-34,Chicago,US,email
Javier,Vargas,javier.vargas.0919@customer360.test,+1-555-119-8003,active,35-44,Monterrey,MX,sms
Aditya,Saxena,aditya.saxena.0920@customer360.test,+1-555-120-8040,active,55-64,Mumbai,IN,push
Aditya,Sharma,aditya.sharma.0921@customer360.test,+1-555-121-8077,active,55-64,Chennai,IN,push
Sophie Lukas,Brandt,sophie-lukas.brandt.0922@customer360.test,+1-555-122-8114,active,25-34,Hamburg,DE,sms
Daan Jan,Visser,daan-jan.visser.0923@customer360.test,+1-555-123-8151,active,55-64,Eindhoven,NL,sms
Zoe,Bailey,zoe.bailey.0924@customer360.test,+1-555-124-8188,active,25-34,Portland,US,email
Imogen,Lawson,imogen.lawson.0925@customer360.test,+1-555-125-8225,active,25-34,Glasgow,GB,sms
Theo Claire,Chevalier,theo-claire.chevalier.0926@customer360.test,+1-555-126-8262,active,45-54,Bordeaux,FR,sms
Clara,Campbell,clara.campbell.0927@customer360.test,+1-555-127-8299,active,25-34,Calgary,CA,push
Luiza,Ribeiro,luiza.ribeiro.0928@customer360.test,+1-555-128-8336,active,35-44,Curitiba,BR,push
Naomi,Mitchell,naomi.mitchell.0929@customer360.test,+1-555-129-8373,active,18-24,Seattle,US,email
Rin,Nakamura,rin.nakamura.0930@customer360.test,+1-555-130-8410,active,35-44,Nagoya,JP,push
Taylor,Russell,taylor.russell.0931@customer360.test,+1-555-131-8447,active,35-44,Minneapolis,US,push
Lerato,Van Wyk,lerato.van-wyk.0932@customer360.test,+1-555-132-8484,active,45-54,Bloemfontein,ZA,sms
Tess,De Boer,tess.de-boer.0933@customer360.test,+1-555-133-8521,active,35-44,Groningen,NL,push
Aarav Neel,Kapoor,aarav-neel.kapoor.0934@customer360.test,+1-555-134-8558,active,55-64,Pune,IN,push
Hina Ken,Takahashi,hina-ken.takahashi.0935@customer360.test,+1-555-135-8595,active,35-44,Yokohama,JP,push
Kaito Aya,Yoshida,kaito-aya.yoshida.0936@customer360.test,+1-555-136-8632,active,18-24,Fukuoka,JP,email
Quinn Alex,Carter,quinn-alex.carter.0937@customer360.test,+1-555-137-8669,active,25-34,Portland,US,email
Hugo,Lefevre,hugo.lefevre.0938@customer360.test,+1-555-138-8706,active,45-54,Nantes,FR,sms
Freya,Crawford,freya.crawford.0939@customer360.test,+1-555-139-8743,active,45-54,Manchester,GB,sms
Maeve Anne,Campbell,maeve-anne.campbell.0940@customer360.test,+1-555-140-8780,inactive,35-44,Ottawa,CA,sms
Ishita,Nair,ishita.nair.0941@customer360.test,+1-555-141-8817,active,25-34,Kochi,IN,email
Leon,Kruger,leon.kruger.0942@customer360.test,+1-555-142-8854,active,45-54,Stuttgart,DE,push
Leonie,Lefevre,leonie.lefevre.0943@customer360.test,+1-555-143-8891,active,45-54,Marseille,FR,sms
Gabriele,Moretti,gabriele.moretti.0944@customer360.test,+1-555-144-8928,active,18-24,Florence,IT,email
Valeria Elena,Hernandez,valeria-elena.hernandez.0945@customer360.test,+1-555-145-8965,active,18-24,Mexico City,MX,push
Reyansh Raj,Desai,reyansh-raj.desai.0946@customer360.test,+1-555-146-9002,active,18-24,Delhi,IN,push
Sophie,Bouchard,sophie.bouchard.0947@customer360.test,+1-555-147-9039,active,35-44,Halifax,CA,sms
Aurora,Rossi,aurora.rossi.0948@customer360.test,+1-555-148-9076,active,25-34,Florence,IT,sms
Yui,Suzuki,yui.suzuki.0949@customer360.test,+1-555-149-9113,active,25-34,Kyoto,JP,email
Morgan,Brooks,morgan.brooks.0950@customer360.test,+1-555-150-9150,active,35-44,Seattle,US,push
Elena,Vidal,elena.vidal.0951@customer360.test,+1-555-151-9187,active,45-54,Seville,ES,push
Hugo,Fletcher,hugo.fletcher.0952@customer360.test,+1-555-152-9224,active,35-44,London,GB,push
Sota Miki,Kobayashi,sota-miki.kobayashi.0953@customer360.test,+1-555-153-9261,active,55-64,Kyoto,JP,email
Meera Dev,Iyer,meera-dev.iyer.0954@customer360.test,+1-555-154-9298,active,25-34,Delhi,IN,sms
Jordan,Ward,jordan.ward.0955@customer360.test,+1-555-155-9335,inactive,25-34,Philadelphia,US,email
Kabir Dev,Malhotra,kabir-dev.malhotra.0956@customer360.test,+1-555-156-9372,active,35-44,Mumbai,IN,email
Harper,Bailey,harper.bailey.0957@customer360.test,+1-555-157-9409,active,45-54,Portland,US,sms
Kabir,Joshi,kabir.joshi.0958@customer360.test,+1-555-158-9446,active,55-64,Mumbai,IN,sms
Aditya,Joshi,aditya.joshi.0959@customer360.test,+1-555-159-9483,active,18-24,Bengaluru,IN,sms
Bram Marie,Smit,bram-marie.smit.0960@customer360.test,+1-555-160-9520,active,35-44,Amsterdam,NL,sms
Tara,Nair,tara.nair.0961@customer360.test,+1-555-161-9557,active,35-44,Delhi,IN,sms
Nisha Riya,Mehta,nisha-riya.mehta.0962@customer360.test,+1-555-162-9594,active,45-54,Kochi,IN,sms
Daan,Meijer,daan.meijer.0963@customer360.test,+1-555-163-9631,active,25-34,Eindhoven,NL,push
Hugo Jean,Chevalier,hugo-jean.chevalier.0964@customer360.test,+1-555-164-9668,active,45-54,Bordeaux,FR,sms
Giulia,Bianchi,giulia.bianchi.0965@customer360.test,+1-555-165-9705,active,25-34,Rome,IT,email
Elena,Rojas,elena.rojas.0966@customer360.test,+1-555-166-9742,active,25-34,Seville,ES,push
Mateo,Vidal,mateo.vidal.0967@customer360.test,+1-555-167-9779,active,35-44,Seville,ES,push
Cameron Lee,Bailey,cameron-lee.bailey.0968@customer360.test,+1-555-168-9816,active,25-34,Austin,US,sms
George,Chapman,george.chapman.0969@customer360.test,+1-555-169-9853,active,25-34,London,GB,email
Darren,Lee,darren.lee.0970@customer360.test,+1-555-170-9890,active,25-34,Singapore,SG,email
Aditya,Desai,aditya.desai.0971@customer360.test,+1-555-171-9927,active,18-24,Kochi,IN,email
Pedro,Mendes,pedro.mendes.0972@customer360.test,+1-555-172-9964,active,18-24,Recife,BR,sms
Oscar,Lawson,oscar.lawson.0973@customer360.test,+1-555-173-1001,active,25-34,Edinburgh,GB,push
Isla,Fletcher,isla.fletcher.0974@customer360.test,+1-555-174-1038,active,35-44,Glasgow,GB,email
Sophie,Neumann,sophie.neumann.0975@customer360.test,+1-555-175-1075,active,45-54,Munich,DE,email
Beatriz,Araujo,beatriz.araujo.0976@customer360.test,+1-555-176-1112,active,45-54,Brasilia,BR,sms
Ethan,Carter,ethan.carter.0977@customer360.test,+1-555-177-1149,active,25-34,Seattle,US,sms
Sofia,Mendoza,sofia.mendoza.0978@customer360.test,+1-555-178-1186,inactive,35-44,Puebla,MX,push
Chloe,Sinclair,chloe.sinclair.0979@customer360.test,+1-555-179-1223,active,25-34,Vancouver,CA,sms
Valeria,Cervantes,valeria.cervantes.0980@customer360.test,+1-555-180-1260,active,55-64,Puebla,MX,sms
Finn,Keller,finn.keller.0981@customer360.test,+1-555-181-1297,inactive,45-54,Berlin,DE,push
Valentina Luiz,Oliveira,valentina-luiz.oliveira.0982@customer360.test,+1-555-182-1334,active,25-34,Curitiba,BR,sms
Jonas,Wagner,jonas.wagner.0983@customer360.test,+1-555-183-1371,active,55-64,Cologne,DE,email
Matilda,Cameron,matilda.cameron.0984@customer360.test,+1-555-184-1408,active,35-44,Melbourne,AU,email
Arthur,Hughes,arthur.hughes.0985@customer360.test,+1-555-185-1445,active,25-34,Birmingham,GB,email
Amelie,Richter,amelie.richter.0986@customer360.test,+1-555-186-1482,active,18-24,Berlin,DE,sms
Elias,Fournier,elias.fournier.0987@customer360.test,+1-555-187-1519,active,18-24,Toronto,CA,sms
Quinn Rose,Russell,quinn-rose.russell.0988@customer360.test,+1-555-188-1556,active,18-24,Philadelphia,US,email
Jordan,Brooks,jordan.brooks.0989@customer360.test,+1-555-189-1593,inactive,45-54,Boston,US,push
Isla,McKenzie,isla.mckenzie.0990@customer360.test,+1-555-190-1630,active,25-34,Sydney,AU,email
Lorenzo,Romano,lorenzo.romano.0991@customer360.test,+1-555-191-1667,active,18-24,Turin,IT,email
Milan,Jansen,milan.jansen.0992@customer360.test,+1-555-192-1704,active,25-34,Eindhoven,NL,sms
Rohan,Mehta,rohan.mehta.0993@customer360.test,+1-555-193-1741,active,25-34,Chennai,IN,sms
Daniel,Ortega,daniel.ortega.0994@customer360.test,+1-555-194-1778,active,18-24,Guadalajara,MX,email
Arjun,Rahman,arjun.rahman.0995@customer360.test,+1-555-195-1815,active,25-34,Singapore,SG,email
Isla,Bennett,isla.bennett.0996@customer360.test,+1-555-196-1852,active,55-64,Perth,AU,email
Daiki,Kato,daiki.kato.0997@customer360.test,+1-555-197-1889,inactive,55-64,Nagoya,JP,email
Alba,Vidal,alba.vidal.0998@customer360.test,+1-555-198-1926,active,45-54,Malaga,ES,email
Pedro,Martins,pedro.martins.0999@customer360.test,+1-555-199-1963,inactive,35-44,Salvador,BR,push
Enzo Clara,Carvalho,enzo-clara.carvalho.1000@customer360.test,+1-555-200-2000,active,35-44,Curitiba,BR,push
Isabela,Ribeiro,isabela.ribeiro.1001@customer360.test,+1-555-201-2037,active,45-54,Salvador,BR,email
Kaito Aya,Kobayashi,kaito-aya.kobayashi.1002@customer360.test,+1-555-202-2074,inactive,25-34,Kyoto,JP,email
Owen,Bennett,owen.bennett.1003@customer360.test,+1-555-203-2111,active,45-54,Vancouver,CA,email
Oliver,Lawson,oliver.lawson.1004@customer360.test,+1-555-204-2148,active,35-44,Leeds,GB,sms
Amelie Marie,Moreau,amelie-marie.moreau.1005@customer360.test,+1-555-205-2185,active,55-64,Bordeaux,FR,push
Rafael Luiz,Oliveira,rafael-luiz.oliveira.1006@customer360.test,+1-555-206-2222,active,25-34,Curitiba,BR,push
Mei Lin,Teo,mei-lin.teo.1007@customer360.test,+1-555-207-2259,active,18-24,Singapore,SG,sms
Sofia,Rossi,sofia.rossi.1008@customer360.test,+1-555-208-2296,active,25-34,Rome,IT,email
Kavya,Chatterjee,kavya.chatterjee.1009@customer360.test,+1-555-209-2333,active,18-24,Hyderabad,IN,email
Diego,Hernandez,diego.hernandez.1010@customer360.test,+1-555-210-2370,active,45-54,Queretaro,MX,push
Mateo,Marin,mateo.marin.1011@customer360.test,+1-555-211-2407,active,45-54,Barcelona,ES,push
Clara,Moreau,clara.moreau.1012@customer360.test,+1-555-212-2444,active,35-44,Toulouse,FR,email
Mia,Sullivan,mia.sullivan.1013@customer360.test,+1-555-213-2481,active,18-24,Perth,AU,sms
Enzo,Ribeiro,enzo.ribeiro.1014@customer360.test,+1-555-214-2518,active,35-44,Salvador,BR,email
Arjun,Joshi,arjun.joshi.1015@customer360.test,+1-555-215-2555,active,18-24,Hyderabad,IN,sms
Ethan,Brooks,ethan.brooks.1016@customer360.test,+1-555-216-2592,active,35-44,Atlanta,US,email
Lucas,Barbosa,lucas.barbosa.1017@customer360.test,+1-555-217-2629,active,35-44,Recife,BR,push
Leah,Beaulieu,leah.beaulieu.1018@customer360.test,+1-555-218-2666,active,25-34,Montreal,CA,email
Leonardo Giovanni,Ferrari,leonardo-giovanni.ferrari.1019@customer360.test,+1-555-219-2703,active,25-34,Rome,IT,email
Hugo,Cabrera,hugo.cabrera.1020@customer360.test,+1-555-220-2740,active,35-44,Valencia,ES,email
Tara Dev,Sharma,tara-dev.sharma.1021@customer360.test,+1-555-221-2777,active,25-34,Jaipur,IN,push
Tara,Rao,tara.rao.1022@customer360.test,+1-555-222-2814,active,45-54,Hyderabad,IN,sms
Reyansh,Iyer,reyansh.iyer.1023@customer360.test,+1-555-223-2851,active,18-24,Hyderabad,IN,sms
Nadia,Ong,nadia.ong.1024@customer360.test,+1-555-224-2888,active,45-54,Singapore,SG,email
Tess Sofie,Vos,tess-sofie.vos.1025@customer360.test,+1-555-225-2925,active,35-44,Rotterdam,NL,push
Aisha,Lee,aisha.lee.1026@customer360.test,+1-555-226-2962,active,55-64,Singapore,SG,push
Zinhle,Dlamini,zinhle.dlamini.1027@customer360.test,+1-555-227-2999,active,45-54,Durban,ZA,sms
Bram,Mulder,bram.mulder.1028@customer360.test,+1-555-228-3036,active,35-44,Groningen,NL,sms
Sem,Jansen,sem.jansen.1029@customer360.test,+1-555-229-3073,active,25-34,Eindhoven,NL,push
Naledi,Van Wyk,naledi.van-wyk.1030@customer360.test,+1-555-230-3110,active,55-64,Cape Town,ZA,email
Ethan,Reed,ethan.reed.1031@customer360.test,+1-555-231-3147,active,45-54,Portland,US,email
Morgan Kai,Hayes,morgan-kai.hayes.1032@customer360.test,+1-555-232-3184,active,25-34,Minneapolis,US,sms
Imogen,Mercer,imogen.mercer.1033@customer360.test,+1-555-233-3221,active,35-44,Leeds,GB,push
Ren,Yamamoto,ren.yamamoto.1034@customer360.test,+1-555-234-3258,active,25-34,Fukuoka,JP,sms
Reyansh,Joshi,reyansh.joshi.1035@customer360.test,+1-555-235-3295,active,18-24,Bengaluru,IN,push
Meera Priya,Kapoor,meera-priya.kapoor.1036@customer360.test,+1-555-236-3332,active,35-44,Mumbai,IN,email
Julian,Fournier,julian.fournier.1037@customer360.test,+1-555-237-3369,active,25-34,Vancouver,CA,sms
Ishaan,Menon,ishaan.menon.1038@customer360.test,+1-555-238-3406,active,55-64,Pune,IN,sms
Isabela Luiz,Nogueira,isabela-luiz.nogueira.1039@customer360.test,+1-555-239-3443,inactive,25-34,Salvador,BR,email
Daan,De Boer,daan.de-boer.1040@customer360.test,+1-555-240-3480,active,25-34,The Hague,NL,push
Darren,Tan,darren.tan.1041@customer360.test,+1-555-241-3517,active,35-44,Singapore,SG,email
Rohan,Malhotra,rohan.malhotra.1042@customer360.test,+1-555-242-3554,active,45-54,Jaipur,IN,sms
Carmen,Castro,carmen.castro.1043@customer360.test,+1-555-243-3591,inactive,18-24,Seville,ES,email
Jesse,De Vries,jesse.de-vries.1044@customer360.test,+1-555-244-3628,active,25-34,Utrecht,NL,email
Javier Jose,Mendoza,javier-jose.mendoza.1045@customer360.test,+1-555-245-3665,active,25-34,Queretaro,MX,email
Lena,Turner,lena.turner.1046@customer360.test,+1-555-246-3702,active,35-44,Philadelphia,US,push
Renata,Castillo,renata.castillo.1047@customer360.test,+1-555-247-3739,active,18-24,Puebla,MX,push
Evie,Sinclair,evie.sinclair.1048@customer360.test,+1-555-248-3776,active,45-54,Leeds,GB,email
Mei Lin,Chua,mei-lin.chua.1049@customer360.test,+1-555-249-3813,inactive,18-24,Singapore,SG,email
Caleb,Parker,caleb.parker.1050@customer360.test,+1-555-250-3850,active,18-24,Portland,US,email
Kaito,Kobayashi,kaito.kobayashi.1051@customer360.test,+1-555-251-3887,active,35-44,Fukuoka,JP,sms
Maya,Hayes,maya.hayes.1052@customer360.test,+1-555-252-3924,inactive,55-64,Seattle,US,email
George,Harrington,george.harrington.1053@customer360.test,+1-555-253-3961,active,35-44,Manchester,GB,push
Diya,Menon,diya.menon.1054@customer360.test,+1-555-254-3998,active,55-64,Delhi,IN,push
Amelie,Neumann,amelie.neumann.1055@customer360.test,+1-555-255-4035,active,35-44,Stuttgart,DE,sms
Kaito,Sato,kaito.sato.1056@customer360.test,+1-555-256-4072,active,55-64,Yokohama,JP,email
Mariana,Almeida,mariana.almeida.1057@customer360.test,+1-555-257-4109,active,45-54,Porto Alegre,BR,email
Elena,Mendoza,elena.mendoza.1058@customer360.test,+1-555-258-4146,active,35-44,Guadalajara,MX,push
Amelie,Kruger,amelie.kruger.1059@customer360.test,+1-555-259-4183,active,25-34,Leipzig,DE,push
Miles,Collins,miles.collins.1060@customer360.test,+1-555-260-4220,active,35-44,Minneapolis,US,sms
Aditi,Iyer,aditi.iyer.1061@customer360.test,+1-555-261-4257,active,35-44,Bengaluru,IN,push
Felix,Neumann,felix.neumann.1062@customer360.test,+1-555-262-4294,inactive,35-44,Frankfurt,DE,email
Santiago,Fuentes,santiago.fuentes.1063@customer360.test,+1-555-263-4331,active,25-34,Guadalajara,MX,push
Siti,Koh,siti.koh.1064@customer360.test,+1-555-264-4368,active,25-34,Singapore,SG,push
Owen,Poirier,owen.poirier.1065@customer360.test,+1-555-265-4405,active,45-54,Toronto,CA,sms
Aoi,Yamamoto,aoi.yamamoto.1066@customer360.test,+1-555-266-4442,active,18-24,Tokyo,JP,push
Quinn James,Carter,quinn-james.carter.1067@customer360.test,+1-555-267-4479,active,35-44,Denver,US,email
Isabela Clara,Ribeiro,isabela-clara.ribeiro.1068@customer360.test,+1-555-268-4516,active,25-34,Salvador,BR,email
Hamish,Fletcher,hamish.fletcher.1069@customer360.test,+1-555-269-4553,active,45-54,Adelaide,AU,push
Leonie,Moreau,leonie.moreau.1070@customer360.test,+1-555-270-4590,active,55-64,Nantes,FR,push
Marie,Vogel,marie.vogel.1071@customer360.test,+1-555-271-4627,active,35-44,Stuttgart,DE,push
Julian,Gauthier,julian.gauthier.1072@customer360.test,+1-555-272-4664,active,25-34,Montreal,CA,sms
Riley,Mitchell,riley.mitchell.1073@customer360.test,+1-555-273-4701,active,25-34,Philadelphia,US,sms
Ethan,Hayes,ethan.hayes.1074@customer360.test,+1-555-274-4738,active,25-34,Philadelphia,US,sms
Jonas,Kruger,jonas.kruger.1075@customer360.test,+1-555-275-4775,active,45-54,Hamburg,DE,email
Camille,Sinclair,camille.sinclair.1076@customer360.test,+1-555-276-4812,active,25-34,Edmonton,CA,email
Imogen,Bennett,imogen.bennett.1077@customer360.test,+1-555-277-4849,active,25-34,Manchester,GB,push
Mia,Sullivan,mia.sullivan.1078@customer360.test,+1-555-278-4886,active,25-34,Canberra,AU,sms
Maisie,Bennett,maisie.bennett.1079@customer360.test,+1-555-279-4923,active,35-44,Glasgow,GB,push
Callum,McKenzie,callum.mckenzie.1080@customer360.test,+1-555-280-4960,active,18-24,Brisbane,AU,email
Owen,Beaulieu,owen.beaulieu.1081@customer360.test,+1-555-281-4997,active,25-34,Toronto,CA,sms
Lena,Kruger,lena.kruger.1082@customer360.test,+1-555-282-5034,active,25-34,Hamburg,DE,email
Sipho,Jacobs,sipho.jacobs.1083@customer360.test,+1-555-283-5071,active,35-44,Cape Town,ZA,push
Liam,Mercer,liam.mercer.1084@customer360.test,+1-555-284-5108,active,35-44,Vancouver,CA,push
Rohan,Nair,rohan.nair.1085@customer360.test,+1-555-285-5145,active,55-64,Ahmedabad,IN,push
Valentina,Barbosa,valentina.barbosa.1086@customer360.test,+1-555-286-5182,active,35-44,Brasilia,BR,sms
Camille,Fraser,camille.fraser.1087@customer360.test,+1-555-287-5219,active,45-54,Ottawa,CA,push
Lwazi,Dlamini,lwazi.dlamini.1088@customer360.test,+1-555-288-5256,active,55-64,Gqeberha,ZA,email
Rohan,Mehta,rohan.mehta.1089@customer360.test,+1-555-289-5293,active,35-44,Pune,IN,push
Lucia,Castillo,lucia.castillo.1090@customer360.test,+1-555-290-5330,active,18-24,Puebla,MX,push
Camila,Nogueira,camila.nogueira.1091@customer360.test,+1-555-291-5367,active,35-44,Salvador,BR,push
Baptiste,Mercier,baptiste.mercier.1092@customer360.test,+1-555-292-5404,active,35-44,Lille,FR,push
Rohan,Desai,rohan.desai.1093@customer360.test,+1-555-293-5441,inactive,18-24,Bengaluru,IN,sms
Sem,Meijer,sem.meijer.1094@customer360.test,+1-555-294-5478,active,25-34,The Hague,NL,sms
Quinn,Reed,quinn.reed.1095@customer360.test,+1-555-295-5515,active,45-54,Denver,US,push
Mateo,Castillo,mateo.castillo.1096@customer360.test,+1-555-296-5552,active,45-54,Puebla,MX,push
Lwazi,Mokoena,lwazi.mokoena.1097@customer360.test,+1-555-297-5589,active,25-34,Gqeberha,ZA,push
Rafael,Carvalho,rafael.carvalho.1098@customer360.test,+1-555-298-5626,active,45-54,Salvador,BR,sms
Sipho,Botha,sipho.botha.1099@customer360.test,+1-555-299-5663,active,25-34,Bloemfontein,ZA,sms
Sophie,Kruger,sophie.kruger.1100@customer360.test,+1-555-300-5700,active,35-44,Leipzig,DE,push
Sofia Elena,Morales,sofia-elena.morales.1101@customer360.test,+1-555-301-5737,inactive,35-44,Monterrey,MX,push
Morgan Marie,Mitchell,morgan-marie.mitchell.1102@customer360.test,+1-555-302-5774,active,45-54,Atlanta,US,push
Zinhle Lee,Van Wyk,zinhle-lee.van-wyk.1103@customer360.test,+1-555-303-5811,active,55-64,Pretoria,ZA,sms
Reyansh,Pillai,reyansh.pillai.1104@customer360.test,+1-555-304-5848,active,25-34,Ahmedabad,IN,email
Fleur,Meijer,fleur.meijer.1105@customer360.test,+1-555-305-5885,active,25-34,Utrecht,NL,sms
Harper,Collins,harper.collins.1106@customer360.test,+1-555-306-5922,active,18-24,Atlanta,US,sms
Taylor,Bennett,taylor.bennett.1107@customer360.test,+1-555-307-5959,active,45-54,Atlanta,US,email
Sofia Marie,Brooks,sofia-marie.brooks.1108@customer360.test,+1-555-308-5996,active,25-34,Philadelphia,US,sms
Poppy,Mercer,poppy.mercer.1109@customer360.test,+1-555-309-6033,active,18-24,Leeds,GB,email
Helena,Martins,helena.martins.1110@customer360.test,+1-555-310-6070,active,45-54,Rio de Janeiro,BR,sms
Lucia,Hernandez,lucia.hernandez.1111@customer360.test,+1-555-311-6107,active,18-24,Monterrey,MX,email
Sanne,Bakker,sanne.bakker.1112@customer360.test,+1-555-312-6144,active,18-24,Utrecht,NL,email
Evie,Crawford,evie.crawford.1113@customer360.test,+1-555-313-6181,active,25-34,Birmingham,GB,push
Rin,Watanabe,rin.watanabe.1114@customer360.test,+1-555-314-6218,active,25-34,Kyoto,JP,sms
Lachlan,McKenzie,lachlan.mckenzie.1115@customer360.test,+1-555-315-6255,active,35-44,Canberra,AU,email
Harper,Carter,harper.carter.1116@customer360.test,+1-555-316-6292,active,25-34,Austin,US,sms
Riku,Watanabe,riku.watanabe.1117@customer360.test,+1-555-317-6329,active,45-54,Nagoya,JP,push
Harper,Carter,harper.carter.1118@customer360.test,+1-555-318-6366,active,45-54,Seattle,US,push
Oscar,Ellis,oscar.ellis.1119@customer360.test,+1-555-319-6403,active,45-54,Edinburgh,GB,email
Nadia,Ng,nadia.ng.1120@customer360.test,+1-555-320-6440,active,45-54,Singapore,SG,sms
Ines,Moreau,ines.moreau.1121@customer360.test,+1-555-321-6477,active,35-44,Nantes,FR,email
Lucia,Castillo,lucia.castillo.1122@customer360.test,+1-555-322-6514,active,45-54,Mexico City,MX,push
Sofia,Rojas,sofia.rojas.1123@customer360.test,+1-555-323-6551,active,25-34,Seville,ES,email
Morgan Rose,Turner,morgan-rose.turner.1124@customer360.test,+1-555-324-6588,active,25-34,Boston,US,push
Sanne Pieter,Van Dijk,sanne-pieter.van-dijk.1125@customer360.test,+1-555-325-6625,active,35-44,Amsterdam,NL,sms
Sofia,Mitchell,sofia.mitchell.1126@customer360.test,+1-555-326-6662,active,45-54,Austin,US,sms
Riley,Hayes,riley.hayes.1127@customer360.test,+1-555-327-6699,active,18-24,Minneapolis,US,sms
Sota,Yamamoto,sota.yamamoto.1128@customer360.test,+1-555-328-6736,inactive,35-44,Kyoto,JP,email
Sem,Mulder,sem.mulder.1129@customer360.test,+1-555-329-6773,active,55-64,The Hague,NL,sms
Sana,Sharma,sana.sharma.1130@customer360.test,+1-555-330-6810,active,35-44,Kolkata,IN,sms
Miles Lee,Bennett,miles-lee.bennett.1131@customer360.test,+1-555-331-6847,active,55-64,Chicago,US,sms
Noor Marie,Mulder,noor-marie.mulder.1132@customer360.test,+1-555-332-6884,active,25-34,Eindhoven,NL,push
Aditya,Desai,aditya.desai.1133@customer360.test,+1-555-333-6921,active,18-24,Delhi,IN,sms
Ines,Lefevre,ines.lefevre.1134@customer360.test,+1-555-334-6958,active,18-24,Lille,FR,sms
Emilia,Neumann,emilia.neumann.1135@customer360.test,+1-555-335-6995,active,45-54,Leipzig,DE,push
Valeria Carmen,Ortega,valeria-carmen.ortega.1136@customer360.test,+1-555-336-7032,inactive,25-34,Valencia,ES,email
Rin,Kobayashi,rin.kobayashi.1137@customer360.test,+1-555-337-7069,active,35-44,Yokohama,JP,email
Diya,Pillai,diya.pillai.1138@customer360.test,+1-555-338-7106,active,55-64,Chennai,IN,email
Lerato Grace,Nkosi,lerato-grace.nkosi.1139@customer360.test,+1-555-339-7143,inactive,25-34,Pretoria,ZA,email
Valeria,Rojas,valeria.rojas.1140@customer360.test,+1-555-340-7180,active,35-44,Valencia,ES,push
Baptiste,Rousseau,baptiste.rousseau.1141@customer360.test,+1-555-341-7217,active,25-34,Marseille,FR,email
Cooper,Cameron,cooper.cameron.1142@customer360.test,+1-555-342-7254,active,18-24,Sydney,AU,email
Zinhle,Mthembu,zinhle.mthembu.1143@customer360.test,+1-555-343-7291,active,45-54,Johannesburg,ZA,push
Mateo,Navarro,mateo.navarro.1144@customer360.test,+1-555-344-7328,active,35-44,Mexico City,MX,email
Harper,Mitchell,harper.mitchell.1145@customer360.test,+1-555-345-7365,active,35-44,Philadelphia,US,email
Ishaan,Saxena,ishaan.saxena.1146@customer360.test,+1-555-346-7402,active,55-64,Delhi,IN,push
Naomi,Morgan,naomi.morgan.1147@customer360.test,+1-555-347-7439,active,25-34,Portland,US,push
Beatrice Anna,Ricci,beatrice-anna.ricci.1148@customer360.test,+1-555-348-7476,active,35-44,Bologna,IT,push
Arthur,Marchand,arthur.marchand.1149@customer360.test,+1-555-349-7513,active,55-64,Toulouse,FR,sms
Lena,Hoffmann,lena.hoffmann.1150@customer360.test,+1-555-350-7550,active,25-34,Stuttgart,DE,email
Lena,Russell,lena.russell.1151@customer360.test,+1-555-351-7587,active,55-64,Seattle,US,push
Chloe Marie,Rousseau,chloe-marie.rousseau.1152@customer360.test,+1-555-352-7624,active,45-54,Bordeaux,FR,push
Quinn,Mitchell,quinn.mitchell.1153@customer360.test,+1-555-353-7661,active,35-44,Boston,US,email
Owen,Campbell,owen.campbell.1154@customer360.test,+1-555-354-7698,active,45-54,Montreal,CA,push
Ines,Lefevre,ines.lefevre.1155@customer360.test,+1-555-355-7735,active,35-44,Paris,FR,sms
Chloe Jean,Bouchard,chloe-jean.bouchard.1156@customer360.test,+1-555-356-7772,active,35-44,Vancouver,CA,email
Naomi,Carter,naomi.carter.1157@customer360.test,+1-555-357-7809,active,25-34,Atlanta,US,email
Aarav,Rao,aarav.rao.1158@customer360.test,+1-555-358-7846,active,45-54,Bengaluru,IN,push
Jordan,Cooper,jordan.cooper.1159@customer360.test,+1-555-359-7883,active,55-64,Denver,US,email
Ines,Mercier,ines.mercier.1160@customer360.test,+1-555-360-7920,active,45-54,Nantes,FR,push
Hugo,Dubois,hugo.dubois.1161@customer360.test,+1-555-361-7957,active,18-24,Paris,FR,push
Ines,Renard,ines.renard.1162@customer360.test,+1-555-362-7994,active,18-24,Nantes,FR,sms
Thiago,Nogueira,thiago.nogueira.1163@customer360.test,+1-555-363-8031,active,35-44,Recife,BR,push
Caleb,Bailey,caleb.bailey.1164@customer360.test,+1-555-364-8068,active,45-54,Seattle,US,email
Leah,Bennett,leah.bennett.1165@customer360.test,+1-555-365-8105,active,18-24,Montreal,CA,sms
Beatriz,Almeida,beatriz.almeida.1166@customer360.test,+1-555-366-8142,active,25-34,Porto Alegre,BR,email
Parker,Brooks,parker.brooks.1167@customer360.test,+1-555-367-8179,active,25-34,Portland,US,push
Mia,Anderson,mia.anderson.1168@customer360.test,+1-555-368-8216,active,25-34,Sydney,AU,push
Daniel,Navarro,daniel.navarro.1169@customer360.test,+1-555-369-8253,active,45-54,Puebla,MX,sms
Theo,Beaulieu,theo.beaulieu.1170@customer360.test,+1-555-370-8290,active,35-44,Toronto,CA,push
Maya,Bailey,maya.bailey.1171@customer360.test,+1-555-371-8327,active,25-34,Austin,US,email
Isla,Wallace,isla.wallace.1172@customer360.test,+1-555-372-8364,active,25-34,Adelaide,AU,email
Matteo,Conti,matteo.conti.1173@customer360.test,+1-555-373-8401,active,45-54,Rome,IT,email
Amelie,Dubois,amelie.dubois.1174@customer360.test,+1-555-374-8438,active,25-34,Toulouse,FR,sms
Mila Jean,Mercer,mila-jean.mercer.1175@customer360.test,+1-555-375-8475,active,35-44,Vancouver,CA,email
Enzo,Ferreira,enzo.ferreira.1176@customer360.test,+1-555-376-8512,inactive,35-44,Brasilia,BR,email
Nora,Bailey,nora.bailey.1177@customer360.test,+1-555-377-8549,active,35-44,Boston,US,push
Daniel,Marin,daniel.marin.1178@customer360.test,+1-555-378-8586,active,25-34,Malaga,ES,sms
Sofia James,Bennett,sofia-james.bennett.1179@customer360.test,+1-555-379-8623,active,25-34,Minneapolis,US,sms
Arjun,Mehta,arjun.mehta.1180@customer360.test,+1-555-380-8660,active,35-44,Mumbai,IN,email
Maya Kai,Cooper,maya-kai.cooper.1181@customer360.test,+1-555-381-8697,active,25-34,Denver,US,email
Arthur,Harrington,arthur.harrington.1182@customer360.test,+1-555-382-8734,active,45-54,Birmingham,GB,email
Mathis,Dubois,mathis.dubois.1183@customer360.test,+1-555-383-8771,active,45-54,Paris,FR,email
Mei,Ito,mei.ito.1184@customer360.test,+1-555-384-8808,active,25-34,Kyoto,JP,email
Davide Giovanni,Gallo,davide-giovanni.gallo.1185@customer360.test,+1-555-385-8845,active,25-34,Rome,IT,sms
Beatriz,Ribeiro,beatriz.ribeiro.1186@customer360.test,+1-555-386-8882,active,35-44,Salvador,BR,email
Santiago,Hernandez,santiago.hernandez.1187@customer360.test,+1-555-387-8919,active,45-54,Mexico City,MX,push
Daniel Jose,Fuentes,daniel-jose.fuentes.1188@customer360.test,+1-555-388-8956,active,25-34,Monterrey,MX,sms
Mariana Joao,Carvalho,mariana-joao.carvalho.1189@customer360.test,+1-555-389-8993,active,18-24,Brasilia,BR,push
Rohan Priya,Bhat,rohan-priya.bhat.1190@customer360.test,+1-555-390-9030,active,35-44,Kolkata,IN,sms
Meera,Pillai,meera.pillai.1191@customer360.test,+1-555-391-9067,active,45-54,Kolkata,IN,email
Diya,Malhotra,diya.malhotra.1192@customer360.test,+1-555-392-9104,active,55-64,Delhi,IN,push
Owen,Sinclair,owen.sinclair.1193@customer360.test,+1-555-393-9141,active,45-54,Toronto,CA,email
Maya,Bennett,maya.bennett.1194@customer360.test,+1-555-394-9178,active,18-24,Austin,US,push
Sofia Maria,Mendoza,sofia-maria.mendoza.1195@customer360.test,+1-555-395-9215,active,18-24,Monterrey,MX,push
Maximilian,Hartmann,maximilian.hartmann.1196@customer360.test,+1-555-396-9252,active,18-24,Leipzig,DE,email
Valentina Maria,Barbosa,valentina-maria.barbosa.1197@customer360.test,+1-555-397-9289,active,18-24,Salvador,BR,push
Diya,Iyer,diya.iyer.1198@customer360.test,+1-555-398-9326,active,45-54,Bengaluru,IN,sms
Sofia,Romano,sofia.romano.1199@customer360.test,+1-555-399-9363,active,45-54,Turin,IT,email
Amelie,Laurent,amelie.laurent.1200@customer360.test,+1-555-400-9400,active,45-54,Lille,FR,email
Vega,Garcia,vega.garcia.1201@customer360.test,+1-555-401-9437,active,35-44,Bilbao,ES,push
Maya,Morgan,maya.morgan.1202@customer360.test,+1-555-402-9474,active,45-54,Minneapolis,US,push
Leon,Neumann,leon.neumann.1203@customer360.test,+1-555-403-9511,active,35-44,Berlin,DE,push
Riku Aya,Yamamoto,riku-aya.yamamoto.1204@customer360.test,+1-555-404-9548,active,35-44,Nagoya,JP,sms
Daniel,Cervantes,daniel.cervantes.1205@customer360.test,+1-555-405-9585,active,18-24,Queretaro,MX,sms
Gabriel,Ribeiro,gabriel.ribeiro.1206@customer360.test,+1-555-406-9622,active,25-34,Recife,BR,email
Amelie Johann,Kruger,amelie-johann.kruger.1207@customer360.test,+1-555-407-9659,active,35-44,Munich,DE,email
Avery,Cooper,avery.cooper.1208@customer360.test,+1-555-408-9696,active,18-24,Minneapolis,US,sms
Maya,Foster,maya.foster.1209@customer360.test,+1-555-409-9733,active,45-54,Chicago,US,push
Elena,Hernandez,elena.hernandez.1210@customer360.test,+1-555-410-9770,active,25-34,Guadalajara,MX,email
Maya Rose,Hayes,maya-rose.hayes.1211@customer360.test,+1-555-411-9807,active,18-24,Philadelphia,US,sms
Amelie,Vogel,amelie.vogel.1212@customer360.test,+1-555-412-9844,active,25-34,Berlin,DE,email
Diya Raj,Kapoor,diya-raj.kapoor.1213@customer360.test,+1-555-413-9881,active,18-24,Mumbai,IN,email
Rohan Dev,Bhat,rohan-dev.bhat.1214@customer360.test,+1-555-414-9918,active,45-54,Delhi,IN,sms
Diego Maria,Vargas,diego-maria.vargas.1215@customer360.test,+1-555-415-9955,active,35-44,Puebla,MX,sms
Naomi,Foster,naomi.foster.1216@customer360.test,+1-555-416-9992,active,35-44,Seattle,US,push
Aditya,Menon,aditya.menon.1217@customer360.test,+1-555-417-1029,active,55-64,Kochi,IN,sms
Nora,Mitchell,nora.mitchell.1218@customer360.test,+1-555-418-1066,inactive,55-64,Atlanta,US,sms
Marcus,Lim,marcus.lim.1219@customer360.test,+1-555-419-1103,active,25-34,Singapore,SG,sms
Parker,Brooks,parker.brooks.1220@customer360.test,+1-555-420-1140,inactive,45-54,Chicago,US,sms
Alejandro,Castillo,alejandro.castillo.1221@customer360.test,+1-555-421-1177,active,25-34,Merida,MX,sms
Maximilian,Becker,maximilian.becker.1222@customer360.test,+1-555-422-1214,active,35-44,Berlin,DE,push
Leo Luis,Marin,leo-luis.marin.1223@customer360.test,+1-555-423-1251,active,45-54,Valencia,ES,sms
Riku,Yoshida,riku.yoshida.1224@customer360.test,+1-555-424-1288,active,25-34,Nagoya,JP,push
Aditi,Iyer,aditi.iyer.1225@customer360.test,+1-555-425-1325,active,35-44,Chennai,IN,sms
Aoi Ken,Nakamura,aoi-ken.nakamura.1226@customer360.test,+1-555-426-1362,inactive,55-64,Yokohama,JP,sms
Meera,Malhotra,meera.malhotra.1227@customer360.test,+1-555-427-1399,inactive,18-24,Delhi,IN,sms
Clara Marie,Bennett,clara-marie.bennett.1228@customer360.test,+1-555-428-1436,active,35-44,Ottawa,CA,email
Rin,Yoshida,rin.yoshida.1229@customer360.test,+1-555-429-1473,active,35-44,Yokohama,JP,push
Ines,Fontaine,ines.fontaine.1230@customer360.test,+1-555-430-1510,active,25-34,Nantes,FR,sms
Nadia,Chua,nadia.chua.1231@customer360.test,+1-555-431-1547,active,25-34,Singapore,SG,sms
Sienna Rose,Fletcher,sienna-rose.fletcher.1232@customer360.test,+1-555-432-1584,active,55-64,Canberra,AU,email
Tommaso,Rossi,tommaso.rossi.1233@customer360.test,+1-555-433-1621,active,25-34,Florence,IT,push
Daniel,Cabrera,daniel.cabrera.1234@customer360.test,+1-555-434-1658,active,25-34,Madrid,ES,email
Nana Hiro,Sato,nana-hiro.sato.1235@customer360.test,+1-555-435-1695,active,35-44,Yokohama,JP,email
Caleb,Cooper,caleb.cooper.1236@customer360.test,+1-555-436-1732,active,25-34,Denver,US,email
Haruto,Suzuki,haruto.suzuki.1237@customer360.test,+1-555-437-1769,active,35-44,Kyoto,JP,push
Nadia,Goh,nadia.goh.1238@customer360.test,+1-555-438-1806,active,55-64,Singapore,SG,push
Caleb,Cooper,caleb.cooper.1239@customer360.test,+1-555-439-1843,active,35-44,Boston,US,push
Sophie Marie,Bouchard,sophie-marie.bouchard.1240@customer360.test,+1-555-440-1880,active,45-54,Ottawa,CA,sms
Sota,Yamada,sota.yamada.1241@customer360.test,+1-555-441-1917,active,45-54,Sapporo,JP,push
Eva Marie,Jansen,eva-marie.jansen.1242@customer360.test,+1-555-442-1954,active,55-64,Amsterdam,NL,sms
Vivaan,Iyer,vivaan.iyer.1243@customer360.test,+1-555-443-1991,active,45-54,Pune,IN,push
Tara,Rao,tara.rao.1244@customer360.test,+1-555-444-2028,active,25-34,Delhi,IN,email
Gabriel,Rousseau,gabriel.rousseau.1245@customer360.test,+1-555-445-2065,inactive,45-54,Lille,FR,sms
Nadia,Wong,nadia.wong.1246@customer360.test,+1-555-446-2102,active,55-64,Singapore,SG,push
Kabir,Mehta,kabir.mehta.1247@customer360.test,+1-555-447-2139,active,18-24,Mumbai,IN,sms
Callum,Bennett,callum.bennett.1248@customer360.test,+1-555-448-2176,active,35-44,Sydney,AU,sms
Camille,Bennett,camille.bennett.1249@customer360.test,+1-555-449-2213,active,25-34,Toronto,CA,push
Javier,Vargas,javier.vargas.1250@customer360.test,+1-555-450-2250,active,25-34,Puebla,MX,push
Julian,Beaulieu,julian.beaulieu.1251@customer360.test,+1-555-451-2287,active,35-44,Montreal,CA,email
Wei Ming,Goh,wei-ming.goh.1252@customer360.test,+1-555-452-2324,active,35-44,Singapore,SG,email
Lucia,Vidal,lucia.vidal.1253@customer360.test,+1-555-453-2361,active,25-34,Bilbao,ES,sms
Elliot,McKenzie,elliot.mckenzie.1254@customer360.test,+1-555-454-2398,active,25-34,Brisbane,AU,email
Miles Marie,Hayes,miles-marie.hayes.1255@customer360.test,+1-555-455-2435,active,25-34,Chicago,US,email
Camila,Araujo,camila.araujo.1256@customer360.test,+1-555-456-2472,active,25-34,Rio de Janeiro,BR,email
Elias,Bouchard,elias.bouchard.1257@customer360.test,+1-555-457-2509,active,35-44,Toronto,CA,push
Sana Riya,Malhotra,sana-riya.malhotra.1258@customer360.test,+1-555-458-2546,active,45-54,Bengaluru,IN,push
Harper,Reed,harper.reed.1259@customer360.test,+1-555-459-2583,active,55-64,Austin,US,push
Diya Dev,Desai,diya-dev.desai.1260@customer360.test,+1-555-460-2620,active,25-34,Mumbai,IN,email
Harper,Collins,harper.collins.1261@customer360.test,+1-555-461-2657,active,35-44,Minneapolis,US,sms
Elias,Sinclair,elias.sinclair.1262@customer360.test,+1-555-462-2694,active,25-34,Toronto,CA,email
Wei Ming,Wong,wei-ming.wong.1263@customer360.test,+1-555-463-2731,active,25-34,Singapore,SG,email
Javier,Hernandez,javier.hernandez.1264@customer360.test,+1-555-464-2768,active,45-54,Monterrey,MX,sms
Liam,Bouchard,liam.bouchard.1265@customer360.test,+1-555-465-2805,active,35-44,Edmonton,CA,sms
Aiden,Jacobs,aiden.jacobs.1266@customer360.test,+1-555-466-2842,active,45-54,Durban,ZA,push
Amelia,Whitmore,amelia.whitmore.1267@customer360.test,+1-555-467-2879,active,18-24,London,GB,push
Aoi,Watanabe,aoi.watanabe.1268@customer360.test,+1-555-468-2916,inactive,25-34,Kyoto,JP,sms
Bram,Bos,bram.bos.1269@customer360.test,+1-555-469-2953,active,25-34,Utrecht,NL,email
Aoi,Tanaka,aoi.tanaka.1270@customer360.test,+1-555-470-2990,active,35-44,Tokyo,JP,email
Nisha Kiran,Malhotra,nisha-kiran.malhotra.1271@customer360.test,+1-555-471-3027,active,35-44,Mumbai,IN,push
Ren,Yoshida,ren.yoshida.1272@customer360.test,+1-555-472-3064,inactive,35-44,Yokohama,JP,push
Rohan,Rao,rohan.rao.1273@customer360.test,+1-555-473-3101,active,55-64,Ahmedabad,IN,push
Liam,Lavoie,liam.lavoie.1274@customer360.test,+1-555-474-3138,active,18-24,Vancouver,CA,push
Tommaso,Gallo,tommaso.gallo.1275@customer360.test,+1-555-475-3175,active,55-64,Turin,IT,push
Thiago Maria,Teixeira,thiago-maria.teixeira.1276@customer360.test,+1-555-476-3212,active,25-34,Salvador,BR,sms
Oliver,Hughes,oliver.hughes.1277@customer360.test,+1-555-477-3249,active,35-44,Edinburgh,GB,email
Aiden,Dlamini,aiden.dlamini.1278@customer360.test,+1-555-478-3286,active,18-24,Johannesburg,ZA,email
Ishita,Chatterjee,ishita.chatterjee.1279@customer360.test,+1-555-479-3323,active,35-44,Kochi,IN,push
Rin,Kobayashi,rin.kobayashi.1280@customer360.test,+1-555-480-3360,active,45-54,Yokohama,JP,sms
Isla Grace,Cameron,isla-grace.cameron.1281@customer360.test,+1-555-481-3397,active,25-34,Adelaide,AU,push
Daniel,Vargas,daniel.vargas.1282@customer360.test,+1-555-482-3434,active,35-44,Puebla,MX,push
Matilda,Reid,matilda.reid.1283@customer360.test,+1-555-483-3471,active,25-34,Brisbane,AU,push
Felix,Hartmann,felix.hartmann.1284@customer360.test,+1-555-484-3508,active,45-54,Frankfurt,DE,sms
Nisha,Malhotra,nisha.malhotra.1285@customer360.test,+1-555-485-3545,active,35-44,Bengaluru,IN,push
Chiara,Lombardi,chiara.lombardi.1286@customer360.test,+1-555-486-3582,active,18-24,Florence,IT,sms
Baptiste,Dubois,baptiste.dubois.1287@customer360.test,+1-555-487-3619,active,55-64,Lyon,FR,sms
Jesse,Vos,jesse.vos.1288@customer360.test,+1-555-488-3656,active,25-34,Utrecht,NL,sms
Ethan,Morgan,ethan.morgan.1289@customer360.test,+1-555-489-3693,active,45-54,Boston,US,push
Nora James,Cooper,nora-james.cooper.1290@customer360.test,+1-555-490-3730,active,25-34,Portland,US,email
Sanne,Bos,sanne.bos.1291@customer360.test,+1-555-491-3767,active,18-24,Amsterdam,NL,email
Arthur,Lawson,arthur.lawson.1292@customer360.test,+1-555-492-3804,active,35-44,London,GB,push
Marco,Esposito,marco.esposito.1293@customer360.test,+1-555-493-3841,active,35-44,Rome,IT,email
Avery,Bennett,avery.bennett.1294@customer360.test,+1-555-494-3878,active,45-54,Portland,US,sms
Parker Lee,Russell,parker-lee.russell.1295@customer360.test,+1-555-495-3915,active,45-54,Portland,US,push
Daniel,Fuentes,daniel.fuentes.1296@customer360.test,+1-555-496-3952,active,25-34,Merida,MX,sms
Yuto,Yoshida,yuto.yoshida.1297@customer360.test,+1-555-497-3989,active,35-44,Fukuoka,JP,push
Felix,Becker,felix.becker.1298@customer360.test,+1-555-498-4026,inactive,25-34,Frankfurt,DE,push
Leon,Hoffmann,leon.hoffmann.1299@customer360.test,+1-555-499-4063,active,25-34,Stuttgart,DE,email
Julian,Morrison,julian.morrison.1300@customer360.test,+1-555-500-4100,inactive,25-34,Calgary,CA,email
Nora,Reed,nora.reed.1301@customer360.test,+1-555-501-4137,active,35-44,Philadelphia,US,email
Maisie,Lawson,maisie.lawson.1302@customer360.test,+1-555-502-4174,active,55-64,Leeds,GB,push
Hamish James,Fletcher,hamish-james.fletcher.1303@customer360.test,+1-555-503-4211,active,35-44,Perth,AU,email
Chiara,Costa,chiara.costa.1304@customer360.test,+1-555-504-4248,active,25-34,Bologna,IT,email
Clara,Fournier,clara.fournier.1305@customer360.test,+1-555-505-4285,active,35-44,Vancouver,CA,push
Nadia,Lim,nadia.lim.1306@customer360.test,+1-555-506-4322,active,25-34,Singapore,SG,push
Finn,Neumann,finn.neumann.1307@customer360.test,+1-555-507-4359,active,55-64,Cologne,DE,push
Matteo,Esposito,matteo.esposito.1308@customer360.test,+1-555-508-4396,active,45-54,Turin,IT,sms
Emilia,Wagner,emilia.wagner.1309@customer360.test,+1-555-509-4433,active,25-34,Stuttgart,DE,push
Cameron,Bennett,cameron.bennett.1310@customer360.test,+1-555-510-4470,inactive,45-54,Boston,US,push
Felix,Hoffmann,felix.hoffmann.1311@customer360.test,+1-555-511-4507,active,45-54,Cologne,DE,sms
Julian,Gauthier,julian.gauthier.1312@customer360.test,+1-555-512-4544,active,35-44,Montreal,CA,email
Grace,Hayes,grace.hayes.1313@customer360.test,+1-555-513-4581,inactive,45-54,Brisbane,AU,sms
Ruby Edward,Chapman,ruby-edward.chapman.1314@customer360.test,+1-555-514-4618,active,25-34,Manchester,GB,email
Caio,Martins,caio.martins.1315@customer360.test,+1-555-515-4655,active,35-44,Curitiba,BR,email
Aurora,Esposito,aurora.esposito.1316@customer360.test,+1-555-516-4692,active,45-54,Milan,IT,email
Quinn,Collins,quinn.collins.1317@customer360.test,+1-555-517-4729,active,18-24,Austin,US,sms
Alba Jose,Molina,alba-jose.molina.1318@customer360.test,+1-555-518-4766,active,55-64,Seville,ES,sms
Hugo,Crawford,hugo.crawford.1319@customer360.test,+1-555-519-4803,active,35-44,Edinburgh,GB,push
Noor,Visser,noor.visser.1320@customer360.test,+1-555-520-4840,active,25-34,Eindhoven,NL,push
Rafael,Mendes,rafael.mendes.1321@customer360.test,+1-555-521-4877,active,25-34,Rio de Janeiro,BR,email
Sana,Bhat,sana.bhat.1322@customer360.test,+1-555-522-4914,active,35-44,Pune,IN,email
Davide Luca,Lombardi,davide-luca.lombardi.1323@customer360.test,+1-555-523-4951,active,25-34,Naples,IT,push
Isla,Chapman,isla.chapman.1324@customer360.test,+1-555-524-4988,active,18-24,London,GB,push
Siti,Teo,siti.teo.1325@customer360.test,+1-555-525-5025,active,55-64,Singapore,SG,sms
Sana,Sharma,sana.sharma.1326@customer360.test,+1-555-526-5062,active,45-54,Mumbai,IN,sms
Camila,Cervantes,camila.cervantes.1327@customer360.test,+1-555-527-5099,active,35-44,Queretaro,MX,email
Sofia Luis,Vargas,sofia-luis.vargas.1328@customer360.test,+1-555-528-5136,active,35-44,Guadalajara,MX,email
Camille,Fraser,camille.fraser.1329@customer360.test,+1-555-529-5173,active,55-64,Vancouver,CA,push
Haruto,Watanabe,haruto.watanabe.1330@customer360.test,+1-555-530-5210,active,25-34,Osaka,JP,push
Grace,Fletcher,grace.fletcher.1331@customer360.test,+1-555-531-5247,active,55-64,Perth,AU,sms
Zara,Cameron,zara.cameron.1332@customer360.test,+1-555-532-5284,active,25-34,Melbourne,AU,email
Lorenzo,Ferrari,lorenzo.ferrari.1333@customer360.test,+1-555-533-5321,active,35-44,Palermo,IT,sms
Hina,Sato,hina.sato.1334@customer360.test,+1-555-534-5358,active,45-54,Kyoto,JP,email
Hamish,Reid,hamish.reid.1335@customer360.test,+1-555-535-5395,inactive,25-34,Melbourne,AU,email
Helena Luiz,Nogueira,helena-luiz.nogueira.1336@customer360.test,+1-555-536-5432,active,45-54,Rio de Janeiro,BR,sms
Oliver,Whitmore,oliver.whitmore.1337@customer360.test,+1-555-537-5469,active,35-44,Bristol,GB,email
Arjun,Kulkarni,arjun.kulkarni.1338@customer360.test,+1-555-538-5506,active,25-34,Chennai,IN,push
Elena,Mendoza,elena.mendoza.1339@customer360.test,+1-555-539-5543,active,35-44,Mexico City,MX,push
Theo,Blanc,theo.blanc.1340@customer360.test,+1-555-540-5580,inactive,35-44,Nantes,FR,sms
Anaya,Saxena,anaya.saxena.1341@customer360.test,+1-555-541-5617,active,25-34,Kolkata,IN,sms
Mio,Watanabe,mio.watanabe.1342@customer360.test,+1-555-542-5654,active,55-64,Tokyo,JP,sms
Ruby,Reid,ruby.reid.1343@customer360.test,+1-555-543-5691,active,35-44,Adelaide,AU,push
Mateo Maria,Vargas,mateo-maria.vargas.1344@customer360.test,+1-555-544-5728,active,55-64,Guadalajara,MX,sms
Luiza,Barbosa,luiza.barbosa.1345@customer360.test,+1-555-545-5765,active,45-54,Brasilia,BR,email
Freya,Ellis,freya.ellis.1346@customer360.test,+1-555-546-5802,active,35-44,Manchester,GB,sms
Hugo Carmen,Ortega,hugo-carmen.ortega.1347@customer360.test,+1-555-547-5839,active,45-54,Barcelona,ES,email
Nisha,Iyer,nisha.iyer.1348@customer360.test,+1-555-548-5876,active,25-34,Pune,IN,sms
Meera,Desai,meera.desai.1349@customer360.test,+1-555-549-5913,active,25-34,Pune,IN,sms
Aiden,Naidoo,aiden.naidoo.1350@customer360.test,+1-555-550-5950,active,45-54,Cape Town,ZA,push
Arjun,Tan,arjun.tan.1351@customer360.test,+1-555-551-5987,active,25-34,Singapore,SG,email
Finn,Hoffmann,finn.hoffmann.1352@customer360.test,+1-555-552-6024,active,25-34,Cologne,DE,push
Ishaan,Malhotra,ishaan.malhotra.1353@customer360.test,+1-555-553-6061,active,35-44,Mumbai,IN,sms
Alba,Vega,alba.vega.1354@customer360.test,+1-555-554-6098,active,35-44,Valencia,ES,email
Wei Ming,Ong,wei-ming.ong.1355@customer360.test,+1-555-555-6135,active,18-24,Singapore,SG,email
Mariana,Mendes,mariana.mendes.1356@customer360.test,+1-555-556-6172,active,45-54,Sao Paulo,BR,sms
Ethan,Ng,ethan.ng.1357@customer360.test,+1-555-557-6209,active,45-54,Singapore,SG,email
Rohan,Kulkarni,rohan.kulkarni.1358@customer360.test,+1-555-558-6246,active,45-54,Bengaluru,IN,sms
Elliot,Sullivan,elliot.sullivan.1359@customer360.test,+1-555-559-6283,active,35-44,Melbourne,AU,email
Felix,Vogel,felix.vogel.1360@customer360.test,+1-555-560-6320,active,55-64,Berlin,DE,sms
Riley,Mitchell,riley.mitchell.1361@customer360.test,+1-555-561-6357,active,35-44,Philadelphia,US,sms
Elena,Vargas,elena.vargas.1362@customer360.test,+1-555-562-6394,active,35-44,Mexico City,MX,sms
Ishita,Bhat,ishita.bhat.1363@customer360.test,+1-555-563-6431,active,45-54,Ahmedabad,IN,push
Nadia,Teo,nadia.teo.1364@customer360.test,+1-555-564-6468,inactive,25-34,Singapore,SG,sms
Clara Jean,Poirier,clara-jean.poirier.1365@customer360.test,+1-555-565-6505,active,35-44,Halifax,CA,sms
Sanne Sofie,Vos,sanne-sofie.vos.1366@customer360.test,+1-555-566-6542,inactive,35-44,Utrecht,NL,email
Nadia,Ong,nadia.ong.1367@customer360.test,+1-555-567-6579,active,55-64,Singapore,SG,email
Diego,Cervantes,diego.cervantes.1368@customer360.test,+1-555-568-6616,active,18-24,Puebla,MX,push
Ren,Ito,ren.ito.1369@customer360.test,+1-555-569-6653,inactive,25-34,Osaka,JP,push
Harper,Parker,harper.parker.1370@customer360.test,+1-555-570-6690,active,25-34,Austin,US,push
Bram,Van Dijk,bram.van-dijk.1371@customer360.test,+1-555-571-6727,active,25-34,Groningen,NL,push
Julian Marie,Beaulieu,julian-marie.beaulieu.1372@customer360.test,+1-555-572-6764,active,35-44,Toronto,CA,sms
Sienna,Cameron,sienna.cameron.1373@customer360.test,+1-555-573-6801,active,18-24,Brisbane,AU,push
Amara,Mthembu,amara.mthembu.1374@customer360.test,+1-555-574-6838,active,25-34,Pretoria,ZA,email
Finn,Wagner,finn.wagner.1375@customer360.test,+1-555-575-6875,active,35-44,Frankfurt,DE,email
Nina,Van Dijk,nina.van-dijk.1376@customer360.test,+1-555-576-6912,active,35-44,Amsterdam,NL,push
Cameron James,Foster,cameron-james.foster.1377@customer360.test,+1-555-577-6949,active,18-24,Seattle,US,push
Alice Anna,Romano,alice-anna.romano.1378@customer360.test,+1-555-578-6986,active,25-34,Naples,IT,sms
Mila,Poirier,mila.poirier.1379@customer360.test,+1-555-579-7023,active,25-34,Edmonton,CA,email
Poppy,Sinclair,poppy.sinclair.1380@customer360.test,+1-555-580-7060,active,55-64,Glasgow,GB,sms
Elisa,Lombardi,elisa.lombardi.1381@customer360.test,+1-555-581-7097,active,35-44,Milan,IT,sms
Oscar,Hughes,oscar.hughes.1382@customer360.test,+1-555-582-7134,active,35-44,Leeds,GB,sms
Rafael,Ribeiro,rafael.ribeiro.1383@customer360.test,+1-555-583-7171,active,35-44,Porto Alegre,BR,email
Isabela,Martins,isabela.martins.1384@customer360.test,+1-555-584-7208,active,25-34,Salvador,BR,email
Noah,Morrison,noah.morrison.1385@customer360.test,+1-555-585-7245,active,35-44,Halifax,CA,push
Arjun,Kapoor,arjun.kapoor.1386@customer360.test,+1-555-586-7282,active,45-54,Pune,IN,sms
Sofia Kai,Foster,sofia-kai.foster.1387@customer360.test,+1-555-587-7319,active,18-24,Philadelphia,US,sms
Mila,Hartmann,mila.hartmann.1388@customer360.test,+1-555-588-7356,active,55-64,Hamburg,DE,email
Morgan,Turner,morgan.turner.1389@customer360.test,+1-555-589-7393,active,18-24,Denver,US,email
Jack,Hughes,jack.hughes.1390@customer360.test,+1-555-590-7430,active,45-54,Sydney,AU,email
Maeve,Fournier,maeve.fournier.1391@customer360.test,+1-555-591-7467,active,55-64,Toronto,CA,sms
Hamish,Fletcher,hamish.fletcher.1392@customer360.test,+1-555-592-7504,active,55-64,Hobart,AU,sms
Nana,Yamada,nana.yamada.1393@customer360.test,+1-555-593-7541,active,25-34,Osaka,JP,push
Reyansh,Kapoor,reyansh.kapoor.1394@customer360.test,+1-555-594-7578,active,18-24,Kolkata,IN,sms
Tommaso,Costa,tommaso.costa.1395@customer360.test,+1-555-595-7615,active,55-64,Florence,IT,push
Ruby James,McKenzie,ruby-james.mckenzie.1396@customer360.test,+1-555-596-7652,active,35-44,Adelaide,AU,push
Leon,Becker,leon.becker.1397@customer360.test,+1-555-597-7689,active,55-64,Stuttgart,DE,sms
Paul,Hartmann,paul.hartmann.1398@customer360.test,+1-555-598-7726,active,18-24,Munich,DE,sms
Morgan Lee,Ward,morgan-lee.ward.1399@customer360.test,+1-555-599-7763,active,55-64,Seattle,US,sms
Lena Alex,Morgan,lena-alex.morgan.1400@customer360.test,+1-555-600-7800,active,18-24,Boston,US,sms
Leon,Kruger,leon.kruger.1401@customer360.test,+1-555-601-7837,active,35-44,Munich,DE,email
Dylan,Bailey,dylan.bailey.1402@customer360.test,+1-555-602-7874,active,55-64,San Diego,US,email
Sipho,Maseko,sipho.maseko.1403@customer360.test,+1-555-603-7911,active,45-54,Cape Town,ZA,email
Sem,Visser,sem.visser.1404@customer360.test,+1-555-604-7948,active,25-34,Amsterdam,NL,email
Beatrice,Bianchi,beatrice.bianchi.1405@customer360.test,+1-555-605-7985,active,55-64,Palermo,IT,sms
Callum,Morgan,callum.morgan.1406@customer360.test,+1-555-606-8022,active,18-24,Hobart,AU,push
Sophie,Fraser,sophie.fraser.1407@customer360.test,+1-555-607-8059,active,18-24,Ottawa,CA,push
Liam,Sinclair,liam.sinclair.1408@customer360.test,+1-555-608-8096,active,25-34,Halifax,CA,email
Daiki,Takahashi,daiki.takahashi.1409@customer360.test,+1-555-609-8133,active,25-34,Tokyo,JP,sms
Jordan,Bailey,jordan.bailey.1410@customer360.test,+1-555-610-8170,active,25-34,Atlanta,US,push
Anaya,Joshi,anaya.joshi.1411@customer360.test,+1-555-611-8207,active,25-34,Hyderabad,IN,push
Diego,Castro,diego.castro.1412@customer360.test,+1-555-612-8244,active,25-34,Madrid,ES,push
Zara,Clarke,zara.clarke.1413@customer360.test,+1-555-613-8281,active,18-24,Sydney,AU,sms
Ruby,Bennett,ruby.bennett.1414@customer360.test,+1-555-614-8318,active,18-24,Brisbane,AU,sms
Yui,Watanabe,yui.watanabe.1415@customer360.test,+1-555-615-8355,active,18-24,Osaka,JP,sms
Julian,Sinclair,julian.sinclair.1416@customer360.test,+1-555-616-8392,active,25-34,Montreal,CA,sms
Emilia,Becker,emilia.becker.1417@customer360.test,+1-555-617-8429,active,18-24,Munich,DE,sms
Zoe,Turner,zoe.turner.1418@customer360.test,+1-555-618-8466,active,25-34,Denver,US,email
Gabriel,Rousseau,gabriel.rousseau.1419@customer360.test,+1-555-619-8503,active,45-54,Lyon,FR,sms
Oscar Jane,Whitmore,oscar-jane.whitmore.1420@customer360.test,+1-555-620-8540,active,35-44,Edinburgh,GB,email
Kian James,Pillay,kian-james.pillay.1421@customer360.test,+1-555-621-8577,active,35-44,Cape Town,ZA,email
Aisha Jia,Ismail,aisha-jia.ismail.1422@customer360.test,+1-555-622-8614,active,45-54,Singapore,SG,push
Emiliano,Navarro,emiliano.navarro.1423@customer360.test,+1-555-623-8651,active,25-34,Monterrey,MX,push
Aiden,Maseko,aiden.maseko.1424@customer360.test,+1-555-624-8688,active,25-34,Pretoria,ZA,push
Taylor,Morgan,taylor.morgan.1425@customer360.test,+1-555-625-8725,active,55-64,Atlanta,US,email
Daiki,Takahashi,daiki.takahashi.1426@customer360.test,+1-555-626-8762,active,45-54,Yokohama,JP,sms
Aisha,Ismail,aisha.ismail.1427@customer360.test,+1-555-627-8799,active,45-54,Singapore,SG,email
Elena,Castillo,elena.castillo.1428@customer360.test,+1-555-628-8836,active,45-54,Queretaro,MX,email
Sakura,Watanabe,sakura.watanabe.1429@customer360.test,+1-555-629-8873,inactive,45-54,Nagoya,JP,email
Juliette,Mercier,juliette.mercier.1430@customer360.test,+1-555-630-8910,active,18-24,Marseille,FR,push
Ines,Fontaine,ines.fontaine.1431@customer360.test,+1-555-631-8947,active,25-34,Nantes,FR,push
Nisha,Sharma,nisha.sharma.1432@customer360.test,+1-555-632-8984,active,45-54,Bengaluru,IN,email
Helena,Araujo,helena.araujo.1433@customer360.test,+1-555-633-9021,inactive,25-34,Porto Alegre,BR,sms
Marie Johann,Richter,marie-johann.richter.1434@customer360.test,+1-555-634-9058,active,35-44,Berlin,DE,email
Leah Louis,Sinclair,leah-louis.sinclair.1435@customer360.test,+1-555-635-9095,inactive,25-34,Toronto,CA,sms
Sofia,Mendoza,sofia.mendoza.1436@customer360.test,+1-555-636-9132,active,25-34,Puebla,MX,push
Daniel Luis,Delgado,daniel-luis.delgado.1437@customer360.test,+1-555-637-9169,active,25-34,Queretaro,MX,sms
Arthur,Bennett,arthur.bennett.1438@customer360.test,+1-555-638-9206,active,25-34,Bristol,GB,sms
Dylan,Cooper,dylan.cooper.1439@customer360.test,+1-555-639-9243,active,18-24,Seattle,US,push
Hamish,Cameron,hamish.cameron.1440@customer360.test,+1-555-640-9280,active,35-44,Melbourne,AU,push
Lucas Louis,Bouchard,lucas-louis.bouchard.1441@customer360.test,+1-555-641-9317,active,25-34,Montreal,CA,email
Maeve,Mercer,maeve.mercer.1442@customer360.test,+1-555-642-9354,active,35-44,Ottawa,CA,email
Siti,Lim,siti.lim.1443@customer360.test,+1-555-643-9391,active,35-44,Singapore,SG,email
Caio,Ferreira,caio.ferreira.1444@customer360.test,+1-555-644-9428,active,18-24,Sao Paulo,BR,push
Finn,Visser,finn.visser.1445@customer360.test,+1-555-645-9465,active,55-64,Eindhoven,NL,email
Evie,Ellis,evie.ellis.1446@customer360.test,+1-555-646-9502,active,18-24,Bristol,GB,email
Maya Nia,Botha,maya-nia.botha.1447@customer360.test,+1-555-647-9539,active,18-24,Johannesburg,ZA,push
Hugo Rose,Ellis,hugo-rose.ellis.1448@customer360.test,+1-555-648-9576,active,25-34,Glasgow,GB,sms
Caleb,Mitchell,caleb.mitchell.1449@customer360.test,+1-555-649-9613,active,55-64,Austin,US,sms
Siti,Tan,siti.tan.1450@customer360.test,+1-555-650-9650,active,25-34,Singapore,SG,push
Camila,Navarro,camila.navarro.1451@customer360.test,+1-555-651-9687,inactive,25-34,Mexico City,MX,push
Baptiste,Moreau,baptiste.moreau.1452@customer360.test,+1-555-652-9724,active,35-44,Lille,FR,email
Beatrice,Romano,beatrice.romano.1453@customer360.test,+1-555-653-9761,active,45-54,Palermo,IT,sms
Isla Louise,Lawson,isla-louise.lawson.1454@customer360.test,+1-555-654-9798,active,35-44,London,GB,push
Caio,Araujo,caio.araujo.1455@customer360.test,+1-555-655-9835,active,35-44,Recife,BR,email
Sofia Maria,Marin,sofia-maria.marin.1456@customer360.test,+1-555-656-9872,active,55-64,Seville,ES,push
Aditi,Chatterjee,aditi.chatterjee.1457@customer360.test,+1-555-657-9909,active,35-44,Chennai,IN,sms
Sofia,Bailey,sofia.bailey.1458@customer360.test,+1-555-658-9946,active,45-54,Portland,US,sms
Rohan,Saxena,rohan.saxena.1459@customer360.test,+1-555-659-9983,active,25-34,Chennai,IN,email
Jordan,Ward,jordan.ward.1460@customer360.test,+1-555-660-1020,active,18-24,Atlanta,US,push
Nadia,Teo,nadia.teo.1461@customer360.test,+1-555-661-1057,active,55-64,Singapore,SG,email
Riku,Yamada,riku.yamada.1462@customer360.test,+1-555-662-1094,active,25-34,Yokohama,JP,push
Siti,Koh,siti.koh.1463@customer360.test,+1-555-663-1131,active,45-54,Singapore,SG,push
Rafael,Carvalho,rafael.carvalho.1464@customer360.test,+1-555-664-1168,active,18-24,Sao Paulo,BR,email
Maya,Jacobs,maya.jacobs.1465@customer360.test,+1-555-665-1205,active,35-44,Cape Town,ZA,sms
Ethan,Goh,ethan.goh.1466@customer360.test,+1-555-666-1242,active,35-44,Singapore,SG,email
Valeria,Fuentes,valeria.fuentes.1467@customer360.test,+1-555-667-1279,active,35-44,Mexico City,MX,sms
Tess,Visser,tess.visser.1468@customer360.test,+1-555-668-1316,inactive,45-54,Utrecht,NL,push
Oscar,Sullivan,oscar.sullivan.1469@customer360.test,+1-555-669-1353,active,35-44,Perth,AU,email
Lucas,Campbell,lucas.campbell.1470@customer360.test,+1-555-670-1390,active,25-34,Vancouver,CA,push
Ishita,Malhotra,ishita.malhotra.1471@customer360.test,+1-555-671-1427,active,18-24,Bengaluru,IN,email
Mio,Ito,mio.ito.1472@customer360.test,+1-555-672-1464,active,25-34,Fukuoka,JP,email
Felix,Keller,felix.keller.1473@customer360.test,+1-555-673-1501,active,45-54,Berlin,DE,email
Jonas,Hoffmann,jonas.hoffmann.1474@customer360.test,+1-555-674-1538,active,45-54,Hamburg,DE,push
Pedro Maria,Mendes,pedro-maria.mendes.1475@customer360.test,+1-555-675-1575,active,45-54,Recife,BR,email
Valeria Elena,Mendoza,valeria-elena.mendoza.1476@customer360.test,+1-555-676-1612,active,25-34,Queretaro,MX,sms
Pedro,Teixeira,pedro.teixeira.1477@customer360.test,+1-555-677-1649,active,55-64,Brasilia,BR,push
Leo,Cabrera,leo.cabrera.1478@customer360.test,+1-555-678-1686,active,25-34,Seville,ES,email
Mathis,Rousseau,mathis.rousseau.1479@customer360.test,+1-555-679-1723,active,35-44,Paris,FR,push
Valeria,Serrano,valeria.serrano.1480@customer360.test,+1-555-680-1760,active,35-44,Valencia,ES,sms
Leah,Lavoie,leah.lavoie.1481@customer360.test,+1-555-681-1797,active,25-34,Halifax,CA,email
Helena,Araujo,helena.araujo.1482@customer360.test,+1-555-682-1834,active,35-44,Salvador,BR,sms
Aiden,Naidoo,aiden.naidoo.1483@customer360.test,+1-555-683-1871,active,35-44,Pretoria,ZA,sms
Eva,Visser,eva.visser.1484@customer360.test,+1-555-684-1908,active,25-34,Eindhoven,NL,push
Finn,Bakker,finn.bakker.1485@customer360.test,+1-555-685-1945,active,55-64,The Hague,NL,sms
Sanne,Van Dijk,sanne.van-dijk.1486@customer360.test,+1-555-686-1982,active,45-54,Utrecht,NL,email
Ines,Rousseau,ines.rousseau.1487@customer360.test,+1-555-687-2019,active,35-44,Toulouse,FR,push
Jordan,Bailey,jordan.bailey.1488@customer360.test,+1-555-688-2056,active,35-44,Seattle,US,sms
Aiden,Maseko,aiden.maseko.1489@customer360.test,+1-555-689-2093,active,35-44,Cape Town,ZA,push
Diya,Desai,diya.desai.1490@customer360.test,+1-555-690-2130,active,45-54,Chennai,IN,email
Arjun Riya,Kulkarni,arjun-riya.kulkarni.1491@customer360.test,+1-555-691-2167,active,25-34,Mumbai,IN,push
Amelia,Bennett,amelia.bennett.1492@customer360.test,+1-555-692-2204,active,25-34,Glasgow,GB,sms
Daniel,Marin,daniel.marin.1493@customer360.test,+1-555-693-2241,active,25-34,Madrid,ES,push
Vivaan,Kulkarni,vivaan.kulkarni.1494@customer360.test,+1-555-694-2278,active,25-34,Hyderabad,IN,email
Vivaan,Menon,vivaan.menon.1495@customer360.test,+1-555-695-2315,active,25-34,Ahmedabad,IN,email
Caleb,Parker,caleb.parker.1496@customer360.test,+1-555-696-2352,active,25-34,Atlanta,US,push
Maya,Bailey,maya.bailey.1497@customer360.test,+1-555-697-2389,active,25-34,San Diego,US,push
Mila Elise,Hoffmann,mila-elise.hoffmann.1498@customer360.test,+1-555-698-2426,active,35-44,Frankfurt,DE,sms
Taylor,Morgan,taylor.morgan.1499@customer360.test,+1-555-699-2463,active,25-34,Portland,US,push
Mateus,Barbosa,mateus.barbosa.1500@customer360.test,+1-555-700-2500,active,55-64,Curitiba,BR,email
Cooper,Wallace,cooper.wallace.1501@customer360.test,+1-555-701-2537,active,25-34,Canberra,AU,push
Zara,Hayes,zara.hayes.1502@customer360.test,+1-555-702-2574,active,45-54,Adelaide,AU,push
Louis,Fontaine,louis.fontaine.1503@customer360.test,+1-555-703-2611,active,45-54,Bordeaux,FR,sms
Enzo,Barbosa,enzo.barbosa.1504@customer360.test,+1-555-704-2648,active,35-44,Salvador,BR,push
Mateo,Molina,mateo.molina.1505@customer360.test,+1-555-705-2685,active,25-34,Malaga,ES,sms
Riley James,Turner,riley-james.turner.1506@customer360.test,+1-555-706-2722,active,25-34,Portland,US,email
George,Lawson,george.lawson.1507@customer360.test,+1-555-707-2759,active,25-34,Birmingham,GB,sms
Sakura,Yoshida,sakura.yoshida.1508@customer360.test,+1-555-708-2796,active,25-34,Tokyo,JP,email
Lucia,Cervantes,lucia.cervantes.1509@customer360.test,+1-555-709-2833,active,45-54,Monterrey,MX,sms
Jesse,Bos,jesse.bos.1510@customer360.test,+1-555-710-2870,active,25-34,Utrecht,NL,push
Lucas,Beaulieu,lucas.beaulieu.1511@customer360.test,+1-555-711-2907,active,35-44,Toronto,CA,sms
Siti Jia,Goh,siti-jia.goh.1512@customer360.test,+1-555-712-2944,active,25-34,Singapore,SG,sms
Naledi,Jacobs,naledi.jacobs.1513@customer360.test,+1-555-713-2981,active,25-34,Bloemfontein,ZA,sms
Lachlan Rose,Anderson,lachlan-rose.anderson.1514@customer360.test,+1-555-714-3018,active,35-44,Sydney,AU,email
Ishaan,Malhotra,ishaan.malhotra.1515@customer360.test,+1-555-715-3055,active,25-34,Ahmedabad,IN,sms
Oscar,Bennett,oscar.bennett.1516@customer360.test,+1-555-716-3092,active,18-24,Glasgow,GB,push
Maximilian Marie,Richter,maximilian-marie.richter.1517@customer360.test,+1-555-717-3129,inactive,45-54,Leipzig,DE,sms
Marie,Wagner,marie.wagner.1518@customer360.test,+1-555-718-3166,active,18-24,Stuttgart,DE,push
Thabo,Dlamini,thabo.dlamini.1519@customer360.test,+1-555-719-3203,active,18-24,Johannesburg,ZA,push
Camila,Barbosa,camila.barbosa.1520@customer360.test,+1-555-720-3240,active,18-24,Sao Paulo,BR,sms
Haruto,Yamada,haruto.yamada.1521@customer360.test,+1-555-721-3277,active,35-44,Fukuoka,JP,sms
Riley,Cooper,riley.cooper.1522@customer360.test,+1-555-722-3314,active,18-24,Philadelphia,US,sms
Marie,Becker,marie.becker.1523@customer360.test,+1-555-723-3351,active,45-54,Berlin,DE,email
Elena,Hernandez,elena.hernandez.1524@customer360.test,+1-555-724-3388,active,25-34,Merida,MX,sms
Mila,Schneider,mila.schneider.1525@customer360.test,+1-555-725-3425,active,35-44,Hamburg,DE,push
Lucia,Marin,lucia.marin.1526@customer360.test,+1-555-726-3462,active,25-34,Valencia,ES,email
Santiago Maria,Castillo,santiago-maria.castillo.1527@customer360.test,+1-555-727-3499,active,35-44,Puebla,MX,email
Thabo,Mokoena,thabo.mokoena.1528@customer360.test,+1-555-728-3536,active,18-24,Johannesburg,ZA,push
Valeria Maria,Fuentes,valeria-maria.fuentes.1529@customer360.test,+1-555-729-3573,active,25-34,Merida,MX,email
Hannah,Neumann,hannah.neumann.1530@customer360.test,+1-555-730-3610,active,45-54,Leipzig,DE,push
Hugo,Marin,hugo.marin.1531@customer360.test,+1-555-731-3647,active,25-34,Valencia,ES,email
Juliette Jean,Laurent,juliette-jean.laurent.1532@customer360.test,+1-555-732-3684,active,35-44,Toulouse,FR,email
Aditya,Rao,aditya.rao.1533@customer360.test,+1-555-733-3721,active,18-24,Chennai,IN,email
Lucia,Castillo,lucia.castillo.1534@customer360.test,+1-555-734-3758,active,55-64,Monterrey,MX,sms
Oliver,Ellis,oliver.ellis.1535@customer360.test,+1-555-735-3795,active,18-24,Edinburgh,GB,sms
Finn,Bos,finn.bos.1536@customer360.test,+1-555-736-3832,active,25-34,Amsterdam,NL,push
Mateus,Ferreira,mateus.ferreira.1537@customer360.test,+1-555-737-3869,active,45-54,Porto Alegre,BR,email
Sophie,Hoffmann,sophie.hoffmann.1538@customer360.test,+1-555-738-3906,active,25-34,Leipzig,DE,push
Jordan Marie,Collins,jordan-marie.collins.1539@customer360.test,+1-555-739-3943,active,18-24,Portland,US,push
Cooper,McKenzie,cooper.mckenzie.1540@customer360.test,+1-555-740-3980,active,25-34,Adelaide,AU,push
Hina,Yoshida,hina.yoshida.1541@customer360.test,+1-555-741-4017,active,25-34,Tokyo,JP,email
Valeria,Rojas,valeria.rojas.1542@customer360.test,+1-555-742-4054,active,25-34,Barcelona,ES,email
Juliette Luc,Blanc,juliette-luc.blanc.1543@customer360.test,+1-555-743-4091,active,45-54,Lille,FR,push
Felix,Vogel,felix.vogel.1544@customer360.test,+1-555-744-4128,active,35-44,Hamburg,DE,sms
Callum,Clarke,callum.clarke.1545@customer360.test,+1-555-745-4165,active,18-24,Perth,AU,push
Tess,Van Dijk,tess.van-dijk.1546@customer360.test,+1-555-746-4202,active,35-44,The Hague,NL,sms
Ethan,Brooks,ethan.brooks.1547@customer360.test,+1-555-747-4239,active,25-34,Seattle,US,push
Lucia,Vargas,lucia.vargas.1548@customer360.test,+1-555-748-4276,active,35-44,Merida,MX,push
Baptiste,Moreau,baptiste.moreau.1549@customer360.test,+1-555-749-4313,active,25-34,Paris,FR,sms
Ren,Watanabe,ren.watanabe.1550@customer360.test,+1-555-750-4350,inactive,45-54,Osaka,JP,push
Kabir,Menon,kabir.menon.1551@customer360.test,+1-555-751-4387,active,35-44,Bengaluru,IN,push
Davide,Ferrari,davide.ferrari.1552@customer360.test,+1-555-752-4424,active,55-64,Turin,IT,email
Logan Lee,Parker,logan-lee.parker.1553@customer360.test,+1-555-753-4461,active,45-54,Portland,US,sms
Logan Kai,Morgan,logan-kai.morgan.1554@customer360.test,+1-555-754-4498,active,35-44,Denver,US,sms
Aditi,Desai,aditi.desai.1555@customer360.test,+1-555-755-4535,active,45-54,Ahmedabad,IN,email
Parker Lee,Bennett,parker-lee.bennett.1556@customer360.test,+1-555-756-4572,active,55-64,Austin,US,sms
George,Griffiths,george.griffiths.1557@customer360.test,+1-555-757-4609,active,35-44,Edinburgh,GB,sms
Oliver Jane,Crawford,oliver-jane.crawford.1558@customer360.test,+1-555-758-4646,active,35-44,Glasgow,GB,sms
Chloe,Fontaine,chloe.fontaine.1559@customer360.test,+1-555-759-4683,active,35-44,Paris,FR,sms
Hamish,Bennett,hamish.bennett.1560@customer360.test,+1-555-760-4720,active,18-24,Brisbane,AU,sms
Bram,Jansen,bram.jansen.1561@customer360.test,+1-555-761-4757,active,18-24,Utrecht,NL,email
Logan,Bailey,logan.bailey.1562@customer360.test,+1-555-762-4794,active,18-24,Portland,US,sms
Oscar,Anderson,oscar.anderson.1563@customer360.test,+1-555-763-4831,active,55-64,Melbourne,AU,email
Vivaan,Mehta,vivaan.mehta.1564@customer360.test,+1-555-764-4868,active,25-34,Hyderabad,IN,push
Javier,Delgado,javier.delgado.1565@customer360.test,+1-555-765-4905,active,45-54,Mexico City,MX,push
Aditi,Pillai,aditi.pillai.1566@customer360.test,+1-555-766-4942,active,55-64,Bengaluru,IN,push
Elias,Fournier,elias.fournier.1567@customer360.test,+1-555-767-4979,active,45-54,Toronto,CA,sms
Zara,Clarke,zara.clarke.1568@customer360.test,+1-555-768-5016,active,25-34,Brisbane,AU,push
Theo,Ellis,theo.ellis.1569@customer360.test,+1-555-769-5053,active,18-24,Manchester,GB,sms
Quinn,Carter,quinn.carter.1570@customer360.test,+1-555-770-5090,active,35-44,Boston,US,sms
Ruby,Harrington,ruby.harrington.1571@customer360.test,+1-555-771-5127,active,25-34,London,GB,email
Kaito,Yamada,kaito.yamada.1572@customer360.test,+1-555-772-5164,active,35-44,Fukuoka,JP,sms
Leonardo,Costa,leonardo.costa.1573@customer360.test,+1-555-773-5201,active,25-34,Turin,IT,sms
George Louise,Fletcher,george-louise.fletcher.1574@customer360.test,+1-555-774-5238,active,25-34,Manchester,GB,sms
Clara,Dubois,clara.dubois.1575@customer360.test,+1-555-775-5275,active,35-44,Bordeaux,FR,sms
Cooper,McKenzie,cooper.mckenzie.1576@customer360.test,+1-555-776-5312,active,25-34,Hobart,AU,email
Alfie,Crawford,alfie.crawford.1577@customer360.test,+1-555-777-5349,active,25-34,Leeds,GB,email
Clara,Girard,clara.girard.1578@customer360.test,+1-555-778-5386,active,18-24,Bordeaux,FR,push
Cheryl Min,Lim,cheryl-min.lim.1579@customer360.test,+1-555-779-5423,inactive,45-54,Singapore,SG,push
Oscar,Whitmore,oscar.whitmore.1580@customer360.test,+1-555-780-5460,active,55-64,Manchester,GB,sms
Enzo,Nogueira,enzo.nogueira.1581@customer360.test,+1-555-781-5497,active,45-54,Rio de Janeiro,BR,push
Diego,Serrano,diego.serrano.1582@customer360.test,+1-555-782-5534,active,45-54,Queretaro,MX,email
Hannah,Fischer,hannah.fischer.1583@customer360.test,+1-555-783-5571,active,45-54,Cologne,DE,email
Amelie,Fraser,amelie.fraser.1584@customer360.test,+1-555-784-5608,active,18-24,Vancouver,CA,email
Mateus Joao,Araujo,mateus-joao.araujo.1585@customer360.test,+1-555-785-5645,active,25-34,Sao Paulo,BR,email
Mathis Paul,Marchand,mathis-paul.marchand.1586@customer360.test,+1-555-786-5682,active,45-54,Paris,FR,email
Theo,Morrison,theo.morrison.1587@customer360.test,+1-555-787-5719,active,45-54,Halifax,CA,email
Amara,Mthembu,amara.mthembu.1588@customer360.test,+1-555-788-5756,active,25-34,Johannesburg,ZA,email
Rohan,Malhotra,rohan.malhotra.1589@customer360.test,+1-555-789-5793,active,25-34,Bengaluru,IN,sms
Miles,Mitchell,miles.mitchell.1590@customer360.test,+1-555-790-5830,active,25-34,Minneapolis,US,email
Kaito Hiro,Kato,kaito-hiro.kato.1591@customer360.test,+1-555-791-5867,inactive,25-34,Fukuoka,JP,push
Eva,Bos,eva.bos.1592@customer360.test,+1-555-792-5904,active,18-24,The Hague,NL,sms
Helena,Martins,helena.martins.1593@customer360.test,+1-555-793-5941,active,25-34,Sao Paulo,BR,sms
Poppy,Bennett,poppy.bennett.1594@customer360.test,+1-555-794-5978,active,55-64,London,GB,push
Freya,Crawford,freya.crawford.1595@customer360.test,+1-555-795-6015,active,45-54,Leeds,GB,email
Ryan,Lim,ryan.lim.1596@customer360.test,+1-555-796-6052,active,25-34,Singapore,SG,push
Haruto,Yamamoto,haruto.yamamoto.1597@customer360.test,+1-555-797-6089,active,25-34,Osaka,JP,email
Jack,McKenzie,jack.mckenzie.1598@customer360.test,+1-555-798-6126,active,18-24,Perth,AU,sms
Evie,Chapman,evie.chapman.1599@customer360.test,+1-555-799-6163,active,25-34,London,GB,sms
Clara,Chevalier,clara.chevalier.1600@customer360.test,+1-555-800-6200,inactive,25-34,Lille,FR,push
Sanne,Vos,sanne.vos.1601@customer360.test,+1-555-801-6237,active,25-34,The Hague,NL,sms
Nora Rose,Collins,nora-rose.collins.1602@customer360.test,+1-555-802-6274,active,25-34,San Diego,US,sms
Grace,Morgan,grace.morgan.1603@customer360.test,+1-555-803-6311,active,35-44,Melbourne,AU,sms
Lucas,Mercer,lucas.mercer.1604@customer360.test,+1-555-804-6348,active,25-34,Edmonton,CA,push
Nisha Riya,Pillai,nisha-riya.pillai.1605@customer360.test,+1-555-805-6385,active,25-34,Kolkata,IN,push
Rohan,Bhat,rohan.bhat.1606@customer360.test,+1-555-806-6422,active,35-44,Mumbai,IN,push
Freya,Whitmore,freya.whitmore.1607@customer360.test,+1-555-807-6459,active,45-54,Manchester,GB,sms
Finn,Cameron,finn.cameron.1608@customer360.test,+1-555-808-6496,active,45-54,Melbourne,AU,sms
Jack,Hayes,jack.hayes.1609@customer360.test,+1-555-809-6533,active,18-24,Brisbane,AU,sms
Elias,Bennett,elias.bennett.1610@customer360.test,+1-555-810-6570,active,35-44,Edmonton,CA,email
Meera,Malhotra,meera.malhotra.1611@customer360.test,+1-555-811-6607,active,45-54,Delhi,IN,push
Riley Marie,Hayes,riley-marie.hayes.1612@customer360.test,+1-555-812-6644,active,18-24,Denver,US,push
Chloe,Marchand,chloe.marchand.1613@customer360.test,+1-555-813-6681,active,55-64,Toulouse,FR,push
Elena,Delgado,elena.delgado.1614@customer360.test,+1-555-814-6718,active,25-34,Puebla,MX,sms
Ishaan Raj,Desai,ishaan-raj.desai.1615@customer360.test,+1-555-815-6755,active,45-54,Kochi,IN,push
Vivaan,Rao,vivaan.rao.1616@customer360.test,+1-555-816-6792,active,35-44,Pune,IN,push
Riley,Morgan,riley.morgan.1617@customer360.test,+1-555-817-6829,active,18-24,Austin,US,push
Taylor,Turner,taylor.turner.1618@customer360.test,+1-555-818-6866,active,35-44,Austin,US,push
Lucas,Araujo,lucas.araujo.1619@customer360.test,+1-555-819-6903,active,25-34,Recife,BR,push
Tara,Kulkarni,tara.kulkarni.1620@customer360.test,+1-555-820-6940,active,45-54,Bengaluru,IN,email
Meera,Bhat,meera.bhat.1621@customer360.test,+1-555-821-6977,inactive,45-54,Pune,IN,sms
Mio,Kato,mio.kato.1622@customer360.test,+1-555-822-7014,active,25-34,Osaka,JP,sms
Mathis,Blanc,mathis.blanc.1623@customer360.test,+1-555-823-7051,active,18-24,Marseille,FR,email
Sota,Takahashi,sota.takahashi.1624@customer360.test,+1-555-824-7088,active,25-34,Osaka,JP,sms
Morgan Alex,Russell,morgan-alex.russell.1625@customer360.test,+1-555-825-7125,active,45-54,Denver,US,push
Gabriel Paul,Blanc,gabriel-paul.blanc.1626@customer360.test,+1-555-826-7162,active,45-54,Toulouse,FR,sms
Arjun,Rahman,arjun.rahman.1627@customer360.test,+1-555-827-7199,active,35-44,Singapore,SG,push
Fleur,Smit,fleur.smit.1628@customer360.test,+1-555-828-7236,active,45-54,Groningen,NL,email
Quinn,Foster,quinn.foster.1629@customer360.test,+1-555-829-7273,active,25-34,Seattle,US,email
Ruby,Chapman,ruby.chapman.1630@customer360.test,+1-555-830-7310,active,25-34,Glasgow,GB,email
Kabir,Menon,kabir.menon.1631@customer360.test,+1-555-831-7347,active,35-44,Delhi,IN,sms
Vivaan,Chatterjee,vivaan.chatterjee.1632@customer360.test,+1-555-832-7384,active,55-64,Hyderabad,IN,push
Lena,Ward,lena.ward.1633@customer360.test,+1-555-833-7421,active,25-34,Philadelphia,US,push
Clara,Richter,clara.richter.1634@customer360.test,+1-555-834-7458,active,55-64,Frankfurt,DE,sms
Mio,Watanabe,mio.watanabe.1635@customer360.test,+1-555-835-7495,active,18-24,Tokyo,JP,sms
Clara,Sinclair,clara.sinclair.1636@customer360.test,+1-555-836-7532,active,55-64,Halifax,CA,sms
Arjun,Mehta,arjun.mehta.1637@customer360.test,+1-555-837-7569,active,18-24,Mumbai,IN,sms
Felix,Fischer,felix.fischer.1638@customer360.test,+1-555-838-7606,active,45-54,Cologne,DE,email
Diya,Rao,diya.rao.1639@customer360.test,+1-555-839-7643,active,55-64,Pune,IN,email
Siti Kai,Ong,siti-kai.ong.1640@customer360.test,+1-555-840-7680,active,18-24,Singapore,SG,email
Camila,Teixeira,camila.teixeira.1641@customer360.test,+1-555-841-7717,active,25-34,Curitiba,BR,sms
Jesse,De Boer,jesse.de-boer.1642@customer360.test,+1-555-842-7754,active,25-34,Amsterdam,NL,sms
Beatrice,Ferrari,beatrice.ferrari.1643@customer360.test,+1-555-843-7791,active,25-34,Milan,IT,email
Maximilian,Brandt,maximilian.brandt.1644@customer360.test,+1-555-844-7828,active,35-44,Stuttgart,DE,email
Daniel,Navarro,daniel.navarro.1645@customer360.test,+1-555-845-7865,active,18-24,Merida,MX,push
Arjun,Chatterjee,arjun.chatterjee.1646@customer360.test,+1-555-846-7902,active,18-24,Jaipur,IN,sms
Aoi Ken,Takahashi,aoi-ken.takahashi.1647@customer360.test,+1-555-847-7939,active,45-54,Tokyo,JP,sms
Isla Edward,Whitmore,isla-edward.whitmore.1648@customer360.test,+1-555-848-7976,inactive,45-54,Manchester,GB,email
Amara,Naidoo,amara.naidoo.1649@customer360.test,+1-555-849-8013,active,25-34,Gqeberha,ZA,sms
Javier,Rios,javier.rios.1650@customer360.test,+1-555-850-8050,active,25-34,Mexico City,MX,sms
Harper,Carter,harper.carter.1651@customer360.test,+1-555-851-8087,active,35-44,Portland,US,email
Anaya Riya,Kulkarni,anaya-riya.kulkarni.1652@customer360.test,+1-555-852-8124,active,18-24,Pune,IN,sms
Hamish,Hughes,hamish.hughes.1653@customer360.test,+1-555-853-8161,active,35-44,Canberra,AU,sms
Lorenzo,Conti,lorenzo.conti.1654@customer360.test,+1-555-854-8198,active,35-44,Naples,IT,push
Diya Dev,Malhotra,diya-dev.malhotra.1655@customer360.test,+1-555-855-8235,active,35-44,Mumbai,IN,email
Finn Marie,Vogel,finn-marie.vogel.1656@customer360.test,+1-555-856-8272,active,45-54,Munich,DE,sms
Marcus,Teo,marcus.teo.1657@customer360.test,+1-555-857-8309,active,25-34,Singapore,SG,push
Oscar Grace,Cameron,oscar-grace.cameron.1658@customer360.test,+1-555-858-8346,active,35-44,Hobart,AU,sms
Noah,Poirier,noah.poirier.1659@customer360.test,+1-555-859-8383,active,45-54,Ottawa,CA,push
Jordan,Cooper,jordan.cooper.1660@customer360.test,+1-555-860-8420,active,25-34,Chicago,US,push
Baptiste,Mercier,baptiste.mercier.1661@customer360.test,+1-555-861-8457,active,35-44,Paris,FR,push
Meera,Pillai,meera.pillai.1662@customer360.test,+1-555-862-8494,active,55-64,Hyderabad,IN,push
Chloe Marie,Gauthier,chloe-marie.gauthier.1663@customer360.test,+1-555-863-8531,active,45-54,Edmonton,CA,push
Riley,Ward,riley.ward.1664@customer360.test,+1-555-864-8568,active,18-24,Boston,US,email
Meera,Bhat,meera.bhat.1665@customer360.test,+1-555-865-8605,active,25-34,Hyderabad,IN,push
Jordan,Parker,jordan.parker.1666@customer360.test,+1-555-866-8642,active,35-44,Philadelphia,US,sms
Arthur,Lefevre,arthur.lefevre.1667@customer360.test,+1-555-867-8679,active,25-34,Lille,FR,push
Luiza,Teixeira,luiza.teixeira.1668@customer360.test,+1-555-868-8716,active,25-34,Curitiba,BR,sms
Reyansh,Chatterjee,reyansh.chatterjee.1669@customer360.test,+1-555-869-8753,active,35-44,Chennai,IN,email
Isla,Sinclair,isla.sinclair.1670@customer360.test,+1-555-870-8790,active,18-24,Manchester,GB,email
Anaya,Saxena,anaya.saxena.1671@customer360.test,+1-555-871-8827,inactive,35-44,Delhi,IN,sms
Jonas,Hartmann,jonas.hartmann.1672@customer360.test,+1-555-872-8864,active,55-64,Leipzig,DE,sms
Milan,Mulder,milan.mulder.1673@customer360.test,+1-555-873-8901,active,25-34,Utrecht,NL,push
Naomi,Bailey,naomi.bailey.1674@customer360.test,+1-555-874-8938,active,45-54,Austin,US,sms
Hugo,Molina,hugo.molina.1675@customer360.test,+1-555-875-8975,active,55-64,Seville,ES,push
Cooper,Clarke,cooper.clarke.1676@customer360.test,+1-555-876-9012,active,45-54,Melbourne,AU,sms
Cheryl,Ng,cheryl.ng.1677@customer360.test,+1-555-877-9049,active,35-44,Singapore,SG,sms
Gabriel,Costa,gabriel.costa.1678@customer360.test,+1-555-878-9086,active,25-34,Porto Alegre,BR,push
Meera,Nair,meera.nair.1679@customer360.test,+1-555-879-9123,active,18-24,Jaipur,IN,email
Theo,Mercer,theo.mercer.1680@customer360.test,+1-555-880-9160,active,18-24,Ottawa,CA,push
Nisha,Kulkarni,nisha.kulkarni.1681@customer360.test,+1-555-881-9197,active,35-44,Pune,IN,email
Mateo,Serrano,mateo.serrano.1682@customer360.test,+1-555-882-9234,active,45-54,Malaga,ES,push
Sienna,Cameron,sienna.cameron.1683@customer360.test,+1-555-883-9271,active,25-34,Adelaide,AU,email
Sofia,Foster,sofia.foster.1684@customer360.test,+1-555-884-9308,active,35-44,San Diego,US,email
Ishita,Desai,ishita.desai.1685@customer360.test,+1-555-885-9345,active,45-54,Mumbai,IN,sms
Amelie,Laurent,amelie.laurent.1686@customer360.test,+1-555-886-9382,active,45-54,Lille,FR,push
Finn,Richter,finn.richter.1687@customer360.test,+1-555-887-9419,active,25-34,Hamburg,DE,sms
Ethan,Cooper,ethan.cooper.1688@customer360.test,+1-555-888-9456,active,55-64,San Diego,US,email
Nisha,Iyer,nisha.iyer.1689@customer360.test,+1-555-889-9493,active,45-54,Kolkata,IN,email
Evie,Mercer,evie.mercer.1690@customer360.test,+1-555-890-9530,active,35-44,Birmingham,GB,push
Sophie,Wagner,sophie.wagner.1691@customer360.test,+1-555-891-9567,active,18-24,Frankfurt,DE,push
Meera,Kapoor,meera.kapoor.1692@customer360.test,+1-555-892-9604,active,25-34,Delhi,IN,email
Zinhle,Naidoo,zinhle.naidoo.1693@customer360.test,+1-555-893-9641,active,18-24,Pretoria,ZA,sms
Hamish,Clarke,hamish.clarke.1694@customer360.test,+1-555-894-9678,active,45-54,Canberra,AU,sms
Mei,Sato,mei.sato.1695@customer360.test,+1-555-895-9715,active,25-34,Nagoya,JP,push
Martin Luis,Cabrera,martin-luis.cabrera.1696@customer360.test,+1-555-896-9752,active,18-24,Barcelona,ES,push
Nina,Meijer,nina.meijer.1697@customer360.test,+1-555-897-9789,active,35-44,Amsterdam,NL,push
Lucas,Bakker,lucas.bakker.1698@customer360.test,+1-555-898-9826,active,25-34,Groningen,NL,push
Alice Maria,Gallo,alice-maria.gallo.1699@customer360.test,+1-555-899-9863,active,55-64,Bologna,IT,sms
Hina,Watanabe,hina.watanabe.1700@customer360.test,+1-555-900-9900,active,45-54,Yokohama,JP,email
Arthur,Fontaine,arthur.fontaine.1701@customer360.test,+1-555-901-9937,active,18-24,Paris,FR,sms
Kabir,Kulkarni,kabir.kulkarni.1702@customer360.test,+1-555-902-9974,active,45-54,Jaipur,IN,sms
Mateus,Ribeiro,mateus.ribeiro.1703@customer360.test,+1-555-903-1011,active,25-34,Recife,BR,push
Santiago,Delgado,santiago.delgado.1704@customer360.test,+1-555-904-1048,active,18-24,Mexico City,MX,sms
Kaito Miki,Watanabe,kaito-miki.watanabe.1705@customer360.test,+1-555-905-1085,active,35-44,Yokohama,JP,email
Manon Claire,Laurent,manon-claire.laurent.1706@customer360.test,+1-555-906-1122,active,35-44,Bordeaux,FR,push
Amelie,Neumann,amelie.neumann.1707@customer360.test,+1-555-907-1159,active,35-44,Cologne,DE,sms
Mia,Anderson,mia.anderson.1708@customer360.test,+1-555-908-1196,active,45-54,Melbourne,AU,email
Cooper Lee,Wallace,cooper-lee.wallace.1709@customer360.test,+1-555-909-1233,active,18-24,Sydney,AU,push
Felix,Fischer,felix.fischer.1710@customer360.test,+1-555-910-1270,inactive,45-54,Cologne,DE,sms
Mei Lin,Wong,mei-lin.wong.1711@customer360.test,+1-555-911-1307,active,55-64,Singapore,SG,push
Maximilian,Becker,maximilian.becker.1712@customer360.test,+1-555-912-1344,active,45-54,Stuttgart,DE,email
Jia En,Teo,jia-en.teo.1713@customer360.test,+1-555-913-1381,active,25-34,Singapore,SG,sms
Jesse,Smit,jesse.smit.1714@customer360.test,+1-555-914-1418,active,25-34,The Hague,NL,push
Mia,Bennett,mia.bennett.1715@customer360.test,+1-555-915-1455,active,45-54,Canberra,AU,push
Lucia,Navarro,lucia.navarro.1716@customer360.test,+1-555-916-1492,active,25-34,Bilbao,ES,sms
Helena,Teixeira,helena.teixeira.1717@customer360.test,+1-555-917-1529,active,35-44,Rio de Janeiro,BR,email
Caio,Mendes,caio.mendes.1718@customer360.test,+1-555-918-1566,active,25-34,Rio de Janeiro,BR,push
Lucas,Van Dijk,lucas.van-dijk.1719@customer360.test,+1-555-919-1603,active,45-54,Utrecht,NL,push
Gabriel Paul,Girard,gabriel-paul.girard.1720@customer360.test,+1-555-920-1640,active,35-44,Marseille,FR,push
Sem,Bakker,sem.bakker.1721@customer360.test,+1-555-921-1677,active,25-34,The Hague,NL,push
Ishita,Joshi,ishita.joshi.1722@customer360.test,+1-555-922-1714,inactive,45-54,Hyderabad,IN,push
Mariana,Ferreira,mariana.ferreira.1723@customer360.test,+1-555-923-1751,active,25-34,Recife,BR,email
Ruby,Bennett,ruby.bennett.1724@customer360.test,+1-555-924-1788,active,35-44,Perth,AU,sms
Kavya,Iyer,kavya.iyer.1725@customer360.test,+1-555-925-1825,active,45-54,Kochi,IN,sms
Elena,Vidal,elena.vidal.1726@customer360.test,+1-555-926-1862,inactive,25-34,Madrid,ES,push
Grace,McKenzie,grace.mckenzie.1727@customer360.test,+1-555-927-1899,inactive,35-44,Melbourne,AU,sms
Enzo,Almeida,enzo.almeida.1728@customer360.test,+1-555-928-1936,active,35-44,Curitiba,BR,sms
Lotte,Smit,lotte.smit.1729@customer360.test,+1-555-929-1973,active,35-44,Groningen,NL,email
Mio,Tanaka,mio.tanaka.1730@customer360.test,+1-555-930-2010,active,45-54,Kyoto,JP,email
Chiara,Lombardi,chiara.lombardi.1731@customer360.test,+1-555-931-2047,active,25-34,Rome,IT,push
Cooper,Wallace,cooper.wallace.1732@customer360.test,+1-555-932-2084,active,45-54,Adelaide,AU,email
Darren,Teo,darren.teo.1733@customer360.test,+1-555-933-2121,active,18-24,Singapore,SG,email
Renata,Morales,renata.morales.1734@customer360.test,+1-555-934-2158,active,35-44,Puebla,MX,push
Nora,Bennett,nora.bennett.1735@customer360.test,+1-555-935-2195,active,25-34,Seattle,US,email
Aurora,Moretti,aurora.moretti.1736@customer360.test,+1-555-936-2232,active,25-34,Bologna,IT,sms
Oscar Jane,Lawson,oscar-jane.lawson.1737@customer360.test,+1-555-937-2269,active,45-54,Edinburgh,GB,push
Sienna,Fletcher,sienna.fletcher.1738@customer360.test,+1-555-938-2306,active,35-44,Hobart,AU,push
Noah Lukas,Fischer,noah-lukas.fischer.1739@customer360.test,+1-555-939-2343,active,25-34,Hamburg,DE,email
Finn Marie,Van Dijk,finn-marie.van-dijk.1740@customer360.test,+1-555-940-2380,active,45-54,The Hague,NL,sms
Nandi,Mabena,nandi.mabena.1741@customer360.test,+1-555-941-2417,active,25-34,Johannesburg,ZA,push
Riku,Yamamoto,riku.yamamoto.1742@customer360.test,+1-555-942-2454,active,25-34,Nagoya,JP,sms
Riley,Morgan,riley.morgan.1743@customer360.test,+1-555-943-2491,inactive,25-34,Austin,US,email
Reyansh,Menon,reyansh.menon.1744@customer360.test,+1-555-944-2528,active,35-44,Delhi,IN,push
Lerato,Naidoo,lerato.naidoo.1745@customer360.test,+1-555-945-2565,active,18-24,Johannesburg,ZA,email
Sofia,Vega,sofia.vega.1746@customer360.test,+1-555-946-2602,active,35-44,Barcelona,ES,push
Mariana,Barbosa,mariana.barbosa.1747@customer360.test,+1-555-947-2639,active,25-34,Brasilia,BR,sms
Nana,Takahashi,nana.takahashi.1748@customer360.test,+1-555-948-2676,active,18-24,Sapporo,JP,push
Cameron,Bennett,cameron.bennett.1749@customer360.test,+1-555-949-2713,active,25-34,Seattle,US,sms
Alfie Jane,Chapman,alfie-jane.chapman.1750@customer360.test,+1-555-950-2750,active,55-64,Manchester,GB,sms
Zara Grace,Reid,zara-grace.reid.1751@customer360.test,+1-555-951-2787,active,35-44,Canberra,AU,push
Aiden Lee,Mthembu,aiden-lee.mthembu.1752@customer360.test,+1-555-952-2824,active,35-44,Cape Town,ZA,email
Imogen,Crawford,imogen.crawford.1753@customer360.test,+1-555-953-2861,active,18-24,Edinburgh,GB,push
Lena,Bennett,lena.bennett.1754@customer360.test,+1-555-954-2898,active,55-64,Austin,US,sms
Diya,Pillai,diya.pillai.1755@customer360.test,+1-555-955-2935,active,18-24,Hyderabad,IN,push
Tess,Bos,tess.bos.1756@customer360.test,+1-555-956-2972,active,18-24,Rotterdam,NL,email
Ishaan,Iyer,ishaan.iyer.1757@customer360.test,+1-555-957-3009,active,18-24,Ahmedabad,IN,sms
Cameron,Mitchell,cameron.mitchell.1758@customer360.test,+1-555-958-3046,active,45-54,Chicago,US,push
Evie,Hughes,evie.hughes.1759@customer360.test,+1-555-959-3083,active,55-64,Edinburgh,GB,sms
Ruby Edward,Crawford,ruby-edward.crawford.1760@customer360.test,+1-555-960-3120,active,25-34,Edinburgh,GB,push
Valentina,Teixeira,valentina.teixeira.1761@customer360.test,+1-555-961-3157,active,18-24,Brasilia,BR,email
Arthur,Mercier,arthur.mercier.1762@customer360.test,+1-555-962-3194,active,35-44,Bordeaux,FR,push
Naomi,Hayes,naomi.hayes.1763@customer360.test,+1-555-963-3231,active,35-44,Austin,US,push
Elliot,Hayes,elliot.hayes.1764@customer360.test,+1-555-964-3268,active,55-64,Brisbane,AU,push
Chloe,Fournier,chloe.fournier.1765@customer360.test,+1-555-965-3305,active,25-34,Ottawa,CA,sms
Ethan,Tan,ethan.tan.1766@customer360.test,+1-555-966-3342,active,55-64,Singapore,SG,push
Rohan,Mehta,rohan.mehta.1767@customer360.test,+1-555-967-3379,active,35-44,Bengaluru,IN,sms
Grace Lee,Clarke,grace-lee.clarke.1768@customer360.test,+1-555-968-3416,active,18-24,Hobart,AU,email
Rin,Sato,rin.sato.1769@customer360.test,+1-555-969-3453,active,35-44,Nagoya,JP,push
Isla,Clarke,isla.clarke.1770@customer360.test,+1-555-970-3490,active,35-44,Canberra,AU,push
Camille,Fontaine,camille.fontaine.1771@customer360.test,+1-555-971-3527,active,35-44,Toulouse,FR,push
Hui Min,Rahman,hui-min.rahman.1772@customer360.test,+1-555-972-3564,active,45-54,Singapore,SG,email
Lucas,De Vries,lucas.de-vries.1773@customer360.test,+1-555-973-3601,active,35-44,Rotterdam,NL,sms
Arjun,Goh,arjun.goh.1774@customer360.test,+1-555-974-3638,active,55-64,Singapore,SG,sms
Aditya Riya,Pillai,aditya-riya.pillai.1775@customer360.test,+1-555-975-3675,active,25-34,Mumbai,IN,sms
Arthur,Ellis,arthur.ellis.1776@customer360.test,+1-555-976-3712,active,45-54,Bristol,GB,push
Lena,Hayes,lena.hayes.1777@customer360.test,+1-555-977-3749,active,25-34,Seattle,US,sms
Theo,Sinclair,theo.sinclair.1778@customer360.test,+1-555-978-3786,active,45-54,London,GB,sms
Renata,Cervantes,renata.cervantes.1779@customer360.test,+1-555-979-3823,active,18-24,Merida,MX,push
Owen Marie,Campbell,owen-marie.campbell.1780@customer360.test,+1-555-980-3860,active,35-44,Montreal,CA,sms
Taylor,Foster,taylor.foster.1781@customer360.test,+1-555-981-3897,active,18-24,Boston,US,email
Lerato,Nkosi,lerato.nkosi.1782@customer360.test,+1-555-982-3934,active,45-54,Pretoria,ZA,email
Ishita,Iyer,ishita.iyer.1783@customer360.test,+1-555-983-3971,active,25-34,Pune,IN,push
Mateo,Cervantes,mateo.cervantes.1784@customer360.test,+1-555-984-4008,active,35-44,Mexico City,MX,push
Sofia,Vargas,sofia.vargas.1785@customer360.test,+1-555-985-4045,active,45-54,Mexico City,MX,email
Diego,Vargas,diego.vargas.1786@customer360.test,+1-555-986-4082,active,25-34,Monterrey,MX,email
Ren,Yamada,ren.yamada.1787@customer360.test,+1-555-987-4119,active,45-54,Kyoto,JP,push
Mateo,Castro,mateo.castro.1788@customer360.test,+1-555-988-4156,active,25-34,Madrid,ES,sms
Hugo,Harrington,hugo.harrington.1789@customer360.test,+1-555-989-4193,active,18-24,Manchester,GB,push
Amelie,Blanc,amelie.blanc.1790@customer360.test,+1-555-990-4230,active,25-34,Nantes,FR,sms
Poppy Louise,Bennett,poppy-louise.bennett.1791@customer360.test,+1-555-991-4267,active,45-54,Birmingham,GB,push
Kabir Priya,Iyer,kabir-priya.iyer.1792@customer360.test,+1-555-992-4304,active,25-34,Kochi,IN,push
Marie Johann,Wagner,marie-johann.wagner.1793@customer360.test,+1-555-993-4341,active,45-54,Frankfurt,DE,email
Pedro Clara,Barbosa,pedro-clara.barbosa.1794@customer360.test,+1-555-994-4378,active,45-54,Brasilia,BR,sms
Helena,Nogueira,helena.nogueira.1795@customer360.test,+1-555-995-4415,active,18-24,Sao Paulo,BR,push
Mila,Lavoie,mila.lavoie.1796@customer360.test,+1-555-996-4452,active,18-24,Edmonton,CA,sms
Hugo,Castro,hugo.castro.1797@customer360.test,+1-555-997-4489,active,25-34,Madrid,ES,sms
Caleb Marie,Turner,caleb-marie.turner.1798@customer360.test,+1-555-998-4526,active,18-24,San Diego,US,sms
Arthur,Crawford,arthur.crawford.1799@customer360.test,+1-555-999-4563,inactive,45-54,Leeds,GB,push
Sienna Rose,Cameron,sienna-rose.cameron.1800@customer360.test,+1-555-100-4600,active,18-24,Hobart,AU,push
Logan,Parker,logan.parker.1801@customer360.test,+1-555-101-4637,active,35-44,Chicago,US,sms
Sota,Yamamoto,sota.yamamoto.1802@customer360.test,+1-555-102-4674,active,25-34,Nagoya,JP,sms
Alfie,Fletcher,alfie.fletcher.1803@customer360.test,+1-555-103-4711,active,35-44,Manchester,GB,email
Tommaso,Moretti,tommaso.moretti.1804@customer360.test,+1-555-104-4748,active,35-44,Rome,IT,push
Mateo Maria,Vargas,mateo-maria.vargas.1805@customer360.test,+1-555-105-4785,active,18-24,Mexico City,MX,push
Mio,Suzuki,mio.suzuki.1806@customer360.test,+1-555-106-4822,active,35-44,Yokohama,JP,email
Mariana,Martins,mariana.martins.1807@customer360.test,+1-555-107-4859,active,35-44,Sao Paulo,BR,sms
Emilia,Schneider,emilia.schneider.1808@customer360.test,+1-555-108-4896,active,25-34,Stuttgart,DE,sms
Arthur,Laurent,arthur.laurent.1809@customer360.test,+1-555-109-4933,active,35-44,Marseille,FR,sms
Lena,Collins,lena.collins.1810@customer360.test,+1-555-110-4970,active,25-34,Atlanta,US,push
Ethan,Wong,ethan.wong.1811@customer360.test,+1-555-111-5007,active,45-54,Singapore,SG,email
Leonardo,Gallo,leonardo.gallo.1812@customer360.test,+1-555-112-5044,inactive,25-34,Turin,IT,push
Daniel,Cervantes,daniel.cervantes.1813@customer360.test,+1-555-113-5081,active,35-44,Merida,MX,email
Juliette Jean,Mercier,juliette-jean.mercier.1814@customer360.test,+1-555-114-5118,inactive,55-64,Bordeaux,FR,sms
Hugo Maria,Iglesias,hugo-maria.iglesias.1815@customer360.test,+1-555-115-5155,inactive,35-44,Seville,ES,email
Nadia,Ong,nadia.ong.1816@customer360.test,+1-555-116-5192,active,45-54,Singapore,SG,sms
Cameron,Mitchell,cameron.mitchell.1817@customer360.test,+1-555-117-5229,active,35-44,Atlanta,US,push
Daan,Jansen,daan.jansen.1818@customer360.test,+1-555-118-5266,active,55-64,Amsterdam,NL,email
Diego,Mendoza,diego.mendoza.1819@customer360.test,+1-555-119-5303,active,45-54,Puebla,MX,push
Valeria,Cabrera,valeria.cabrera.1820@customer360.test,+1-555-120-5340,active,55-64,Barcelona,ES,sms
Evie,Fletcher,evie.fletcher.1821@customer360.test,+1-555-121-5377,active,55-64,Leeds,GB,push
Paul,Keller,paul.keller.1822@customer360.test,+1-555-122-5414,active,18-24,Munich,DE,sms
Amelie,Girard,amelie.girard.1823@customer360.test,+1-555-123-5451,active,35-44,Bordeaux,FR,sms
Theo,Dubois,theo.dubois.1824@customer360.test,+1-555-124-5488,active,25-34,Toulouse,FR,push
Cooper Lee,McKenzie,cooper-lee.mckenzie.1825@customer360.test,+1-555-125-5525,active,45-54,Canberra,AU,push
Liam,Fournier,liam.fournier.1826@customer360.test,+1-555-126-5562,active,18-24,Halifax,CA,email
Kai Wen Min,Goh,kai-wen-min.goh.1827@customer360.test,+1-555-127-5599,active,45-54,Singapore,SG,email
Reyansh,Kapoor,reyansh.kapoor.1828@customer360.test,+1-555-128-5636,active,35-44,Hyderabad,IN,email
Kian,Botha,kian.botha.1829@customer360.test,+1-555-129-5673,active,18-24,Gqeberha,ZA,push
Elias,Sinclair,elias.sinclair.1830@customer360.test,+1-555-130-5710,active,55-64,Ottawa,CA,push
Matteo,Costa,matteo.costa.1831@customer360.test,+1-555-131-5747,active,55-64,Milan,IT,push
Vivaan,Mehta,vivaan.mehta.1832@customer360.test,+1-555-132-5784,active,35-44,Delhi,IN,sms
Kaito,Yamamoto,kaito.yamamoto.1833@customer360.test,+1-555-133-5821,active,25-34,Tokyo,JP,push
Tara,Kapoor,tara.kapoor.1834@customer360.test,+1-555-134-5858,active,55-64,Ahmedabad,IN,email
Nisha,Iyer,nisha.iyer.1835@customer360.test,+1-555-135-5895,active,55-64,Kochi,IN,push
Ren,Yamada,ren.yamada.1836@customer360.test,+1-555-136-5932,active,35-44,Kyoto,JP,sms
Theo,Lavoie,theo.lavoie.1837@customer360.test,+1-555-137-5969,active,18-24,Halifax,CA,push
Rin Hiro,Ito,rin-hiro.ito.1838@customer360.test,+1-555-138-6006,active,45-54,Fukuoka,JP,push
Diego,Iglesias,diego.iglesias.1839@customer360.test,+1-555-139-6043,active,55-64,Bilbao,ES,sms
Javier,Castillo,javier.castillo.1840@customer360.test,+1-555-140-6080,active,35-44,Queretaro,MX,email
Leonie,Lefevre,leonie.lefevre.1841@customer360.test,+1-555-141-6117,active,25-34,Nantes,FR,email
Pablo Maria,Vega,pablo-maria.vega.1842@customer360.test,+1-555-142-6154,active,35-44,Bilbao,ES,push
Alfie,Sinclair,alfie.sinclair.1843@customer360.test,+1-555-143-6191,active,25-34,Leeds,GB,push
Sota Hiro,Takahashi,sota-hiro.takahashi.1844@customer360.test,+1-555-144-6228,active,45-54,Yokohama,JP,push
Marco,Romano,marco.romano.1845@customer360.test,+1-555-145-6265,active,35-44,Palermo,IT,sms
Milan Marie,De Boer,milan-marie.de-boer.1846@customer360.test,+1-555-146-6302,active,35-44,Eindhoven,NL,push
Arjun,Rao,arjun.rao.1847@customer360.test,+1-555-147-6339,active,25-34,Kolkata,IN,push
Mei,Takahashi,mei.takahashi.1848@customer360.test,+1-555-148-6376,active,25-34,Yokohama,JP,sms
Clara,Marchand,clara.marchand.1849@customer360.test,+1-555-149-6413,active,45-54,Lyon,FR,push
Ethan Rui,Wong,ethan-rui.wong.1850@customer360.test,+1-555-150-6450,inactive,25-34,Singapore,SG,sms
Aurora Maria,Esposito,aurora-maria.esposito.1851@customer360.test,+1-555-151-6487,inactive,25-34,Naples,IT,sms
Kavya,Iyer,kavya.iyer.1852@customer360.test,+1-555-152-6524,active,25-34,Jaipur,IN,push
Nina,Jansen,nina.jansen.1853@customer360.test,+1-555-153-6561,active,45-54,The Hague,NL,push
Arthur,Ellis,arthur.ellis.1854@customer360.test,+1-555-154-6598,active,25-34,London,GB,sms
Aditya,Saxena,aditya.saxena.1855@customer360.test,+1-555-155-6635,active,35-44,Kochi,IN,sms
Lucia Carmen,Molina,lucia-carmen.molina.1856@customer360.test,+1-555-156-6672,active,18-24,Valencia,ES,sms
Morgan,Turner,morgan.turner.1857@customer360.test,+1-555-157-6709,active,35-44,San Diego,US,sms
Pablo,Castro,pablo.castro.1858@customer360.test,+1-555-158-6746,active,55-64,Bilbao,ES,push
Jack,Anderson,jack.anderson.1859@customer360.test,+1-555-159-6783,active,25-34,Perth,AU,push
Aiden,Naidoo,aiden.naidoo.1860@customer360.test,+1-555-160-6820,active,45-54,Bloemfontein,ZA,email
Vivaan Priya,Bhat,vivaan-priya.bhat.1861@customer360.test,+1-555-161-6857,active,55-64,Chennai,IN,push
Alice,Conti,alice.conti.1862@customer360.test,+1-555-162-6894,active,45-54,Palermo,IT,email
Ren,Yoshida,ren.yoshida.1863@customer360.test,+1-555-163-6931,active,45-54,Tokyo,JP,push
Clara,Rousseau,clara.rousseau.1864@customer360.test,+1-555-164-6968,active,45-54,Marseille,FR,push
Valentina,Ferreira,valentina.ferreira.1865@customer360.test,+1-555-165-7005,active,35-44,Rio de Janeiro,BR,email
Wei Ming,Tan,wei-ming.tan.1866@customer360.test,+1-555-166-7042,active,35-44,Singapore,SG,email
Diego,Garcia,diego.garcia.1867@customer360.test,+1-555-167-7079,active,45-54,Valencia,ES,push
Yuto Ken,Takahashi,yuto-ken.takahashi.1868@customer360.test,+1-555-168-7116,active,35-44,Fukuoka,JP,push
Mio,Yamamoto,mio.yamamoto.1869@customer360.test,+1-555-169-7153,inactive,18-24,Yokohama,JP,email
Lachlan,Hayes,lachlan.hayes.1870@customer360.test,+1-555-170-7190,active,25-34,Sydney,AU,sms
Theo Louis,Bouchard,theo-louis.bouchard.1871@customer360.test,+1-555-171-7227,inactive,25-34,Vancouver,CA,email
Kabir,Nair,kabir.nair.1872@customer360.test,+1-555-172-7264,active,25-34,Jaipur,IN,sms
Amara,Naidoo,amara.naidoo.1873@customer360.test,+1-555-173-7301,active,25-34,Johannesburg,ZA,sms
Poppy,Mercer,poppy.mercer.1874@customer360.test,+1-555-174-7338,active,35-44,Edinburgh,GB,email
Ayanda,Van Wyk,ayanda.van-wyk.1875@customer360.test,+1-555-175-7375,active,25-34,Pretoria,ZA,push
Camila,Vargas,camila.vargas.1876@customer360.test,+1-555-176-7412,active,25-34,Monterrey,MX,sms
Isabela,Ribeiro,isabela.ribeiro.1877@customer360.test,+1-555-177-7449,active,35-44,Sao Paulo,BR,sms
Sakura,Yamada,sakura.yamada.1878@customer360.test,+1-555-178-7486,inactive,35-44,Yokohama,JP,email
Sofia,Bailey,sofia.bailey.1879@customer360.test,+1-555-179-7523,active,55-64,Philadelphia,US,email
Rohan,Nair,rohan.nair.1880@customer360.test,+1-555-180-7560,active,18-24,Delhi,IN,push
Alejandro Elena,Fuentes,alejandro-elena.fuentes.1881@customer360.test,+1-555-181-7597,active,35-44,Puebla,MX,push
Thabo,Botha,thabo.botha.1882@customer360.test,+1-555-182-7634,active,18-24,Johannesburg,ZA,email
Lucas,Ferreira,lucas.ferreira.1883@customer360.test,+1-555-183-7671,active,45-54,Brasilia,BR,email
Manon,Fontaine,manon.fontaine.1884@customer360.test,+1-555-184-7708,active,18-24,Paris,FR,push
Tess,Bos,tess.bos.1885@customer360.test,+1-555-185-7745,active,35-44,Groningen,NL,email
Helena,Martins,helena.martins.1886@customer360.test,+1-555-186-7782,active,55-64,Brasilia,BR,email
Arjun Kai,Wong,arjun-kai.wong.1887@customer360.test,+1-555-187-7819,active,18-24,Singapore,SG,email
Louis,Girard,louis.girard.1888@customer360.test,+1-555-188-7856,active,25-34,Toulouse,FR,push
Riku Miki,Takahashi,riku-miki.takahashi.1889@customer360.test,+1-555-189-7893,active,35-44,Tokyo,JP,push
Avery,Bennett,avery.bennett.1890@customer360.test,+1-555-190-7930,active,45-54,Seattle,US,sms
Nora,Carter,nora.carter.1891@customer360.test,+1-555-191-7967,active,25-34,Portland,US,sms
Alice,Bianchi,alice.bianchi.1892@customer360.test,+1-555-192-8004,active,25-34,Naples,IT,sms
Amelie,Mercier,amelie.mercier.1893@customer360.test,+1-555-193-8041,active,35-44,Marseille,FR,email
Naomi,Bailey,naomi.bailey.1894@customer360.test,+1-555-194-8078,active,35-44,Denver,US,sms
Elena,Cervantes,elena.cervantes.1895@customer360.test,+1-555-195-8115,active,25-34,Merida,MX,push
Leah Claire,Bennett,leah-claire.bennett.1896@customer360.test,+1-555-196-8152,inactive,18-24,Halifax,CA,email
Hugo James,Hughes,hugo-james.hughes.1897@customer360.test,+1-555-197-8189,active,35-44,Birmingham,GB,sms
Arjun,Rao,arjun.rao.1898@customer360.test,+1-555-198-8226,active,18-24,Jaipur,IN,sms
Kabir,Menon,kabir.menon.1899@customer360.test,+1-555-199-8263,active,25-34,Jaipur,IN,email
Sienna,Clarke,sienna.clarke.1900@customer360.test,+1-555-200-8300,active,55-64,Brisbane,AU,email
Mila,Keller,mila.keller.1901@customer360.test,+1-555-201-8337,active,25-34,Stuttgart,DE,sms
Vega,Iglesias,vega.iglesias.1902@customer360.test,+1-555-202-8374,inactive,25-34,Malaga,ES,email
Arjun Raj,Saxena,arjun-raj.saxena.1903@customer360.test,+1-555-203-8411,active,45-54,Kochi,IN,email
Lotte,Bos,lotte.bos.1904@customer360.test,+1-555-204-8448,active,35-44,The Hague,NL,sms
Sakura Ken,Nakamura,sakura-ken.nakamura.1905@customer360.test,+1-555-205-8485,active,18-24,Kyoto,JP,email
Fleur,Jansen,fleur.jansen.1906@customer360.test,+1-555-206-8522,active,25-34,Groningen,NL,push
Alice,Moretti,alice.moretti.1907@customer360.test,+1-555-207-8559,active,35-44,Bologna,IT,push
Sota,Watanabe,sota.watanabe.1908@customer360.test,+1-555-208-8596,active,18-24,Sapporo,JP,email
Felix,Wagner,felix.wagner.1909@customer360.test,+1-555-209-8633,inactive,45-54,Cologne,DE,email
Thabo,Naidoo,thabo.naidoo.1910@customer360.test,+1-555-210-8670,active,25-34,Johannesburg,ZA,email
Finn,Anderson,finn.anderson.1911@customer360.test,+1-555-211-8707,inactive,35-44,Hobart,AU,email
Felix,Becker,felix.becker.1912@customer360.test,+1-555-212-8744,active,55-64,Leipzig,DE,push
Gabriel,Dubois,gabriel.dubois.1913@customer360.test,+1-555-213-8781,active,55-64,Toulouse,FR,email
Pedro,Oliveira,pedro.oliveira.1914@customer360.test,+1-555-214-8818,active,35-44,Porto Alegre,BR,push
Diya Raj,Kulkarni,diya-raj.kulkarni.1915@customer360.test,+1-555-215-8855,active,35-44,Delhi,IN,sms
Thabo,Dlamini,thabo.dlamini.1916@customer360.test,+1-555-216-8892,inactive,25-34,Pretoria,ZA,sms
Lorenzo,Marino,lorenzo.marino.1917@customer360.test,+1-555-217-8929,active,35-44,Turin,IT,push
Sofia,Iglesias,sofia.iglesias.1918@customer360.test,+1-555-218-8966,active,55-64,Madrid,ES,email
Oliver,Sinclair,oliver.sinclair.1919@customer360.test,+1-555-219-9003,active,25-34,Edinburgh,GB,sms
Diego,Cervantes,diego.cervantes.1920@customer360.test,+1-555-220-9040,active,25-34,Puebla,MX,email
Lucas,De Boer,lucas.de-boer.1921@customer360.test,+1-555-221-9077,active,25-34,Eindhoven,NL,push
Oscar,Cameron,oscar.cameron.1922@customer360.test,+1-555-222-9114,active,25-34,Melbourne,AU,push
Nora,Foster,nora.foster.1923@customer360.test,+1-555-223-9151,active,35-44,Portland,US,sms
Theo,Ellis,theo.ellis.1924@customer360.test,+1-555-224-9188,active,25-34,Glasgow,GB,email
Meera,Nair,meera.nair.1925@customer360.test,+1-555-225-9225,inactive,18-24,Kochi,IN,email
Vihaan,Saxena,vihaan.saxena.1926@customer360.test,+1-555-226-9262,active,25-34,Chennai,IN,sms
Maya,Hayes,maya.hayes.1927@customer360.test,+1-555-227-9299,active,55-64,Portland,US,push
Ines Luc,Girard,ines-luc.girard.1928@customer360.test,+1-555-228-9336,active,25-34,Paris,FR,sms
Amelia James,Griffiths,amelia-james.griffiths.1929@customer360.test,+1-555-229-9373,active,45-54,London,GB,email
Lucia,Iglesias,lucia.iglesias.1930@customer360.test,+1-555-230-9410,active,55-64,Seville,ES,sms
Amelie,Hoffmann,amelie.hoffmann.1931@customer360.test,+1-555-231-9447,active,18-24,Leipzig,DE,email
Owen,Mercer,owen.mercer.1932@customer360.test,+1-555-232-9484,active,18-24,Calgary,CA,email
Elias Louis,Bennett,elias-louis.bennett.1933@customer360.test,+1-555-233-9521,inactive,25-34,Toronto,CA,push
Leo,Rojas,leo.rojas.1934@customer360.test,+1-555-234-9558,active,25-34,Barcelona,ES,sms
Kavya Neel,Sharma,kavya-neel.sharma.1935@customer360.test,+1-555-235-9595,active,45-54,Pune,IN,email
Leon Lukas,Keller,leon-lukas.keller.1936@customer360.test,+1-555-236-9632,active,35-44,Stuttgart,DE,push
Nana,Nakamura,nana.nakamura.1937@customer360.test,+1-555-237-9669,active,25-34,Kyoto,JP,sms
Callum,Cameron,callum.cameron.1938@customer360.test,+1-555-238-9706,active,25-34,Adelaide,AU,sms
Mila,Kruger,mila.kruger.1939@customer360.test,+1-555-239-9743,active,45-54,Munich,DE,sms
Darren,Rahman,darren.rahman.1940@customer360.test,+1-555-240-9780,active,25-34,Singapore,SG,email
Ruby,Crawford,ruby.crawford.1941@customer360.test,+1-555-241-9817,active,25-34,Glasgow,GB,email
Nisha,Sharma,nisha.sharma.1942@customer360.test,+1-555-242-9854,active,25-34,Hyderabad,IN,email
Nandi,Maseko,nandi.maseko.1943@customer360.test,+1-555-243-9891,active,25-34,Cape Town,ZA,sms
Lachlan Rose,Cameron,lachlan-rose.cameron.1944@customer360.test,+1-555-244-9928,active,25-34,Canberra,AU,sms
Lena,Turner,lena.turner.1945@customer360.test,+1-555-245-9965,active,45-54,Philadelphia,US,sms
Tommaso,Costa,tommaso.costa.1946@customer360.test,+1-555-246-1002,active,25-34,Palermo,IT,push
Camille Louis,Gauthier,camille-louis.gauthier.1947@customer360.test,+1-555-247-1039,active,35-44,Toronto,CA,push
Rohan,Bhat,rohan.bhat.1948@customer360.test,+1-555-248-1076,active,45-54,Delhi,IN,push
Nur,Chua,nur.chua.1949@customer360.test,+1-555-249-1113,active,25-34,Singapore,SG,push
Lucia,Ortega,lucia.ortega.1950@customer360.test,+1-555-250-1150,active,18-24,Madrid,ES,email
Chiara,Bianchi,chiara.bianchi.1951@customer360.test,+1-555-251-1187,active,45-54,Rome,IT,push
Mila,Fraser,mila.fraser.1952@customer360.test,+1-555-252-1224,active,35-44,Vancouver,CA,email
Aoi,Nakamura,aoi.nakamura.1953@customer360.test,+1-555-253-1261,inactive,25-34,Fukuoka,JP,sms
Sakura,Nakamura,sakura.nakamura.1954@customer360.test,+1-555-254-1298,active,35-44,Fukuoka,JP,push
Arjun,Goh,arjun.goh.1955@customer360.test,+1-555-255-1335,active,45-54,Singapore,SG,email
Aoi,Nakamura,aoi.nakamura.1956@customer360.test,+1-555-256-1372,active,45-54,Kyoto,JP,email
Kian,Van Wyk,kian.van-wyk.1957@customer360.test,+1-555-257-1409,active,45-54,Gqeberha,ZA,email
Diego,Ortega,diego.ortega.1958@customer360.test,+1-555-258-1446,active,45-54,Barcelona,ES,email
Paul,Hartmann,paul.hartmann.1959@customer360.test,+1-555-259-1483,active,45-54,Frankfurt,DE,email
Isla,Bennett,isla.bennett.1960@customer360.test,+1-555-260-1520,active,35-44,Brisbane,AU,sms
Nana,Suzuki,nana.suzuki.1961@customer360.test,+1-555-261-1557,active,35-44,Osaka,JP,sms
Daiki,Yoshida,daiki.yoshida.1962@customer360.test,+1-555-262-1594,active,18-24,Osaka,JP,sms
Morgan,Collins,morgan.collins.1963@customer360.test,+1-555-263-1631,active,55-64,Philadelphia,US,email
Harper,Ward,harper.ward.1964@customer360.test,+1-555-264-1668,active,25-34,Minneapolis,US,sms
Nana Miki,Yamamoto,nana-miki.yamamoto.1965@customer360.test,+1-555-265-1705,active,55-64,Osaka,JP,push
Chloe,Moreau,chloe.moreau.1966@customer360.test,+1-555-266-1742,active,35-44,Lyon,FR,push
Arjun,Rao,arjun.rao.1967@customer360.test,+1-555-267-1779,active,18-24,Kolkata,IN,email
Diya Riya,Menon,diya-riya.menon.1968@customer360.test,+1-555-268-1816,active,25-34,Hyderabad,IN,push
Sofia,Serrano,sofia.serrano.1969@customer360.test,+1-555-269-1853,active,45-54,Monterrey,MX,sms
Naledi,Nkosi,naledi.nkosi.1970@customer360.test,+1-555-270-1890,active,18-24,Durban,ZA,push
Mateo,Iglesias,mateo.iglesias.1971@customer360.test,+1-555-271-1927,active,25-34,Barcelona,ES,email
Sofia,Ward,sofia.ward.1972@customer360.test,+1-555-272-1964,active,35-44,Austin,US,push
Caio,Ribeiro,caio.ribeiro.1973@customer360.test,+1-555-273-2001,active,25-34,Recife,BR,sms
Miles Rose,Turner,miles-rose.turner.1974@customer360.test,+1-555-274-2038,active,18-24,Denver,US,email
Clara,Hartmann,clara.hartmann.1975@customer360.test,+1-555-275-2075,active,35-44,Munich,DE,sms
Isla Edward,Mercer,isla-edward.mercer.1976@customer360.test,+1-555-276-2112,active,45-54,Manchester,GB,push
Kavya,Chatterjee,kavya.chatterjee.1977@customer360.test,+1-555-277-2149,active,35-44,Bengaluru,IN,sms
Amelie,Mercier,amelie.mercier.1978@customer360.test,+1-555-278-2186,active,18-24,Toulouse,FR,sms
Ryan,Wong,ryan.wong.1979@customer360.test,+1-555-279-2223,active,25-34,Singapore,SG,push
Sofia Luis,Mendoza,sofia-luis.mendoza.1980@customer360.test,+1-555-280-2260,active,35-44,Queretaro,MX,email
Quinn,Bailey,quinn.bailey.1981@customer360.test,+1-555-281-2297,active,35-44,Denver,US,push
Yui,Yamamoto,yui.yamamoto.1982@customer360.test,+1-555-282-2334,active,25-34,Nagoya,JP,push
Jordan,Morgan,jordan.morgan.1983@customer360.test,+1-555-283-2371,active,35-44,Minneapolis,US,email
Juliette Luc,Renard,juliette-luc.renard.1984@customer360.test,+1-555-284-2408,active,25-34,Lyon,FR,push
Parker,Mitchell,parker.mitchell.1985@customer360.test,+1-555-285-2445,active,55-64,Chicago,US,email
Sana,Malhotra,sana.malhotra.1986@customer360.test,+1-555-286-2482,active,55-64,Bengaluru,IN,sms
Nur,Rahman,nur.rahman.1987@customer360.test,+1-555-287-2519,active,35-44,Singapore,SG,email
Riley,Bennett,riley.bennett.1988@customer360.test,+1-555-288-2556,active,25-34,Boston,US,sms
Reyansh,Bhat,reyansh.bhat.1989@customer360.test,+1-555-289-2593,active,45-54,Ahmedabad,IN,sms
Nana,Yoshida,nana.yoshida.1990@customer360.test,+1-555-290-2630,active,35-44,Sapporo,JP,push
Zoe,Brooks,zoe.brooks.1991@customer360.test,+1-555-291-2667,active,35-44,Austin,US,push
Maisie,Crawford,maisie.crawford.1992@customer360.test,+1-555-292-2704,active,35-44,Birmingham,GB,email
Clara,Keller,clara.keller.1993@customer360.test,+1-555-293-2741,active,18-24,Stuttgart,DE,email
Amelie Paul,Laurent,amelie-paul.laurent.1994@customer360.test,+1-555-294-2778,active,25-34,Lille,FR,sms
Lucas,Meijer,lucas.meijer.1995@customer360.test,+1-555-295-2815,active,35-44,Eindhoven,NL,push
Noah,Morrison,noah.morrison.1996@customer360.test,+1-555-296-2852,active,18-24,Halifax,CA,email
Nina,Bakker,nina.bakker.1997@customer360.test,+1-555-297-2889,active,35-44,Utrecht,NL,sms
Luiza,Mendes,luiza.mendes.1998@customer360.test,+1-555-298-2926,active,25-34,Rio de Janeiro,BR,sms
Evie,Lawson,evie.lawson.1999@customer360.test,+1-555-299-2963,active,18-24,Birmingham,GB,push
Gabriele,Marino,gabriele.marino.2000@customer360.test,+1-555-300-3000,active,25-34,Bologna,IT,sms
Valeria Luis,Delgado,valeria-luis.delgado.2001@customer360.test,+1-555-301-3037,active,18-24,Queretaro,MX,email
Marco,Romano,marco.romano.2002@customer360.test,+1-555-302-3074,active,25-34,Naples,IT,sms
Ruby,Fletcher,ruby.fletcher.2003@customer360.test,+1-555-303-3111,active,35-44,Sydney,AU,sms
Lucas,Mendes,lucas.mendes.2004@customer360.test,+1-555-304-3148,active,35-44,Porto Alegre,BR,push
Pedro,Almeida,pedro.almeida.2005@customer360.test,+1-555-305-3185,inactive,18-24,Salvador,BR,sms
Valeria,Navarro,valeria.navarro.2006@customer360.test,+1-555-306-3222,active,35-44,Puebla,MX,push
Miles,Bailey,miles.bailey.2007@customer360.test,+1-555-307-3259,active,45-54,Minneapolis,US,sms
Cheryl,Ong,cheryl.ong.2008@customer360.test,+1-555-308-3296,active,55-64,Singapore,SG,email
Aiden,Van Wyk,aiden.van-wyk.2009@customer360.test,+1-555-309-3333,active,35-44,Cape Town,ZA,push
Rafael,Ribeiro,rafael.ribeiro.2010@customer360.test,+1-555-310-3370,active,25-34,Salvador,BR,sms
Zoe Marie,Cooper,zoe-marie.cooper.2011@customer360.test,+1-555-311-3407,active,35-44,Minneapolis,US,email
Mei Lin,Ong,mei-lin.ong.2012@customer360.test,+1-555-312-3444,active,45-54,Singapore,SG,sms
Zara,Fletcher,zara.fletcher.2013@customer360.test,+1-555-313-3481,active,55-64,Melbourne,AU,email
Hugo Jose,Navarro,hugo-jose.navarro.2014@customer360.test,+1-555-314-3518,active,45-54,Madrid,ES,email
Mathis,Fontaine,mathis.fontaine.2015@customer360.test,+1-555-315-3555,active,25-34,Lyon,FR,push
Naledi Lee,Nkosi,naledi-lee.nkosi.2016@customer360.test,+1-555-316-3592,active,45-54,Pretoria,ZA,push
Jia En,Koh,jia-en.koh.2017@customer360.test,+1-555-317-3629,active,35-44,Singapore,SG,email
Javier Luis,Fuentes,javier-luis.fuentes.2018@customer360.test,+1-555-318-3666,active,18-24,Puebla,MX,email
Kai Wen,Koh,kai-wen.koh.2019@customer360.test,+1-555-319-3703,active,55-64,Singapore,SG,email
Dylan Marie,Russell,dylan-marie.russell.2020@customer360.test,+1-555-320-3740,active,25-34,Philadelphia,US,push
Santiago,Navarro,santiago.navarro.2021@customer360.test,+1-555-321-3777,active,25-34,Queretaro,MX,sms
Enzo,Barbosa,enzo.barbosa.2022@customer360.test,+1-555-322-3814,active,55-64,Recife,BR,email
Diya Kiran,Kulkarni,diya-kiran.kulkarni.2023@customer360.test,+1-555-323-3851,active,45-54,Mumbai,IN,sms
Santiago,Ortega,santiago.ortega.2024@customer360.test,+1-555-324-3888,active,18-24,Merida,MX,email
Lwazi,Dlamini,lwazi.dlamini.2025@customer360.test,+1-555-325-3925,active,18-24,Gqeberha,ZA,push
Aisha,Koh,aisha.koh.2026@customer360.test,+1-555-326-3962,active,45-54,Singapore,SG,email
Leonie,Mercier,leonie.mercier.2027@customer360.test,+1-555-327-3999,active,25-34,Bordeaux,FR,sms
Dylan,Carter,dylan.carter.2028@customer360.test,+1-555-328-4036,active,35-44,Chicago,US,push
Valentina,Almeida,valentina.almeida.2029@customer360.test,+1-555-329-4073,active,35-44,Porto Alegre,BR,push
Rohan,Joshi,rohan.joshi.2030@customer360.test,+1-555-330-4110,active,25-34,Hyderabad,IN,email
Renata,Rios,renata.rios.2031@customer360.test,+1-555-331-4147,active,35-44,Merida,MX,sms
Tess Jan,De Boer,tess-jan.de-boer.2032@customer360.test,+1-555-332-4184,active,45-54,The Hague,NL,email
Daiki Ken,Watanabe,daiki-ken.watanabe.2033@customer360.test,+1-555-333-4221,inactive,45-54,Fukuoka,JP,push
Nisha,Malhotra,nisha.malhotra.2034@customer360.test,+1-555-334-4258,active,18-24,Mumbai,IN,push
Javier,Vargas,javier.vargas.2035@customer360.test,+1-555-335-4295,active,25-34,Mexico City,MX,push
Pedro,Teixeira,pedro.teixeira.2036@customer360.test,+1-555-336-4332,active,25-34,Salvador,BR,sms
Maya,Morgan,maya.morgan.2037@customer360.test,+1-555-337-4369,active,35-44,Philadelphia,US,email
Amelia,Lawson,amelia.lawson.2038@customer360.test,+1-555-338-4406,active,35-44,London,GB,push
Aditya,Malhotra,aditya.malhotra.2039@customer360.test,+1-555-339-4443,active,35-44,Pune,IN,push
Emiliano Maria,Hernandez,emiliano-maria.hernandez.2040@customer360.test,+1-555-340-4480,active,25-34,Merida,MX,push
Oliver,Fletcher,oliver.fletcher.2041@customer360.test,+1-555-341-4517,active,25-34,Leeds,GB,email
Noah,Wagner,noah.wagner.2042@customer360.test,+1-555-342-4554,inactive,35-44,Munich,DE,sms
Logan,Bennett,logan.bennett.2043@customer360.test,+1-555-343-4591,active,18-24,Denver,US,push
Amara,Mthembu,amara.mthembu.2044@customer360.test,+1-555-344-4628,active,35-44,Cape Town,ZA,email
Sanne,Bakker,sanne.bakker.2045@customer360.test,+1-555-345-4665,active,25-34,Amsterdam,NL,sms
Riku,Nakamura,riku.nakamura.2046@customer360.test,+1-555-346-4702,active,45-54,Sapporo,JP,email
Taylor,Turner,taylor.turner.2047@customer360.test,+1-555-347-4739,active,25-34,Portland,US,sms
Kaito,Yamamoto,kaito.yamamoto.2048@customer360.test,+1-555-348-4776,active,25-34,Kyoto,JP,email
Vihaan,Menon,vihaan.menon.2049@customer360.test,+1-555-349-4813,active,35-44,Kolkata,IN,sms
Daniel,Cervantes,daniel.cervantes.2050@customer360.test,+1-555-350-4850,inactive,18-24,Monterrey,MX,push
Jesse,Bos,jesse.bos.2051@customer360.test,+1-555-351-4887,active,55-64,Rotterdam,NL,push
Ethan,Collins,ethan.collins.2052@customer360.test,+1-555-352-4924,active,18-24,Chicago,US,sms
Siti,Tan,siti.tan.2053@customer360.test,+1-555-353-4961,active,25-34,Singapore,SG,sms
Finn,Fischer,finn.fischer.2054@customer360.test,+1-555-354-4998,active,25-34,Hamburg,DE,push
Elliot,Sullivan,elliot.sullivan.2055@customer360.test,+1-555-355-5035,active,55-64,Canberra,AU,push
Mariana,Cervantes,mariana.cervantes.2056@customer360.test,+1-555-356-5072,active,35-44,Merida,MX,sms
Diya,Iyer,diya.iyer.2057@customer360.test,+1-555-357-5109,active,35-44,Jaipur,IN,sms
Kai Wen,Lee,kai-wen.lee.2058@customer360.test,+1-555-358-5146,active,18-24,Singapore,SG,email
Elias,Morrison,elias.morrison.2059@customer360.test,+1-555-359-5183,active,18-24,Vancouver,CA,email
Helena,Mendes,helena.mendes.2060@customer360.test,+1-555-360-5220,active,25-34,Salvador,BR,push
Nisha Dev,Chatterjee,nisha-dev.chatterjee.2061@customer360.test,+1-555-361-5257,active,45-54,Chennai,IN,sms
Theo,Marchand,theo.marchand.2062@customer360.test,+1-555-362-5294,active,25-34,Paris,FR,push
Hugo,Moreau,hugo.moreau.2063@customer360.test,+1-555-363-5331,active,18-24,Lyon,FR,push
Callum,Morgan,callum.morgan.2064@customer360.test,+1-555-364-5368,inactive,35-44,Melbourne,AU,push
Felix,Brandt,felix.brandt.2065@customer360.test,+1-555-365-5405,active,35-44,Hamburg,DE,sms
Avery,Cooper,avery.cooper.2066@customer360.test,+1-555-366-5442,active,18-24,San Diego,US,push
Oliver,Chapman,oliver.chapman.2067@customer360.test,+1-555-367-5479,active,45-54,Manchester,GB,email
Amelie,Mercer,amelie.mercer.2068@customer360.test,+1-555-368-5516,active,55-64,Calgary,CA,email
Mila,Hoffmann,mila.hoffmann.2069@customer360.test,+1-555-369-5553,active,45-54,Hamburg,DE,push
Kabir,Sharma,kabir.sharma.2070@customer360.test,+1-555-370-5590,active,35-44,Hyderabad,IN,sms
Leonardo,Marino,leonardo.marino.2071@customer360.test,+1-555-371-5627,active,25-34,Florence,IT,sms
Lucas,Morrison,lucas.morrison.2072@customer360.test,+1-555-372-5664,active,55-64,Vancouver,CA,push
Riley,Reed,riley.reed.2073@customer360.test,+1-555-373-5701,active,18-24,Denver,US,push
Ethan,Chua,ethan.chua.2074@customer360.test,+1-555-374-5738,active,35-44,Singapore,SG,email
Lucia Luis,Vega,lucia-luis.vega.2075@customer360.test,+1-555-375-5775,active,35-44,Barcelona,ES,sms
Diego Carmen,Iglesias,diego-carmen.iglesias.2076@customer360.test,+1-555-376-5812,active,25-34,Malaga,ES,email
Vihaan,Nair,vihaan.nair.2077@customer360.test,+1-555-377-5849,active,35-44,Kochi,IN,email
Rin,Kato,rin.kato.2078@customer360.test,+1-555-378-5886,active,18-24,Yokohama,JP,email
Zoe,Cooper,zoe.cooper.2079@customer360.test,+1-555-379-5923,active,25-34,Philadelphia,US,push
Naomi,Russell,naomi.russell.2080@customer360.test,+1-555-380-5960,active,45-54,San Diego,US,push
Chiara,Romano,chiara.romano.2081@customer360.test,+1-555-381-5997,active,35-44,Milan,IT,email
Hina Miki,Suzuki,hina-miki.suzuki.2082@customer360.test,+1-555-382-6034,active,35-44,Nagoya,JP,push
Parker,Parker,parker.parker.2083@customer360.test,+1-555-383-6071,active,25-34,Minneapolis,US,email
Elliot,Wallace,elliot.wallace.2084@customer360.test,+1-555-384-6108,active,25-34,Sydney,AU,email
Jordan,Mitchell,jordan.mitchell.2085@customer360.test,+1-555-385-6145,active,25-34,Philadelphia,US,push
Camila,Teixeira,camila.teixeira.2086@customer360.test,+1-555-386-6182,active,25-34,Curitiba,BR,push
Renata Jose,Morales,renata-jose.morales.2087@customer360.test,+1-555-387-6219,active,35-44,Queretaro,MX,push
Mariana Luiz,Costa,mariana-luiz.costa.2088@customer360.test,+1-555-388-6256,active,35-44,Porto Alegre,BR,push
Lucia Maria,Molina,lucia-maria.molina.2089@customer360.test,+1-555-389-6293,active,55-64,Valencia,ES,push
Elena,Fuentes,elena.fuentes.2090@customer360.test,+1-555-390-6330,active,45-54,Puebla,MX,email
Lena,Turner,lena.turner.2091@customer360.test,+1-555-391-6367,active,35-44,Minneapolis,US,email
Sana,Sharma,sana.sharma.2092@customer360.test,+1-555-392-6404,active,35-44,Delhi,IN,email
Leonie,Chevalier,leonie.chevalier.2093@customer360.test,+1-555-393-6441,active,25-34,Bordeaux,FR,email
Siti Jia,Chua,siti-jia.chua.2094@customer360.test,+1-555-394-6478,active,35-44,Singapore,SG,sms
Noor,Meijer,noor.meijer.2095@customer360.test,+1-555-395-6515,active,35-44,Rotterdam,NL,sms
Aditya,Kapoor,aditya.kapoor.2096@customer360.test,+1-555-396-6552,active,45-54,Delhi,IN,sms
Kavya,Desai,kavya.desai.2097@customer360.test,+1-555-397-6589,active,35-44,Chennai,IN,push
Giulia Luca,Bianchi,giulia-luca.bianchi.2098@customer360.test,+1-555-398-6626,active,45-54,Naples,IT,push
Juliette,Marchand,juliette.marchand.2099@customer360.test,+1-555-399-6663,active,35-44,Nantes,FR,email
Harper,Bailey,harper.bailey.2100@customer360.test,+1-555-400-6700,active,55-64,Seattle,US,email
Oscar,McKenzie,oscar.mckenzie.2101@customer360.test,+1-555-401-6737,active,45-54,Perth,AU,push
Marie,Richter,marie.richter.2102@customer360.test,+1-555-402-6774,active,35-44,Munich,DE,sms
Jack,Morgan,jack.morgan.2103@customer360.test,+1-555-403-6811,active,45-54,Melbourne,AU,email
Riley,Mitchell,riley.mitchell.2104@customer360.test,+1-555-404-6848,active,55-64,Philadelphia,US,email
Lwazi,Jacobs,lwazi.jacobs.2105@customer360.test,+1-555-405-6885,active,25-34,Johannesburg,ZA,email
Cheryl,Ng,cheryl.ng.2106@customer360.test,+1-555-406-6922,active,18-24,Singapore,SG,sms
Camille,Blanc,camille.blanc.2107@customer360.test,+1-555-407-6959,active,25-34,Marseille,FR,email
Lotte,De Vries,lotte.de-vries.2108@customer360.test,+1-555-408-6996,active,35-44,Amsterdam,NL,push
Poppy,Mercer,poppy.mercer.2109@customer360.test,+1-555-409-7033,active,25-34,Bristol,GB,email
Kian Grace,Van Wyk,kian-grace.van-wyk.2110@customer360.test,+1-555-410-7070,active,25-34,Johannesburg,ZA,email
Emiliano,Navarro,emiliano.navarro.2111@customer360.test,+1-555-411-7107,active,25-34,Mexico City,MX,sms
Elias,Campbell,elias.campbell.2112@customer360.test,+1-555-412-7144,active,35-44,Halifax,CA,push
Mia,McKenzie,mia.mckenzie.2113@customer360.test,+1-555-413-7181,active,45-54,Perth,AU,push
Aarav Raj,Menon,aarav-raj.menon.2114@customer360.test,+1-555-414-7218,active,45-54,Ahmedabad,IN,push
Poppy,Bennett,poppy.bennett.2115@customer360.test,+1-555-415-7255,inactive,55-64,Glasgow,GB,email
Arjun,Bhat,arjun.bhat.2116@customer360.test,+1-555-416-7292,active,45-54,Mumbai,IN,email
Emilia,Fischer,emilia.fischer.2117@customer360.test,+1-555-417-7329,inactive,45-54,Cologne,DE,email
Naledi Grace,Jacobs,naledi-grace.jacobs.2118@customer360.test,+1-555-418-7366,active,35-44,Bloemfontein,ZA,sms
Diya,Malhotra,diya.malhotra.2119@customer360.test,+1-555-419-7403,active,18-24,Kolkata,IN,push
Leo,Ortega,leo.ortega.2120@customer360.test,+1-555-420-7440,active,35-44,Madrid,ES,sms
Poppy,Griffiths,poppy.griffiths.2121@customer360.test,+1-555-421-7477,active,25-34,London,GB,sms
Ethan,Ong,ethan.ong.2122@customer360.test,+1-555-422-7514,active,25-34,Singapore,SG,email
Diya,Sharma,diya.sharma.2123@customer360.test,+1-555-423-7551,active,25-34,Bengaluru,IN,sms
Elias,Gauthier,elias.gauthier.2124@customer360.test,+1-555-424-7588,active,35-44,Edmonton,CA,push
Arjun,Kulkarni,arjun.kulkarni.2125@customer360.test,+1-555-425-7625,active,55-64,Mumbai,IN,push
Reyansh,Chatterjee,reyansh.chatterjee.2126@customer360.test,+1-555-426-7662,active,55-64,Hyderabad,IN,push
Ren,Tanaka,ren.tanaka.2127@customer360.test,+1-555-427-7699,active,18-24,Fukuoka,JP,push
Sipho,Jacobs,sipho.jacobs.2128@customer360.test,+1-555-428-7736,inactive,25-34,Durban,ZA,push
Lorenzo Luca,Bianchi,lorenzo-luca.bianchi.2129@customer360.test,+1-555-429-7773,active,35-44,Florence,IT,sms
Rafael,Barbosa,rafael.barbosa.2130@customer360.test,+1-555-430-7810,active,45-54,Curitiba,BR,email
Sofia,Carter,sofia.carter.2131@customer360.test,+1-555-431-7847,active,35-44,Austin,US,push
Ryan,Ng,ryan.ng.2132@customer360.test,+1-555-432-7884,active,35-44,Singapore,SG,sms
Ethan Grace,Brooks,ethan-grace.brooks.2133@customer360.test,+1-555-433-7921,active,18-24,Chicago,US,sms
Marie,Fischer,marie.fischer.2134@customer360.test,+1-555-434-7958,active,25-34,Stuttgart,DE,sms
Chloe,Mercier,chloe.mercier.2135@customer360.test,+1-555-435-7995,active,25-34,Lille,FR,sms
Logan,Reed,logan.reed.2136@customer360.test,+1-555-436-8032,active,18-24,Chicago,US,sms
Giulia,Ricci,giulia.ricci.2137@customer360.test,+1-555-437-8069,active,25-34,Naples,IT,email
Elena Maria,Vega,elena-maria.vega.2138@customer360.test,+1-555-438-8106,active,35-44,Madrid,ES,email
Diego,Garcia,diego.garcia.2139@customer360.test,+1-555-439-8143,active,25-34,Malaga,ES,push
Martin,Serrano,martin.serrano.2140@customer360.test,+1-555-440-8180,active,35-44,Malaga,ES,sms
Sophie,Kruger,sophie.kruger.2141@customer360.test,+1-555-441-8217,active,35-44,Frankfurt,DE,push
Giulia,Costa,giulia.costa.2142@customer360.test,+1-555-442-8254,active,35-44,Bologna,IT,email
Luiza Luiz,Ribeiro,luiza-luiz.ribeiro.2143@customer360.test,+1-555-443-8291,active,45-54,Porto Alegre,BR,sms
Aurora,Ferrari,aurora.ferrari.2144@customer360.test,+1-555-444-8328,inactive,35-44,Turin,IT,sms
Anaya,Iyer,anaya.iyer.2145@customer360.test,+1-555-445-8365,active,55-64,Mumbai,IN,sms
Haruto,Kobayashi,haruto.kobayashi.2146@customer360.test,+1-555-446-8402,active,18-24,Fukuoka,JP,email
Manon,Moreau,manon.moreau.2147@customer360.test,+1-555-447-8439,inactive,35-44,Paris,FR,sms
Aarav,Joshi,aarav.joshi.2148@customer360.test,+1-555-448-8476,active,25-34,Mumbai,IN,sms
Leah,Beaulieu,leah.beaulieu.2149@customer360.test,+1-555-449-8513,active,45-54,Vancouver,CA,sms
Elias Claire,Fraser,elias-claire.fraser.2150@customer360.test,+1-555-450-8550,active,55-64,Montreal,CA,email
Yuto,Tanaka,yuto.tanaka.2151@customer360.test,+1-555-451-8587,active,18-24,Nagoya,JP,email
Imogen,Hughes,imogen.hughes.2152@customer360.test,+1-555-452-8624,active,25-34,Birmingham,GB,email
Maeve,Poirier,maeve.poirier.2153@customer360.test,+1-555-453-8661,active,45-54,Montreal,CA,email
Leonie,Chevalier,leonie.chevalier.2154@customer360.test,+1-555-454-8698,active,25-34,Toulouse,FR,sms
Santiago,Mendoza,santiago.mendoza.2155@customer360.test,+1-555-455-8735,inactive,25-34,Puebla,MX,email
Rohan,Kapoor,rohan.kapoor.2156@customer360.test,+1-555-456-8772,active,45-54,Mumbai,IN,push
Logan,Bennett,logan.bennett.2157@customer360.test,+1-555-457-8809,active,45-54,San Diego,US,push
Hugo,Bennett,hugo.bennett.2158@customer360.test,+1-555-458-8846,active,35-44,Birmingham,GB,push
Alfie,Mercer,alfie.mercer.2159@customer360.test,+1-555-459-8883,active,18-24,Birmingham,GB,push
Luiza,Carvalho,luiza.carvalho.2160@customer360.test,+1-555-460-8920,active,35-44,Rio de Janeiro,BR,push
Enzo,Ribeiro,enzo.ribeiro.2161@customer360.test,+1-555-461-8957,active,18-24,Rio de Janeiro,BR,sms
Nadia,Wong,nadia.wong.2162@customer360.test,+1-555-462-8994,active,35-44,Singapore,SG,push
Sienna,Morgan,sienna.morgan.2163@customer360.test,+1-555-463-9031,active,35-44,Sydney,AU,email
Isla,Clarke,isla.clarke.2164@customer360.test,+1-555-464-9068,active,18-24,Brisbane,AU,email
Mia,Hayes,mia.hayes.2165@customer360.test,+1-555-465-9105,active,35-44,Adelaide,AU,email
Arjun,Chua,arjun.chua.2166@customer360.test,+1-555-466-9142,active,35-44,Singapore,SG,sms
Elliot Grace,Reid,elliot-grace.reid.2167@customer360.test,+1-555-467-9179,active,18-24,Canberra,AU,push
Diya,Pillai,diya.pillai.2168@customer360.test,+1-555-468-9216,inactive,18-24,Kolkata,IN,email
Amelie,Gauthier,amelie.gauthier.2169@customer360.test,+1-555-469-9253,active,55-64,Edmonton,CA,push
Hugo,Laurent,hugo.laurent.2170@customer360.test,+1-555-470-9290,active,35-44,Marseille,FR,email
Imogen,Hughes,imogen.hughes.2171@customer360.test,+1-555-471-9327,inactive,35-44,Birmingham,GB,email
Hui Min Wei,Ismail,hui-min-wei.ismail.2172@customer360.test,+1-555-472-9364,active,35-44,Singapore,SG,push
Lucas Marie,De Boer,lucas-marie.de-boer.2173@customer360.test,+1-555-473-9401,active,35-44,Rotterdam,NL,sms
Enzo Luiz,Ferreira,enzo-luiz.ferreira.2174@customer360.test,+1-555-474-9438,active,25-34,Porto Alegre,BR,push
Poppy,Sinclair,poppy.sinclair.2175@customer360.test,+1-555-475-9475,active,45-54,Edinburgh,GB,email
George,Mercer,george.mercer.2176@customer360.test,+1-555-476-9512,active,18-24,London,GB,push
Sota,Yoshida,sota.yoshida.2177@customer360.test,+1-555-477-9549,active,18-24,Osaka,JP,push
Amelie,Marchand,amelie.marchand.2178@customer360.test,+1-555-478-9586,active,55-64,Marseille,FR,sms
Sofia,Bennett,sofia.bennett.2179@customer360.test,+1-555-479-9623,active,35-44,Austin,US,sms
Emiliano,Morales,emiliano.morales.2180@customer360.test,+1-555-480-9660,active,45-54,Guadalajara,MX,sms
Clara,Hoffmann,clara.hoffmann.2181@customer360.test,+1-555-481-9697,active,18-24,Stuttgart,DE,push
Daiki Ken,Yamamoto,daiki-ken.yamamoto.2182@customer360.test,+1-555-482-9734,active,55-64,Fukuoka,JP,email
Alejandro,Rios,alejandro.rios.2183@customer360.test,+1-555-483-9771,active,35-44,Merida,MX,email
Amelie,Poirier,amelie.poirier.2184@customer360.test,+1-555-484-9808,active,35-44,Montreal,CA,email
Sakura Aya,Yamamoto,sakura-aya.yamamoto.2185@customer360.test,+1-555-485-9845,active,25-34,Fukuoka,JP,push
Gabriel,Ferreira,gabriel.ferreira.2186@customer360.test,+1-555-486-9882,inactive,25-34,Recife,BR,push
Alejandro,Hernandez,alejandro.hernandez.2187@customer360.test,+1-555-487-9919,inactive,55-64,Mexico City,MX,push
Lerato,Mabena,lerato.mabena.2188@customer360.test,+1-555-488-9956,active,45-54,Durban,ZA,push
Kavya,Saxena,kavya.saxena.2189@customer360.test,+1-555-489-9993,active,25-34,Kolkata,IN,push
Oliver,Lawson,oliver.lawson.2190@customer360.test,+1-555-490-1030,active,18-24,Leeds,GB,email
Hugo,Fletcher,hugo.fletcher.2191@customer360.test,+1-555-491-1067,active,25-34,London,GB,email
Clara,Hoffmann,clara.hoffmann.2192@customer360.test,+1-555-492-1104,active,35-44,Cologne,DE,sms
Elena,Rios,elena.rios.2193@customer360.test,+1-555-493-1141,active,45-54,Merida,MX,push
Diego,Castro,diego.castro.2194@customer360.test,+1-555-494-1178,active,25-34,Malaga,ES,email
Mateo Jose,Fuentes,mateo-jose.fuentes.2195@customer360.test,+1-555-495-1215,inactive,25-34,Puebla,MX,sms
Fleur,De Vries,fleur.de-vries.2196@customer360.test,+1-555-496-1252,active,18-24,Rotterdam,NL,push
Jonas,Schneider,jonas.schneider.2197@customer360.test,+1-555-497-1289,active,45-54,Cologne,DE,sms
Eva,Visser,eva.visser.2198@customer360.test,+1-555-498-1326,active,35-44,Amsterdam,NL,email
Ayanda Lee,Nkosi,ayanda-lee.nkosi.2199@customer360.test,+1-555-499-1363,active,45-54,Gqeberha,ZA,sms
Imogen James,Lawson,imogen-james.lawson.2200@customer360.test,+1-555-500-1400,inactive,35-44,Manchester,GB,email
Sana,Saxena,sana.saxena.2201@customer360.test,+1-555-501-1437,active,25-34,Kolkata,IN,sms
Arjun,Rao,arjun.rao.2202@customer360.test,+1-555-502-1474,active,25-34,Pune,IN,push
Avery,Cooper,avery.cooper.2203@customer360.test,+1-555-503-1511,active,55-64,Seattle,US,email
Riley Marie,Turner,riley-marie.turner.2204@customer360.test,+1-555-504-1548,active,25-34,Seattle,US,email
Ethan Rui,Ismail,ethan-rui.ismail.2205@customer360.test,+1-555-505-1585,active,45-54,Singapore,SG,email
Ishaan,Iyer,ishaan.iyer.2206@customer360.test,+1-555-506-1622,active,18-24,Kolkata,IN,sms
Sana,Kapoor,sana.kapoor.2207@customer360.test,+1-555-507-1659,active,45-54,Jaipur,IN,sms
Dylan,Foster,dylan.foster.2208@customer360.test,+1-555-508-1696,active,25-34,Denver,US,push
Carmen,Cabrera,carmen.cabrera.2209@customer360.test,+1-555-509-1733,active,25-34,Malaga,ES,sms
Renata,Mendoza,renata.mendoza.2210@customer360.test,+1-555-510-1770,active,18-24,Monterrey,MX,push
George,Ellis,george.ellis.2211@customer360.test,+1-555-511-1807,active,18-24,Birmingham,GB,email
Avery,Carter,avery.carter.2212@customer360.test,+1-555-512-1844,active,35-44,San Diego,US,email
Sakura,Nakamura,sakura.nakamura.2213@customer360.test,+1-555-513-1881,active,35-44,Sapporo,JP,email
Cameron,Turner,cameron.turner.2214@customer360.test,+1-555-514-1918,active,25-34,Denver,US,email
Hugo James,Griffiths,hugo-james.griffiths.2215@customer360.test,+1-555-515-1955,active,55-64,Birmingham,GB,email
Logan,Foster,logan.foster.2216@customer360.test,+1-555-516-1992,active,35-44,Atlanta,US,sms
Caleb,Morgan,caleb.morgan.2217@customer360.test,+1-555-517-2029,active,25-34,Chicago,US,sms
Sanne,Visser,sanne.visser.2218@customer360.test,+1-555-518-2066,active,25-34,Rotterdam,NL,push
Rin,Kato,rin.kato.2219@customer360.test,+1-555-519-2103,active,55-64,Sapporo,JP,email
Parker Grace,Foster,parker-grace.foster.2220@customer360.test,+1-555-520-2140,active,35-44,Chicago,US,push
Sofia,Mendoza,sofia.mendoza.2221@customer360.test,+1-555-521-2177,active,45-54,Monterrey,MX,push
Taylor,Cooper,taylor.cooper.2222@customer360.test,+1-555-522-2214,active,25-34,Chicago,US,email
Mia,Morgan,mia.morgan.2223@customer360.test,+1-555-523-2251,active,45-54,Adelaide,AU,sms
Ishita,Menon,ishita.menon.2224@customer360.test,+1-555-524-2288,active,25-34,Jaipur,IN,push
Jordan,Hayes,jordan.hayes.2225@customer360.test,+1-555-525-2325,active,25-34,Boston,US,email
Quinn,Foster,quinn.foster.2226@customer360.test,+1-555-526-2362,active,45-54,Denver,US,email
Lachlan James,Hayes,lachlan-james.hayes.2227@customer360.test,+1-555-527-2399,active,25-34,Sydney,AU,sms
Arjun,Tan,arjun.tan.2228@customer360.test,+1-555-528-2436,active,45-54,Singapore,SG,push
Pablo,Castro,pablo.castro.2229@customer360.test,+1-555-529-2473,active,18-24,Madrid,ES,push
Aoi,Ito,aoi.ito.2230@customer360.test,+1-555-530-2510,active,45-54,Sapporo,JP,push
Ruby,Hughes,ruby.hughes.2231@customer360.test,+1-555-531-2547,active,55-64,Edinburgh,GB,push
Lucia Maria,Navarro,lucia-maria.navarro.2232@customer360.test,+1-555-532-2584,active,35-44,Guadalajara,MX,push
Julian,Bennett,julian.bennett.2233@customer360.test,+1-555-533-2621,active,35-44,Halifax,CA,sms
Isla,Sullivan,isla.sullivan.2234@customer360.test,+1-555-534-2658,active,25-34,Perth,AU,email
Fleur,Bos,fleur.bos.2235@customer360.test,+1-555-535-2695,active,25-34,The Hague,NL,sms
Sofia,Castillo,sofia.castillo.2236@customer360.test,+1-555-536-2732,active,18-24,Guadalajara,MX,sms
Camila,Delgado,camila.delgado.2237@customer360.test,+1-555-537-2769,active,25-34,Puebla,MX,sms
Haruto,Yoshida,haruto.yoshida.2238@customer360.test,+1-555-538-2806,active,35-44,Tokyo,JP,push
Kai Wen,Lee,kai-wen.lee.2239@customer360.test,+1-555-539-2843,active,45-54,Singapore,SG,email
Zoe,Parker,zoe.parker.2240@customer360.test,+1-555-540-2880,active,45-54,San Diego,US,sms
Haruto,Watanabe,haruto.watanabe.2241@customer360.test,+1-555-541-2917,active,35-44,Yokohama,JP,email
Mathis Marie,Fontaine,mathis-marie.fontaine.2242@customer360.test,+1-555-542-2954,active,45-54,Bordeaux,FR,push
Reyansh,Nair,reyansh.nair.2243@customer360.test,+1-555-543-2991,active,45-54,Kochi,IN,sms
Hamish,Cameron,hamish.cameron.2244@customer360.test,+1-555-544-3028,active,45-54,Sydney,AU,email
Miles,Morgan,miles.morgan.2245@customer360.test,+1-555-545-3065,active,25-34,Seattle,US,push
Lucas,Visser,lucas.visser.2246@customer360.test,+1-555-546-3102,active,35-44,Amsterdam,NL,push
Maya,Mabena,maya.mabena.2247@customer360.test,+1-555-547-3139,active,55-64,Durban,ZA,email
Sanne,Bakker,sanne.bakker.2248@customer360.test,+1-555-548-3176,active,35-44,The Hague,NL,push
Lucas,Fournier,lucas.fournier.2249@customer360.test,+1-555-549-3213,active,18-24,Ottawa,CA,push
Darren Jia,Chua,darren-jia.chua.2250@customer360.test,+1-555-550-3250,active,35-44,Singapore,SG,sms
Helena,Ribeiro,helena.ribeiro.2251@customer360.test,+1-555-551-3287,active,35-44,Sao Paulo,BR,email
Sana,Rao,sana.rao.2252@customer360.test,+1-555-552-3324,active,55-64,Mumbai,IN,sms
Sakura,Suzuki,sakura.suzuki.2253@customer360.test,+1-555-553-3361,active,25-34,Kyoto,JP,push
Gabriel,Rousseau,gabriel.rousseau.2254@customer360.test,+1-555-554-3398,active,45-54,Lille,FR,push
Aurora,Rossi,aurora.rossi.2255@customer360.test,+1-555-555-3435,active,35-44,Bologna,IT,sms
Harper,Bennett,harper.bennett.2256@customer360.test,+1-555-556-3472,active,18-24,Austin,US,sms
Harper,Cooper,harper.cooper.2257@customer360.test,+1-555-557-3509,active,55-64,Austin,US,email
Thabo,Mabena,thabo.mabena.2258@customer360.test,+1-555-558-3546,active,35-44,Pretoria,ZA,sms
Alejandro,Castillo,alejandro.castillo.2259@customer360.test,+1-555-559-3583,active,45-54,Monterrey,MX,email
Isla,Ellis,isla.ellis.2260@customer360.test,+1-555-560-3620,active,45-54,London,GB,push
Mia,Reid,mia.reid.2261@customer360.test,+1-555-561-3657,active,45-54,Melbourne,AU,email
Maisie,Sinclair,maisie.sinclair.2262@customer360.test,+1-555-562-3694,inactive,25-34,London,GB,push
Aisha,Goh,aisha.goh.2263@customer360.test,+1-555-563-3731,active,35-44,Singapore,SG,sms
Julian,Fournier,julian.fournier.2264@customer360.test,+1-555-564-3768,active,35-44,Toronto,CA,sms
Anaya,Bhat,anaya.bhat.2265@customer360.test,+1-555-565-3805,active,55-64,Kolkata,IN,sms
Bram Pieter,Bakker,bram-pieter.bakker.2266@customer360.test,+1-555-566-3842,active,25-34,Utrecht,NL,email
Arjun,Saxena,arjun.saxena.2267@customer360.test,+1-555-567-3879,active,18-24,Kochi,IN,sms
Aditya,Rao,aditya.rao.2268@customer360.test,+1-555-568-3916,active,25-34,Bengaluru,IN,email
Matteo,Esposito,matteo.esposito.2269@customer360.test,+1-555-569-3953,active,25-34,Milan,IT,email
Giulia Maria,Lombardi,giulia-maria.lombardi.2270@customer360.test,+1-555-570-3990,active,35-44,Milan,IT,email
Caleb,Collins,caleb.collins.2271@customer360.test,+1-555-571-4027,inactive,45-54,Boston,US,email
Sana Raj,Bhat,sana-raj.bhat.2272@customer360.test,+1-555-572-4064,active,55-64,Delhi,IN,sms
Oscar,Hughes,oscar.hughes.2273@customer360.test,+1-555-573-4101,active,25-34,Leeds,GB,email
Ayanda,Nkosi,ayanda.nkosi.2274@customer360.test,+1-555-574-4138,active,25-34,Cape Town,ZA,sms
Carmen,Castro,carmen.castro.2275@customer360.test,+1-555-575-4175,active,25-34,Seville,ES,email
Theo,Lefevre,theo.lefevre.2276@customer360.test,+1-555-576-4212,active,35-44,Paris,FR,push
Mathis,Moreau,mathis.moreau.2277@customer360.test,+1-555-577-4249,active,25-34,Lyon,FR,email
Finn,Keller,finn.keller.2278@customer360.test,+1-555-578-4286,inactive,35-44,Munich,DE,sms
Sakura,Suzuki,sakura.suzuki.2279@customer360.test,+1-555-579-4323,active,18-24,Tokyo,JP,sms
Vihaan,Nair,vihaan.nair.2280@customer360.test,+1-555-580-4360,active,55-64,Mumbai,IN,push
Nana,Sato,nana.sato.2281@customer360.test,+1-555-581-4397,active,55-64,Nagoya,JP,sms
Maya Lee,Bennett,maya-lee.bennett.2282@customer360.test,+1-555-582-4434,active,35-44,Chicago,US,push
Ishita Neel,Sharma,ishita-neel.sharma.2283@customer360.test,+1-555-583-4471,active,25-34,Jaipur,IN,sms
Sofia,Cooper,sofia.cooper.2284@customer360.test,+1-555-584-4508,active,18-24,Chicago,US,email
Nora,Turner,nora.turner.2285@customer360.test,+1-555-585-4545,active,45-54,Denver,US,push
Marie Elise,Wagner,marie-elise.wagner.2286@customer360.test,+1-555-586-4582,active,35-44,Stuttgart,DE,push
Logan,Brooks,logan.brooks.2287@customer360.test,+1-555-587-4619,active,25-34,Boston,US,push
Ethan,Russell,ethan.russell.2288@customer360.test,+1-555-588-4656,active,35-44,Philadelphia,US,sms
Emilia Elise,Schneider,emilia-elise.schneider.2289@customer360.test,+1-555-589-4693,active,25-34,Berlin,DE,email
Javier,Morales,javier.morales.2290@customer360.test,+1-555-590-4730,active,25-34,Mexico City,MX,email
Davide,Marino,davide.marino.2291@customer360.test,+1-555-591-4767,active,18-24,Bologna,IT,push
Hina,Yamada,hina.yamada.2292@customer360.test,+1-555-592-4804,active,55-64,Nagoya,JP,push
Sanne Jan,Mulder,sanne-jan.mulder.2293@customer360.test,+1-555-593-4841,active,25-34,Utrecht,NL,sms
Arjun,Kapoor,arjun.kapoor.2294@customer360.test,+1-555-594-4878,inactive,45-54,Hyderabad,IN,push
Zara,Hughes,zara.hughes.2295@customer360.test,+1-555-595-4915,active,25-34,Brisbane,AU,email
Alice,Ferrari,alice.ferrari.2296@customer360.test,+1-555-596-4952,active,25-34,Milan,IT,push
Matteo Luca,Ferrari,matteo-luca.ferrari.2297@customer360.test,+1-555-597-4989,active,55-64,Rome,IT,push
Jordan,Cooper,jordan.cooper.2298@customer360.test,+1-555-598-5026,active,35-44,Boston,US,sms
Lucia,Cervantes,lucia.cervantes.2299@customer360.test,+1-555-599-5063,active,18-24,Merida,MX,push
Sakura,Suzuki,sakura.suzuki.2300@customer360.test,+1-555-600-5100,active,25-34,Yokohama,JP,push
Vega,Rojas,vega.rojas.2301@customer360.test,+1-555-601-5137,active,55-64,Seville,ES,push
Daniel,Fuentes,daniel.fuentes.2302@customer360.test,+1-555-602-5174,active,25-34,Merida,MX,push
Mio,Suzuki,mio.suzuki.2303@customer360.test,+1-555-603-5211,active,45-54,Tokyo,JP,email
Pablo,Garcia,pablo.garcia.2304@customer360.test,+1-555-604-5248,active,25-34,Seville,ES,sms
Leonardo,Marino,leonardo.marino.2305@customer360.test,+1-555-605-5285,active,25-34,Turin,IT,email
Daniel,Navarro,daniel.navarro.2306@customer360.test,+1-555-606-5322,active,35-44,Puebla,MX,sms
Giulia,Costa,giulia.costa.2307@customer360.test,+1-555-607-5359,active,55-64,Turin,IT,push
Oscar,Lawson,oscar.lawson.2308@customer360.test,+1-555-608-5396,active,18-24,Bristol,GB,sms
Maximilian,Vogel,maximilian.vogel.2309@customer360.test,+1-555-609-5433,active,45-54,Frankfurt,DE,push
Liam,Fournier,liam.fournier.2310@customer360.test,+1-555-610-5470,inactive,35-44,Calgary,CA,push
Camille,Dubois,camille.dubois.2311@customer360.test,+1-555-611-5507,active,45-54,Paris,FR,sms
Kabir,Desai,kabir.desai.2312@customer360.test,+1-555-612-5544,active,45-54,Jaipur,IN,push
Naomi,Bailey,naomi.bailey.2313@customer360.test,+1-555-613-5581,active,18-24,Seattle,US,push
Diya,Saxena,diya.saxena.2314@customer360.test,+1-555-614-5618,active,35-44,Bengaluru,IN,sms
Nur,Ng,nur.ng.2315@customer360.test,+1-555-615-5655,active,55-64,Singapore,SG,push
Meera,Kapoor,meera.kapoor.2316@customer360.test,+1-555-616-5692,inactive,25-34,Ahmedabad,IN,push
Avery,Cooper,avery.cooper.2317@customer360.test,+1-555-617-5729,active,45-54,Portland,US,push
Mila,Hoffmann,mila.hoffmann.2318@customer360.test,+1-555-618-5766,active,25-34,Hamburg,DE,sms
Ryan,Goh,ryan.goh.2319@customer360.test,+1-555-619-5803,active,35-44,Singapore,SG,email
Caleb,Russell,caleb.russell.2320@customer360.test,+1-555-620-5840,active,18-24,Minneapolis,US,email
Mia,Bennett,mia.bennett.2321@customer360.test,+1-555-621-5877,active,25-34,Perth,AU,sms
Diego,Fuentes,diego.fuentes.2322@customer360.test,+1-555-622-5914,active,18-24,Mexico City,MX,sms
Hamish Grace,Fletcher,hamish-grace.fletcher.2323@customer360.test,+1-555-623-5951,inactive,35-44,Perth,AU,email
Hamish Rose,McKenzie,hamish-rose.mckenzie.2324@customer360.test,+1-555-624-5988,active,35-44,Brisbane,AU,push
Gabriel Luc,Moreau,gabriel-luc.moreau.2325@customer360.test,+1-555-625-6025,active,35-44,Paris,FR,push
Leon,Richter,leon.richter.2326@customer360.test,+1-555-626-6062,active,25-34,Berlin,DE,push
Mila Claire,Campbell,mila-claire.campbell.2327@customer360.test,+1-555-627-6099,active,35-44,Edmonton,CA,push
Enzo,Barbosa,enzo.barbosa.2328@customer360.test,+1-555-628-6136,active,25-34,Salvador,BR,push
Haruto,Ito,haruto.ito.2329@customer360.test,+1-555-629-6173,active,45-54,Yokohama,JP,email
Sofia,Parker,sofia.parker.2330@customer360.test,+1-555-630-6210,active,18-24,Seattle,US,push
Mei,Takahashi,mei.takahashi.2331@customer360.test,+1-555-631-6247,active,25-34,Nagoya,JP,email
Lucas Joao,Ferreira,lucas-joao.ferreira.2332@customer360.test,+1-555-632-6284,active,45-54,Brasilia,BR,push
Matteo Anna,Ferrari,matteo-anna.ferrari.2333@customer360.test,+1-555-633-6321,active,18-24,Milan,IT,push
Martin,Vega,martin.vega.2334@customer360.test,+1-555-634-6358,active,25-34,Valencia,ES,sms
Enzo Maria,Teixeira,enzo-maria.teixeira.2335@customer360.test,+1-555-635-6395,active,25-34,Salvador,BR,push
Callum,Clarke,callum.clarke.2336@customer360.test,+1-555-636-6432,active,25-34,Melbourne,AU,email
Miles,Hayes,miles.hayes.2337@customer360.test,+1-555-637-6469,active,35-44,Boston,US,push
Callum,McKenzie,callum.mckenzie.2338@customer360.test,+1-555-638-6506,active,55-64,Hobart,AU,push
Alejandro,Serrano,alejandro.serrano.2339@customer360.test,+1-555-639-6543,active,25-34,Guadalajara,MX,sms
Jesse,Van Dijk,jesse.van-dijk.2340@customer360.test,+1-555-640-6580,active,25-34,Groningen,NL,push
Ishaan,Chatterjee,ishaan.chatterjee.2341@customer360.test,+1-555-641-6617,active,45-54,Pune,IN,email
Thabo,Van Wyk,thabo.van-wyk.2342@customer360.test,+1-555-642-6654,active,35-44,Durban,ZA,sms
Cheryl,Ng,cheryl.ng.2343@customer360.test,+1-555-643-6691,active,35-44,Singapore,SG,email
Neo,Naidoo,neo.naidoo.2344@customer360.test,+1-555-644-6728,active,18-24,Johannesburg,ZA,push
Mila,Campbell,mila.campbell.2345@customer360.test,+1-555-645-6765,active,35-44,Calgary,CA,email
Hannah,Becker,hannah.becker.2346@customer360.test,+1-555-646-6802,active,25-34,Hamburg,DE,email
Santiago,Vargas,santiago.vargas.2347@customer360.test,+1-555-647-6839,inactive,35-44,Guadalajara,MX,email
Tara,Iyer,tara.iyer.2348@customer360.test,+1-555-648-6876,active,45-54,Bengaluru,IN,sms
Diego,Garcia,diego.garcia.2349@customer360.test,+1-555-649-6913,active,18-24,Seville,ES,email
Taylor,Reed,taylor.reed.2350@customer360.test,+1-555-650-6950,active,35-44,Denver,US,email
Marie,Hoffmann,marie.hoffmann.2351@customer360.test,+1-555-651-6987,active,35-44,Leipzig,DE,email
Kian,Jacobs,kian.jacobs.2352@customer360.test,+1-555-652-7024,active,35-44,Gqeberha,ZA,email
Aditya Neel,Nair,aditya-neel.nair.2353@customer360.test,+1-555-653-7061,active,45-54,Pune,IN,push
Mateo,Vargas,mateo.vargas.2354@customer360.test,+1-555-654-7098,active,35-44,Guadalajara,MX,push
Harper,Mitchell,harper.mitchell.2355@customer360.test,+1-555-655-7135,active,35-44,Chicago,US,sms
Taylor,Bailey,taylor.bailey.2356@customer360.test,+1-555-656-7172,active,18-24,Boston,US,email
Elisa,Moretti,elisa.moretti.2357@customer360.test,+1-555-657-7209,active,18-24,Milan,IT,email
Tommaso,Bianchi,tommaso.bianchi.2358@customer360.test,+1-555-658-7246,active,35-44,Rome,IT,push
Owen,Gauthier,owen.gauthier.2359@customer360.test,+1-555-659-7283,active,25-34,Halifax,CA,push
Lachlan,Hayes,lachlan.hayes.2360@customer360.test,+1-555-660-7320,active,35-44,Hobart,AU,sms
Jonas,Hartmann,jonas.hartmann.2361@customer360.test,+1-555-661-7357,active,35-44,Cologne,DE,email
Nana,Yamamoto,nana.yamamoto.2362@customer360.test,+1-555-662-7394,active,35-44,Fukuoka,JP,sms
Miles,Hayes,miles.hayes.2363@customer360.test,+1-555-663-7431,active,25-34,Portland,US,sms
Mei,Tanaka,mei.tanaka.2364@customer360.test,+1-555-664-7468,active,35-44,Tokyo,JP,push
Anaya,Malhotra,anaya.malhotra.2365@customer360.test,+1-555-665-7505,active,35-44,Delhi,IN,push
Miles,Mitchell,miles.mitchell.2366@customer360.test,+1-555-666-7542,active,25-34,Minneapolis,US,sms
Anaya,Nair,anaya.nair.2367@customer360.test,+1-555-667-7579,active,18-24,Kochi,IN,push
Tara,Pillai,tara.pillai.2368@customer360.test,+1-555-668-7616,active,45-54,Mumbai,IN,sms
Hui Min,Tan,hui-min.tan.2369@customer360.test,+1-555-669-7653,active,25-34,Singapore,SG,push
Finn,Fischer,finn.fischer.2370@customer360.test,+1-555-670-7690,active,25-34,Frankfurt,DE,sms
Mila,Lavoie,mila.lavoie.2371@customer360.test,+1-555-671-7727,active,35-44,Ottawa,CA,email
Diya Neel,Kapoor,diya-neel.kapoor.2372@customer360.test,+1-555-672-7764,active,25-34,Bengaluru,IN,email
Valeria,Ortega,valeria.ortega.2373@customer360.test,+1-555-673-7801,active,35-44,Barcelona,ES,email
Cooper,Morgan,cooper.morgan.2374@customer360.test,+1-555-674-7838,active,35-44,Brisbane,AU,sms
Sophie,Morrison,sophie.morrison.2375@customer360.test,+1-555-675-7875,active,35-44,Halifax,CA,email
Bram Sofie,Visser,bram-sofie.visser.2376@customer360.test,+1-555-676-7912,active,25-34,Eindhoven,NL,email
Isabela,Ferreira,isabela.ferreira.2377@customer360.test,+1-555-677-7949,active,35-44,Porto Alegre,BR,push
Clara,Campbell,clara.campbell.2378@customer360.test,+1-555-678-7986,active,25-34,Ottawa,CA,sms
Mila,Hoffmann,mila.hoffmann.2379@customer360.test,+1-555-679-8023,active,35-44,Frankfurt,DE,email
Maeve Anne,Lavoie,maeve-anne.lavoie.2380@customer360.test,+1-555-680-8060,active,55-64,Montreal,CA,sms
Aditya,Saxena,aditya.saxena.2381@customer360.test,+1-555-681-8097,active,25-34,Mumbai,IN,sms
Bram,Meijer,bram.meijer.2382@customer360.test,+1-555-682-8134,active,55-64,Rotterdam,NL,sms
Kavya,Nair,kavya.nair.2383@customer360.test,+1-555-683-8171,active,45-54,Kochi,IN,push
Giulia,Lombardi,giulia.lombardi.2384@customer360.test,+1-555-684-8208,active,55-64,Rome,IT,email
Leah,Fraser,leah.fraser.2385@customer360.test,+1-555-685-8245,active,45-54,Vancouver,CA,sms
Mathis,Rousseau,mathis.rousseau.2386@customer360.test,+1-555-686-8282,active,25-34,Lille,FR,push
Kabir,Nair,kabir.nair.2387@customer360.test,+1-555-687-8319,active,18-24,Hyderabad,IN,push
Matilda Grace,Bennett,matilda-grace.bennett.2388@customer360.test,+1-555-688-8356,active,25-34,Hobart,AU,sms
Hugo,Vega,hugo.vega.2389@customer360.test,+1-555-689-8393,active,18-24,Seville,ES,email
Jonas,Neumann,jonas.neumann.2390@customer360.test,+1-555-690-8430,active,18-24,Munich,DE,sms
Elias,Fournier,elias.fournier.2391@customer360.test,+1-555-691-8467,active,25-34,Calgary,CA,email
Mariana,Araujo,mariana.araujo.2392@customer360.test,+1-555-692-8504,active,25-34,Curitiba,BR,push
Cheryl,Lee,cheryl.lee.2393@customer360.test,+1-555-693-8541,active,18-24,Singapore,SG,sms
Theo,Hughes,theo.hughes.2394@customer360.test,+1-555-694-8578,active,55-64,Bristol,GB,push
Daniel,Delgado,daniel.delgado.2395@customer360.test,+1-555-695-8615,active,35-44,Merida,MX,push
Nadia,Ismail,nadia.ismail.2396@customer360.test,+1-555-696-8652,active,18-24,Singapore,SG,email
Lachlan Grace,Wallace,lachlan-grace.wallace.2397@customer360.test,+1-555-697-8689,active,18-24,Adelaide,AU,push
Valeria Jose,Serrano,valeria-jose.serrano.2398@customer360.test,+1-555-698-8726,active,35-44,Queretaro,MX,push
Lucas,Bos,lucas.bos.2399@customer360.test,+1-555-699-8763,inactive,55-64,Utrecht,NL,push
Pedro Joao,Martins,pedro-joao.martins.2400@customer360.test,+1-555-700-8800,active,25-34,Brasilia,BR,sms
Zara,Anderson,zara.anderson.2401@customer360.test,+1-555-701-8837,active,25-34,Melbourne,AU,push
Isabela Maria,Oliveira,isabela-maria.oliveira.2402@customer360.test,+1-555-702-8874,active,45-54,Sao Paulo,BR,email
Clara,Vogel,clara.vogel.2403@customer360.test,+1-555-703-8911,active,18-24,Munich,DE,sms
Lena,Brandt,lena.brandt.2404@customer360.test,+1-555-704-8948,active,45-54,Cologne,DE,email
Darren,Goh,darren.goh.2405@customer360.test,+1-555-705-8985,active,35-44,Singapore,SG,email
Riley,Ward,riley.ward.2406@customer360.test,+1-555-706-9022,inactive,25-34,Portland,US,sms
Zara,Hayes,zara.hayes.2407@customer360.test,+1-555-707-9059,active,45-54,Perth,AU,sms
Valentina,Araujo,valentina.araujo.2408@customer360.test,+1-555-708-9096,active,35-44,Brasilia,BR,push
Maisie James,Hughes,maisie-james.hughes.2409@customer360.test,+1-555-709-9133,active,25-34,Bristol,GB,push
Parker,Reed,parker.reed.2410@customer360.test,+1-555-710-9170,active,35-44,Philadelphia,US,email
Theo,Chevalier,theo.chevalier.2411@customer360.test,+1-555-711-9207,active,35-44,Lille,FR,push
Noah,Becker,noah.becker.2412@customer360.test,+1-555-712-9244,active,25-34,Frankfurt,DE,push
Vihaan,Saxena,vihaan.saxena.2413@customer360.test,+1-555-713-9281,active,18-24,Kochi,IN,push
Ruby,Hayes,ruby.hayes.2414@customer360.test,+1-555-714-9318,active,55-64,Melbourne,AU,push
Theo Edward,Hughes,theo-edward.hughes.2415@customer360.test,+1-555-715-9355,active,18-24,Bristol,GB,email
Oscar,Clarke,oscar.clarke.2416@customer360.test,+1-555-716-9392,active,25-34,Perth,AU,sms
Amelie,Girard,amelie.girard.2417@customer360.test,+1-555-717-9429,active,25-34,Lille,FR,email
Vega Jose,Castro,vega-jose.castro.2418@customer360.test,+1-555-718-9466,active,18-24,Malaga,ES,email
Oliver Louise,Chapman,oliver-louise.chapman.2419@customer360.test,+1-555-719-9503,active,35-44,Bristol,GB,email
Santiago,Hernandez,santiago.hernandez.2420@customer360.test,+1-555-720-9540,active,35-44,Puebla,MX,email
Parker,Collins,parker.collins.2421@customer360.test,+1-555-721-9577,active,45-54,Portland,US,push
Naomi,Ward,naomi.ward.2422@customer360.test,+1-555-722-9614,active,25-34,Philadelphia,US,sms
Aditya,Desai,aditya.desai.2423@customer360.test,+1-555-723-9651,active,18-24,Kolkata,IN,email
Vivaan,Chatterjee,vivaan.chatterjee.2424@customer360.test,+1-555-724-9688,active,25-34,Jaipur,IN,sms
Gabriel,Martins,gabriel.martins.2425@customer360.test,+1-555-725-9725,active,45-54,Recife,BR,sms
Mila,Bennett,mila.bennett.2426@customer360.test,+1-555-726-9762,active,35-44,Calgary,CA,push
Lachlan,Hughes,lachlan.hughes.2427@customer360.test,+1-555-727-9799,active,45-54,Brisbane,AU,push
Ishita Neel,Bhat,ishita-neel.bhat.2428@customer360.test,+1-555-728-9836,active,18-24,Kolkata,IN,sms
Ethan,Ward,ethan.ward.2429@customer360.test,+1-555-729-9873,active,25-34,Portland,US,push
Theo,Hughes,theo.hughes.2430@customer360.test,+1-555-730-9910,active,25-34,Glasgow,GB,email
Davide,Esposito,davide.esposito.2431@customer360.test,+1-555-731-9947,active,55-64,Milan,IT,push
Caleb Grace,Morgan,caleb-grace.morgan.2432@customer360.test,+1-555-732-9984,active,18-24,Minneapolis,US,email
Mateus,Barbosa,mateus.barbosa.2433@customer360.test,+1-555-733-1021,active,35-44,Rio de Janeiro,BR,sms
Chloe Marie,Gauthier,chloe-marie.gauthier.2434@customer360.test,+1-555-734-1058,active,45-54,Toronto,CA,email
Vivaan,Desai,vivaan.desai.2435@customer360.test,+1-555-735-1095,active,55-64,Ahmedabad,IN,email
Grace,Morgan,grace.morgan.2436@customer360.test,+1-555-736-1132,active,25-34,Sydney,AU,push
Maya,Mitchell,maya.mitchell.2437@customer360.test,+1-555-737-1169,active,18-24,Chicago,US,push
Finn,Hayes,finn.hayes.2438@customer360.test,+1-555-738-1206,active,25-34,Adelaide,AU,email
Mathis,Girard,mathis.girard.2439@customer360.test,+1-555-739-1243,active,45-54,Nantes,FR,email
Helena,Almeida,helena.almeida.2440@customer360.test,+1-555-740-1280,active,25-34,Rio de Janeiro,BR,email
Aoi,Takahashi,aoi.takahashi.2441@customer360.test,+1-555-741-1317,active,45-54,Tokyo,JP,sms
Alice,Marino,alice.marino.2442@customer360.test,+1-555-742-1354,active,35-44,Turin,IT,sms
Sienna,Sullivan,sienna.sullivan.2443@customer360.test,+1-555-743-1391,active,45-54,Hobart,AU,sms
Mariana,Fuentes,mariana.fuentes.2444@customer360.test,+1-555-744-1428,active,35-44,Puebla,MX,push
Fleur,Visser,fleur.visser.2445@customer360.test,+1-555-745-1465,inactive,25-34,Amsterdam,NL,sms
Mila,Poirier,mila.poirier.2446@customer360.test,+1-555-746-1502,active,25-34,Toronto,CA,push
Finn,Fletcher,finn.fletcher.2447@customer360.test,+1-555-747-1539,active,35-44,Canberra,AU,push
Mateo,Mendoza,mateo.mendoza.2448@customer360.test,+1-555-748-1576,active,55-64,Monterrey,MX,push
Enzo Clara,Ribeiro,enzo-clara.ribeiro.2449@customer360.test,+1-555-749-1613,active,45-54,Curitiba,BR,sms
Finn,Mulder,finn.mulder.2450@customer360.test,+1-555-750-1650,active,25-34,Utrecht,NL,push
Julian,Mercer,julian.mercer.2451@customer360.test,+1-555-751-1687,active,45-54,Halifax,CA,sms
Amara,Mabena,amara.mabena.2452@customer360.test,+1-555-752-1724,active,55-64,Cape Town,ZA,email
Sana,Bhat,sana.bhat.2453@customer360.test,+1-555-753-1761,active,35-44,Ahmedabad,IN,sms
Naledi Lee,Van Wyk,naledi-lee.van-wyk.2454@customer360.test,+1-555-754-1798,inactive,25-34,Durban,ZA,email
Daiki,Tanaka,daiki.tanaka.2455@customer360.test,+1-555-755-1835,active,55-64,Yokohama,JP,sms
Clara,Vogel,clara.vogel.2456@customer360.test,+1-555-756-1872,active,18-24,Stuttgart,DE,sms
Beatrice,Romano,beatrice.romano.2457@customer360.test,+1-555-757-1909,active,18-24,Turin,IT,email
Hugo,Harrington,hugo.harrington.2458@customer360.test,+1-555-758-1946,active,35-44,Manchester,GB,push
Valeria,Morales,valeria.morales.2459@customer360.test,+1-555-759-1983,active,18-24,Merida,MX,push
Emiliano,Castillo,emiliano.castillo.2460@customer360.test,+1-555-760-2020,active,25-34,Merida,MX,sms
Louis,Girard,louis.girard.2461@customer360.test,+1-555-761-2057,active,18-24,Lille,FR,sms
Mariana Luis,Cervantes,mariana-luis.cervantes.2462@customer360.test,+1-555-762-2094,active,35-44,Mexico City,MX,push
Oliver James,Hughes,oliver-james.hughes.2463@customer360.test,+1-555-763-2131,active,18-24,Leeds,GB,push
Amelie,Becker,amelie.becker.2464@customer360.test,+1-555-764-2168,active,25-34,Hamburg,DE,email
Nadia,Lee,nadia.lee.2465@customer360.test,+1-555-765-2205,active,55-64,Singapore,SG,email
Logan,Turner,logan.turner.2466@customer360.test,+1-555-766-2242,active,25-34,Austin,US,email
Sofia Grace,Mitchell,sofia-grace.mitchell.2467@customer360.test,+1-555-767-2279,active,18-24,Austin,US,push
Naledi,Maseko,naledi.maseko.2468@customer360.test,+1-555-768-2316,active,55-64,Gqeberha,ZA,sms
Meera,Iyer,meera.iyer.2469@customer360.test,+1-555-769-2353,active,18-24,Kochi,IN,sms
Alejandro,Vargas,alejandro.vargas.2470@customer360.test,+1-555-770-2390,active,35-44,Guadalajara,MX,sms
Wei Ming,Wong,wei-ming.wong.2471@customer360.test,+1-555-771-2427,active,45-54,Singapore,SG,sms
Vivaan,Saxena,vivaan.saxena.2472@customer360.test,+1-555-772-2464,active,18-24,Pune,IN,sms
Felix,Vogel,felix.vogel.2473@customer360.test,+1-555-773-2501,active,25-34,Hamburg,DE,sms
Felix,Brandt,felix.brandt.2474@customer360.test,+1-555-774-2538,active,18-24,Berlin,DE,push
Camille,Renard,camille.renard.2475@customer360.test,+1-555-775-2575,active,25-34,Paris,FR,sms
Beatriz,Costa,beatriz.costa.2476@customer360.test,+1-555-776-2612,active,45-54,Recife,BR,push
Mariana,Araujo,mariana.araujo.2477@customer360.test,+1-555-777-2649,active,18-24,Rio de Janeiro,BR,email
Isla Rose,Sinclair,isla-rose.sinclair.2478@customer360.test,+1-555-778-2686,active,35-44,Leeds,GB,push
Morgan,Bailey,morgan.bailey.2479@customer360.test,+1-555-779-2723,active,25-34,Atlanta,US,sms
Thiago,Ribeiro,thiago.ribeiro.2480@customer360.test,+1-555-780-2760,active,55-64,Salvador,BR,email
Hugo,Ellis,hugo.ellis.2481@customer360.test,+1-555-781-2797,active,55-64,London,GB,push
Amelia,Crawford,amelia.crawford.2482@customer360.test,+1-555-782-2834,active,18-24,Leeds,GB,sms
Thiago,Nogueira,thiago.nogueira.2483@customer360.test,+1-555-783-2871,active,45-54,Curitiba,BR,push
Enzo,Ribeiro,enzo.ribeiro.2484@customer360.test,+1-555-784-2908,active,18-24,Sao Paulo,BR,sms
Ren,Kobayashi,ren.kobayashi.2485@customer360.test,+1-555-785-2945,active,18-24,Osaka,JP,email
Hugo,Serrano,hugo.serrano.2486@customer360.test,+1-555-786-2982,active,35-44,Barcelona,ES,push
Marcus,Lim,marcus.lim.2487@customer360.test,+1-555-787-3019,active,55-64,Singapore,SG,email
Lena,Russell,lena.russell.2488@customer360.test,+1-555-788-3056,active,55-64,Philadelphia,US,email
Kabir,Sharma,kabir.sharma.2489@customer360.test,+1-555-789-3093,active,35-44,Delhi,IN,push
Baptiste,Chevalier,baptiste.chevalier.2490@customer360.test,+1-555-790-3130,active,25-34,Bordeaux,FR,push
Isla,Ellis,isla.ellis.2491@customer360.test,+1-555-791-3167,active,25-34,Glasgow,GB,sms
Cameron,Reed,cameron.reed.2492@customer360.test,+1-555-792-3204,active,25-34,Austin,US,push
Daniel,Castillo,daniel.castillo.2493@customer360.test,+1-555-793-3241,active,35-44,Merida,MX,sms
Elias Louis,Sinclair,elias-louis.sinclair.2494@customer360.test,+1-555-794-3278,active,45-54,Edmonton,CA,email
Mei,Yamada,mei.yamada.2495@customer360.test,+1-555-795-3315,active,55-64,Sapporo,JP,push
Callum,Fletcher,callum.fletcher.2496@customer360.test,+1-555-796-3352,active,35-44,Melbourne,AU,sms
Siti,Lee,siti.lee.2497@customer360.test,+1-555-797-3389,active,55-64,Singapore,SG,email
Lucia,Fuentes,lucia.fuentes.2498@customer360.test,+1-555-798-3426,active,45-54,Mexico City,MX,push
Pedro,Almeida,pedro.almeida.2499@customer360.test,+1-555-799-3463,active,35-44,Recife,BR,sms
Mei Lin,Teo,mei-lin.teo.2500@customer360.test,+1-555-800-3500,active,35-44,Singapore,SG,push
Hugo,Moreau,hugo.moreau.2501@customer360.test,+1-555-801-3537,active,25-34,Lyon,FR,push
Arthur,Griffiths,arthur.griffiths.2502@customer360.test,+1-555-802-3574,active,25-34,Edinburgh,GB,sms
Clara,Moreau,clara.moreau.2503@customer360.test,+1-555-803-3611,active,35-44,Marseille,FR,email
Ruby,Anderson,ruby.anderson.2504@customer360.test,+1-555-804-3648,active,25-34,Sydney,AU,sms
Nisha,Menon,nisha.menon.2505@customer360.test,+1-555-805-3685,active,25-34,Chennai,IN,push
Kavya Priya,Nair,kavya-priya.nair.2506@customer360.test,+1-555-806-3722,active,18-24,Mumbai,IN,push
Kabir,Menon,kabir.menon.2507@customer360.test,+1-555-807-3759,active,18-24,Ahmedabad,IN,email
Diego,Hernandez,diego.hernandez.2508@customer360.test,+1-555-808-3796,active,18-24,Guadalajara,MX,sms
Callum,Hughes,callum.hughes.2509@customer360.test,+1-555-809-3833,active,55-64,Hobart,AU,email
Matilda,Cameron,matilda.cameron.2510@customer360.test,+1-555-810-3870,active,25-34,Hobart,AU,push
Ruby,Bennett,ruby.bennett.2511@customer360.test,+1-555-811-3907,active,35-44,Sydney,AU,email
Aditi,Bhat,aditi.bhat.2512@customer360.test,+1-555-812-3944,active,35-44,Mumbai,IN,push
Daniel,Cervantes,daniel.cervantes.2513@customer360.test,+1-555-813-3981,active,25-34,Monterrey,MX,push
Matilda,Hughes,matilda.hughes.2514@customer360.test,+1-555-814-4018,active,25-34,Sydney,AU,email
Chloe,Fraser,chloe.fraser.2515@customer360.test,+1-555-815-4055,active,25-34,Ottawa,CA,push
Marco Anna,Lombardi,marco-anna.lombardi.2516@customer360.test,+1-555-816-4092,inactive,35-44,Milan,IT,email
Parker,Turner,parker.turner.2517@customer360.test,+1-555-817-4129,active,35-44,Atlanta,US,push
Kabir,Iyer,kabir.iyer.2518@customer360.test,+1-555-818-4166,active,45-54,Jaipur,IN,push
Neo,Mabena,neo.mabena.2519@customer360.test,+1-555-819-4203,active,25-34,Johannesburg,ZA,push
Sanne Jan,Smit,sanne-jan.smit.2520@customer360.test,+1-555-820-4240,active,18-24,Rotterdam,NL,email
Lucas Marie,Bennett,lucas-marie.bennett.2521@customer360.test,+1-555-821-4277,active,45-54,Montreal,CA,email
Chloe,Fraser,chloe.fraser.2522@customer360.test,+1-555-822-4314,active,25-34,Toronto,CA,email
Luiza,Ribeiro,luiza.ribeiro.2523@customer360.test,+1-555-823-4351,active,18-24,Rio de Janeiro,BR,email
Maximilian,Hartmann,maximilian.hartmann.2524@customer360.test,+1-555-824-4388,active,35-44,Berlin,DE,push
Bram,Visser,bram.visser.2525@customer360.test,+1-555-825-4425,active,25-34,Amsterdam,NL,email
Sana,Sharma,sana.sharma.2526@customer360.test,+1-555-826-4462,active,35-44,Mumbai,IN,sms
Maisie,Sinclair,maisie.sinclair.2527@customer360.test,+1-555-827-4499,active,18-24,Leeds,GB,email
Juliette,Girard,juliette.girard.2528@customer360.test,+1-555-828-4536,active,35-44,Lyon,FR,sms
Mila,Poirier,mila.poirier.2529@customer360.test,+1-555-829-4573,active,25-34,Montreal,CA,email
Rohan Priya,Nair,rohan-priya.nair.2530@customer360.test,+1-555-830-4610,active,35-44,Kochi,IN,sms
Valeria,Vargas,valeria.vargas.2531@customer360.test,+1-555-831-4647,active,25-34,Monterrey,MX,email
Chloe,Renard,chloe.renard.2532@customer360.test,+1-555-832-4684,active,25-34,Paris,FR,push
Nina Sofie,Bos,nina-sofie.bos.2533@customer360.test,+1-555-833-4721,active,35-44,Utrecht,NL,sms
Avery,Parker,avery.parker.2534@customer360.test,+1-555-834-4758,active,55-64,Austin,US,sms
Jonas,Keller,jonas.keller.2535@customer360.test,+1-555-835-4795,active,45-54,Stuttgart,DE,push
Yui,Sato,yui.sato.2536@customer360.test,+1-555-836-4832,active,45-54,Tokyo,JP,sms
Lwazi Lee,Naidoo,lwazi-lee.naidoo.2537@customer360.test,+1-555-837-4869,active,35-44,Gqeberha,ZA,sms
Ishita,Rao,ishita.rao.2538@customer360.test,+1-555-838-4906,active,25-34,Chennai,IN,sms
Emilia Lukas,Brandt,emilia-lukas.brandt.2539@customer360.test,+1-555-839-4943,active,55-64,Berlin,DE,email
Mateo,Iglesias,mateo.iglesias.2540@customer360.test,+1-555-840-4980,active,55-64,Barcelona,ES,sms
Camila,Nogueira,camila.nogueira.2541@customer360.test,+1-555-841-5017,active,25-34,Porto Alegre,BR,sms
Rin,Tanaka,rin.tanaka.2542@customer360.test,+1-555-842-5054,active,55-64,Yokohama,JP,email
Paul Marie,Schneider,paul-marie.schneider.2543@customer360.test,+1-555-843-5091,active,35-44,Cologne,DE,email
Maya,Reed,maya.reed.2544@customer360.test,+1-555-844-5128,inactive,35-44,Philadelphia,US,push
Harper,Foster,harper.foster.2545@customer360.test,+1-555-845-5165,active,45-54,Denver,US,sms
Ines Claire,Lefevre,ines-claire.lefevre.2546@customer360.test,+1-555-846-5202,active,18-24,Lyon,FR,email
Tara,Saxena,tara.saxena.2547@customer360.test,+1-555-847-5239,active,45-54,Jaipur,IN,email
Mariana,Serrano,mariana.serrano.2548@customer360.test,+1-555-848-5276,active,45-54,Monterrey,MX,sms
Sofia Maria,Vega,sofia-maria.vega.2549@customer360.test,+1-555-849-5313,active,25-34,Valencia,ES,email
Valeria Luis,Hernandez,valeria-luis.hernandez.2550@customer360.test,+1-555-850-5350,active,35-44,Puebla,MX,email
Nina,De Vries,nina.de-vries.2551@customer360.test,+1-555-851-5387,active,35-44,Rotterdam,NL,sms
Julian,Mercer,julian.mercer.2552@customer360.test,+1-555-852-5424,active,35-44,Montreal,CA,push
Mei Lin,Goh,mei-lin.goh.2553@customer360.test,+1-555-853-5461,active,55-64,Singapore,SG,email
Haruto,Kato,haruto.kato.2554@customer360.test,+1-555-854-5498,active,35-44,Sapporo,JP,email
Lorenzo,Rossi,lorenzo.rossi.2555@customer360.test,+1-555-855-5535,active,25-34,Turin,IT,sms
Clara Jean,Fontaine,clara-jean.fontaine.2556@customer360.test,+1-555-856-5572,active,35-44,Marseille,FR,push
Sipho Nia,Dlamini,sipho-nia.dlamini.2557@customer360.test,+1-555-857-5609,active,45-54,Pretoria,ZA,push
Noah,Vogel,noah.vogel.2558@customer360.test,+1-555-858-5646,active,25-34,Stuttgart,DE,push
Beatrice,Rossi,beatrice.rossi.2559@customer360.test,+1-555-859-5683,active,18-24,Rome,IT,email
Daniel,Molina,daniel.molina.2560@customer360.test,+1-555-860-5720,active,45-54,Bilbao,ES,push
Taylor,Bailey,taylor.bailey.2561@customer360.test,+1-555-861-5757,active,35-44,Austin,US,push
Ren,Tanaka,ren.tanaka.2562@customer360.test,+1-555-862-5794,active,45-54,Nagoya,JP,sms
Manon Paul,Fontaine,manon-paul.fontaine.2563@customer360.test,+1-555-863-5831,active,25-34,Paris,FR,email
Miles,Brooks,miles.brooks.2564@customer360.test,+1-555-864-5868,active,35-44,Atlanta,US,sms
Felix,Hoffmann,felix.hoffmann.2565@customer360.test,+1-555-865-5905,active,25-34,Leipzig,DE,sms
Valentina,Ribeiro,valentina.ribeiro.2566@customer360.test,+1-555-866-5942,active,35-44,Salvador,BR,email
Maeve,Fournier,maeve.fournier.2567@customer360.test,+1-555-867-5979,active,45-54,Montreal,CA,sms
Ethan Min,Rahman,ethan-min.rahman.2568@customer360.test,+1-555-868-6016,active,35-44,Singapore,SG,sms
Baptiste,Renard,baptiste.renard.2569@customer360.test,+1-555-869-6053,active,35-44,Marseille,FR,push
Haruto,Nakamura,haruto.nakamura.2570@customer360.test,+1-555-870-6090,active,25-34,Tokyo,JP,email
Noah,Campbell,noah.campbell.2571@customer360.test,+1-555-871-6127,active,45-54,Edmonton,CA,sms
Haruto,Kobayashi,haruto.kobayashi.2572@customer360.test,+1-555-872-6164,active,25-34,Yokohama,JP,push
Owen,Mercer,owen.mercer.2573@customer360.test,+1-555-873-6201,active,25-34,Edmonton,CA,push
Sofia,Russell,sofia.russell.2574@customer360.test,+1-555-874-6238,inactive,18-24,Boston,US,email
Elliot,Clarke,elliot.clarke.2575@customer360.test,+1-555-875-6275,active,18-24,Perth,AU,push
Mariana,Cervantes,mariana.cervantes.2576@customer360.test,+1-555-876-6312,active,55-64,Merida,MX,sms
Ethan Rui,Teo,ethan-rui.teo.2577@customer360.test,+1-555-877-6349,active,25-34,Singapore,SG,email
Chloe,Mercer,chloe.mercer.2578@customer360.test,+1-555-878-6386,active,18-24,Toronto,CA,sms
Alejandro,Ortega,alejandro.ortega.2579@customer360.test,+1-555-879-6423,active,45-54,Guadalajara,MX,email
Naomi Alex,Parker,naomi-alex.parker.2580@customer360.test,+1-555-880-6460,active,18-24,Denver,US,sms
Avery,Carter,avery.carter.2581@customer360.test,+1-555-881-6497,active,25-34,Minneapolis,US,push
Manon Luc,Marchand,manon-luc.marchand.2582@customer360.test,+1-555-882-6534,active,25-34,Lyon,FR,push
Daiki,Kato,daiki.kato.2583@customer360.test,+1-555-883-6571,active,25-34,Kyoto,JP,push
Ren,Kobayashi,ren.kobayashi.2584@customer360.test,+1-555-884-6608,active,45-54,Nagoya,JP,sms
Naomi,Bennett,naomi.bennett.2585@customer360.test,+1-555-885-6645,active,25-34,Philadelphia,US,email
Martin,Castro,martin.castro.2586@customer360.test,+1-555-886-6682,active,18-24,Malaga,ES,sms
Leah,Morrison,leah.morrison.2587@customer360.test,+1-555-887-6719,active,35-44,Halifax,CA,push
Emiliano,Navarro,emiliano.navarro.2588@customer360.test,+1-555-888-6756,active,55-64,Queretaro,MX,push
Nandi,Pillay,nandi.pillay.2589@customer360.test,+1-555-889-6793,active,55-64,Cape Town,ZA,email
Thiago,Nogueira,thiago.nogueira.2590@customer360.test,+1-555-890-6830,active,18-24,Porto Alegre,BR,sms
Ethan,Mabena,ethan.mabena.2591@customer360.test,+1-555-891-6867,active,45-54,Pretoria,ZA,sms
Oscar Edward,Fletcher,oscar-edward.fletcher.2592@customer360.test,+1-555-892-6904,active,45-54,Manchester,GB,push
Avery,Parker,avery.parker.2593@customer360.test,+1-555-893-6941,active,35-44,Seattle,US,sms
Nisha,Rao,nisha.rao.2594@customer360.test,+1-555-894-6978,active,35-44,Mumbai,IN,sms
Aarav,Kulkarni,aarav.kulkarni.2595@customer360.test,+1-555-895-7015,active,35-44,Kolkata,IN,email
Chiara,Bianchi,chiara.bianchi.2596@customer360.test,+1-555-896-7052,active,25-34,Palermo,IT,email
Carmen,Molina,carmen.molina.2597@customer360.test,+1-555-897-7089,active,35-44,Valencia,ES,push
Manon,Dubois,manon.dubois.2598@customer360.test,+1-555-898-7126,active,18-24,Paris,FR,email
Oscar,Harrington,oscar.harrington.2599@customer360.test,+1-555-899-7163,active,35-44,Bristol,GB,email
Thiago,Carvalho,thiago.carvalho.2600@customer360.test,+1-555-900-7200,active,25-34,Sao Paulo,BR,push
Oscar,Wallace,oscar.wallace.2601@customer360.test,+1-555-901-7237,active,45-54,Melbourne,AU,sms
Hugo,Cabrera,hugo.cabrera.2602@customer360.test,+1-555-902-7274,active,35-44,Madrid,ES,email
Rin Aya,Kato,rin-aya.kato.2603@customer360.test,+1-555-903-7311,active,35-44,Sapporo,JP,sms
Zara Lee,Reid,zara-lee.reid.2604@customer360.test,+1-555-904-7348,inactive,25-34,Melbourne,AU,push
Sofia,Brooks,sofia.brooks.2605@customer360.test,+1-555-905-7385,active,25-34,Boston,US,push
Reyansh,Desai,reyansh.desai.2606@customer360.test,+1-555-906-7422,active,35-44,Kolkata,IN,email
Arthur Paul,Rousseau,arthur-paul.rousseau.2607@customer360.test,+1-555-907-7459,active,25-34,Bordeaux,FR,sms
Oscar,Morgan,oscar.morgan.2608@customer360.test,+1-555-908-7496,active,55-64,Sydney,AU,push
Camille,Gauthier,camille.gauthier.2609@customer360.test,+1-555-909-7533,active,25-34,Montreal,CA,push
Mateo,Serrano,mateo.serrano.2610@customer360.test,+1-555-910-7570,active,45-54,Merida,MX,email
Amelie,Keller,amelie.keller.2611@customer360.test,+1-555-911-7607,active,18-24,Frankfurt,DE,push
Valeria Carmen,Vega,valeria-carmen.vega.2612@customer360.test,+1-555-912-7644,active,45-54,Bilbao,ES,email
Lachlan,Cameron,lachlan.cameron.2613@customer360.test,+1-555-913-7681,active,55-64,Hobart,AU,push
Reyansh Dev,Menon,reyansh-dev.menon.2614@customer360.test,+1-555-914-7718,active,35-44,Bengaluru,IN,email
Imogen Rose,Mercer,imogen-rose.mercer.2615@customer360.test,+1-555-915-7755,active,35-44,Bristol,GB,email
Helena Luiz,Carvalho,helena-luiz.carvalho.2616@customer360.test,+1-555-916-7792,inactive,45-54,Brasilia,BR,email
Amelie,Morrison,amelie.morrison.2617@customer360.test,+1-555-917-7829,active,18-24,Halifax,CA,push
Jonas,Fischer,jonas.fischer.2618@customer360.test,+1-555-918-7866,active,35-44,Cologne,DE,email
Clara,Poirier,clara.poirier.2619@customer360.test,+1-555-919-7903,active,18-24,Ottawa,CA,push
Baptiste,Dubois,baptiste.dubois.2620@customer360.test,+1-555-920-7940,active,18-24,Toulouse,FR,push
Dylan,Foster,dylan.foster.2621@customer360.test,+1-555-921-7977,active,45-54,Austin,US,sms
Valeria,Morales,valeria.morales.2622@customer360.test,+1-555-922-8014,active,25-34,Merida,MX,email
Mariana,Navarro,mariana.navarro.2623@customer360.test,+1-555-923-8051,active,35-44,Merida,MX,email
Aditi,Desai,aditi.desai.2624@customer360.test,+1-555-924-8088,active,45-54,Kolkata,IN,sms
Renata,Hernandez,renata.hernandez.2625@customer360.test,+1-555-925-8125,active,35-44,Merida,MX,sms
Amelie,Fontaine,amelie.fontaine.2626@customer360.test,+1-555-926-8162,active,18-24,Nantes,FR,email
Theo,Fletcher,theo.fletcher.2627@customer360.test,+1-555-927-8199,active,35-44,Leeds,GB,email
Diego,Morales,diego.morales.2628@customer360.test,+1-555-928-8236,active,45-54,Queretaro,MX,push
Isla,Mercer,isla.mercer.2629@customer360.test,+1-555-929-8273,active,35-44,Manchester,GB,email
Sana,Nair,sana.nair.2630@customer360.test,+1-555-930-8310,active,35-44,Kolkata,IN,sms
Theo,Mercer,theo.mercer.2631@customer360.test,+1-555-931-8347,active,25-34,Calgary,CA,push
Zoe,Collins,zoe.collins.2632@customer360.test,+1-555-932-8384,active,35-44,Atlanta,US,sms
Thabo,Van Wyk,thabo.van-wyk.2633@customer360.test,+1-555-933-8421,inactive,25-34,Cape Town,ZA,push
Luiza,Carvalho,luiza.carvalho.2634@customer360.test,+1-555-934-8458,active,45-54,Rio de Janeiro,BR,email
Javier,Cervantes,javier.cervantes.2635@customer360.test,+1-555-935-8495,active,25-34,Queretaro,MX,email
Elena,Vargas,elena.vargas.2636@customer360.test,+1-555-936-8532,active,25-34,Queretaro,MX,sms
Ishita,Nair,ishita.nair.2637@customer360.test,+1-555-937-8569,active,25-34,Hyderabad,IN,push
Amelie Claire,Beaulieu,amelie-claire.beaulieu.2638@customer360.test,+1-555-938-8606,active,18-24,Montreal,CA,push
Haruto,Ito,haruto.ito.2639@customer360.test,+1-555-939-8643,active,35-44,Fukuoka,JP,email
Clara,Neumann,clara.neumann.2640@customer360.test,+1-555-940-8680,active,25-34,Munich,DE,push
Arthur,Chapman,arthur.chapman.2641@customer360.test,+1-555-941-8717,active,45-54,Birmingham,GB,push
Sienna,Morgan,sienna.morgan.2642@customer360.test,+1-555-942-8754,active,25-34,Brisbane,AU,push
Leah,Bouchard,leah.bouchard.2643@customer360.test,+1-555-943-8791,active,25-34,Edmonton,CA,email
Reyansh,Menon,reyansh.menon.2644@customer360.test,+1-555-944-8828,active,45-54,Chennai,IN,email
Kavya Riya,Nair,kavya-riya.nair.2645@customer360.test,+1-555-945-8865,active,25-34,Chennai,IN,email
Vega,Rojas,vega.rojas.2646@customer360.test,+1-555-946-8902,active,45-54,Barcelona,ES,sms
Finn,Cameron,finn.cameron.2647@customer360.test,+1-555-947-8939,active,18-24,Canberra,AU,email
Caleb,Mitchell,caleb.mitchell.2648@customer360.test,+1-555-948-8976,active,18-24,Chicago,US,sms
Evie,Lawson,evie.lawson.2649@customer360.test,+1-555-949-9013,active,55-64,Glasgow,GB,push
Ethan Lee,Cooper,ethan-lee.cooper.2650@customer360.test,+1-555-950-9050,active,35-44,Boston,US,email
Jack Rose,Cameron,jack-rose.cameron.2651@customer360.test,+1-555-951-9087,active,45-54,Hobart,AU,sms
Zoe Alex,Russell,zoe-alex.russell.2652@customer360.test,+1-555-952-9124,active,25-34,Minneapolis,US,sms
Maeve,Bennett,maeve.bennett.2653@customer360.test,+1-555-953-9161,active,18-24,Edmonton,CA,email
Mateo,Rojas,mateo.rojas.2654@customer360.test,+1-555-954-9198,active,35-44,Bilbao,ES,sms
Mei Ken,Kobayashi,mei-ken.kobayashi.2655@customer360.test,+1-555-955-9235,active,18-24,Yokohama,JP,sms
Thabo,Pillay,thabo.pillay.2656@customer360.test,+1-555-956-9272,active,35-44,Bloemfontein,ZA,email
Elliot,Bennett,elliot.bennett.2657@customer360.test,+1-555-957-9309,active,45-54,Sydney,AU,email
Mei,Yamamoto,mei.yamamoto.2658@customer360.test,+1-555-958-9346,active,45-54,Sapporo,JP,push
Alfie,Ellis,alfie.ellis.2659@customer360.test,+1-555-959-9383,active,25-34,Leeds,GB,push
Amelia,Harrington,amelia.harrington.2660@customer360.test,+1-555-960-9420,active,45-54,Glasgow,GB,push
Kabir,Kapoor,kabir.kapoor.2661@customer360.test,+1-555-961-9457,active,35-44,Jaipur,IN,sms
Logan,Carter,logan.carter.2662@customer360.test,+1-555-962-9494,active,18-24,Denver,US,email
Nora,Parker,nora.parker.2663@customer360.test,+1-555-963-9531,active,18-24,Denver,US,email
Diya,Mehta,diya.mehta.2664@customer360.test,+1-555-964-9568,active,35-44,Mumbai,IN,email
Ethan,Maseko,ethan.maseko.2665@customer360.test,+1-555-965-9605,active,25-34,Gqeberha,ZA,sms
Alejandro,Hernandez,alejandro.hernandez.2666@customer360.test,+1-555-966-9642,active,25-34,Guadalajara,MX,push
Cheryl,Lim,cheryl.lim.2667@customer360.test,+1-555-967-9679,active,35-44,Singapore,SG,push
Sipho James,Maseko,sipho-james.maseko.2668@customer360.test,+1-555-968-9716,active,35-44,Bloemfontein,ZA,email
Haruto,Takahashi,haruto.takahashi.2669@customer360.test,+1-555-969-9753,active,25-34,Fukuoka,JP,push
Lachlan Grace,Cameron,lachlan-grace.cameron.2670@customer360.test,+1-555-970-9790,active,18-24,Brisbane,AU,email
Mateo,Vargas,mateo.vargas.2671@customer360.test,+1-555-971-9827,active,25-34,Guadalajara,MX,email
Isla James,Whitmore,isla-james.whitmore.2672@customer360.test,+1-555-972-9864,active,55-64,Bristol,GB,push
Ren Aya,Suzuki,ren-aya.suzuki.2673@customer360.test,+1-555-973-9901,active,45-54,Nagoya,JP,sms
Lucia,Delgado,lucia.delgado.2674@customer360.test,+1-555-974-9938,active,45-54,Mexico City,MX,sms
Riku Miki,Ito,riku-miki.ito.2675@customer360.test,+1-555-975-9975,active,45-54,Yokohama,JP,sms
Amelie,Girard,amelie.girard.2676@customer360.test,+1-555-976-1012,active,18-24,Lyon,FR,push
Oscar,Hughes,oscar.hughes.2677@customer360.test,+1-555-977-1049,active,45-54,Edinburgh,GB,push
Elena,Molina,elena.molina.2678@customer360.test,+1-555-978-1086,active,55-64,Valencia,ES,sms
Zara,McKenzie,zara.mckenzie.2679@customer360.test,+1-555-979-1123,active,25-34,Melbourne,AU,email
Aoi,Nakamura,aoi.nakamura.2680@customer360.test,+1-555-980-1160,active,45-54,Osaka,JP,email
Aarav,Rao,aarav.rao.2681@customer360.test,+1-555-981-1197,active,18-24,Ahmedabad,IN,push
Jia En,Ng,jia-en.ng.2682@customer360.test,+1-555-982-1234,active,35-44,Singapore,SG,email
Theo,Griffiths,theo.griffiths.2683@customer360.test,+1-555-983-1271,active,45-54,Leeds,GB,sms
Pedro,Ribeiro,pedro.ribeiro.2684@customer360.test,+1-555-984-1308,active,25-34,Brasilia,BR,email
Lena,Turner,lena.turner.2685@customer360.test,+1-555-985-1345,active,18-24,Portland,US,push
Ishita Neel,Nair,ishita-neel.nair.2686@customer360.test,+1-555-986-1382,active,35-44,Kochi,IN,sms
Aditi Riya,Sharma,aditi-riya.sharma.2687@customer360.test,+1-555-987-1419,active,45-54,Kochi,IN,push
Yuto,Yamamoto,yuto.yamamoto.2688@customer360.test,+1-555-988-1456,active,18-24,Yokohama,JP,sms
Clara Paul,Dubois,clara-paul.dubois.2689@customer360.test,+1-555-989-1493,active,35-44,Paris,FR,email
Sipho,Pillay,sipho.pillay.2690@customer360.test,+1-555-990-1530,active,55-64,Bloemfontein,ZA,sms
Ruby Rose,Mercer,ruby-rose.mercer.2691@customer360.test,+1-555-991-1567,active,25-34,Glasgow,GB,push
Lucia,Serrano,lucia.serrano.2692@customer360.test,+1-555-992-1604,active,18-24,Bilbao,ES,sms
Julian Anne,Lavoie,julian-anne.lavoie.2693@customer360.test,+1-555-993-1641,active,25-34,Vancouver,CA,push
Maisie Edward,Hughes,maisie-edward.hughes.2694@customer360.test,+1-555-994-1678,active,25-34,London,GB,email
Rin,Yamada,rin.yamada.2695@customer360.test,+1-555-995-1715,active,25-34,Tokyo,JP,push
Camila,Vargas,camila.vargas.2696@customer360.test,+1-555-996-1752,active,25-34,Monterrey,MX,push
Meera,Sharma,meera.sharma.2697@customer360.test,+1-555-997-1789,active,35-44,Chennai,IN,sms
Lucia,Iglesias,lucia.iglesias.2698@customer360.test,+1-555-998-1826,inactive,45-54,Valencia,ES,email
Camille,Marchand,camille.marchand.2699@customer360.test,+1-555-999-1863,active,25-34,Bordeaux,FR,push
Ishita,Sharma,ishita.sharma.2700@customer360.test,+1-555-100-1900,active,35-44,Jaipur,IN,push
Finn Pieter,De Vries,finn-pieter.de-vries.2701@customer360.test,+1-555-101-1937,active,45-54,Rotterdam,NL,push
Mila,Poirier,mila.poirier.2702@customer360.test,+1-555-102-1974,active,25-34,Calgary,CA,sms
Jesse,Bos,jesse.bos.2703@customer360.test,+1-555-103-2011,inactive,55-64,Amsterdam,NL,push
Lwazi Grace,Jacobs,lwazi-grace.jacobs.2704@customer360.test,+1-555-104-2048,active,35-44,Johannesburg,ZA,email
Arthur,Mercier,arthur.mercier.2705@customer360.test,+1-555-105-2085,active,18-24,Marseille,FR,sms
Caio,Ribeiro,caio.ribeiro.2706@customer360.test,+1-555-106-2122,active,35-44,Salvador,BR,push
Beatriz,Nogueira,beatriz.nogueira.2707@customer360.test,+1-555-107-2159,active,45-54,Porto Alegre,BR,email
Lerato,Naidoo,lerato.naidoo.2708@customer360.test,+1-555-108-2196,active,55-64,Pretoria,ZA,push
Oscar,Bennett,oscar.bennett.2709@customer360.test,+1-555-109-2233,active,45-54,Adelaide,AU,email
Caleb,Brooks,caleb.brooks.2710@customer360.test,+1-555-110-2270,active,45-54,Boston,US,email
Hugo Maria,Garcia,hugo-maria.garcia.2711@customer360.test,+1-555-111-2307,active,18-24,Bilbao,ES,push
Nana,Yoshida,nana.yoshida.2712@customer360.test,+1-555-112-2344,active,18-24,Tokyo,JP,push
Paul,Keller,paul.keller.2713@customer360.test,+1-555-113-2381,active,18-24,Leipzig,DE,email
Gabriel,Chevalier,gabriel.chevalier.2714@customer360.test,+1-555-114-2418,active,35-44,Paris,FR,email
Gabriel,Fontaine,gabriel.fontaine.2715@customer360.test,+1-555-115-2455,active,25-34,Marseille,FR,sms
Marie Lukas,Vogel,marie-lukas.vogel.2716@customer360.test,+1-555-116-2492,active,35-44,Stuttgart,DE,email
Nora,Ward,nora.ward.2717@customer360.test,+1-555-117-2529,active,45-54,Denver,US,email
Nur,Ng,nur.ng.2718@customer360.test,+1-555-118-2566,active,45-54,Singapore,SG,sms
Marco,Rossi,marco.rossi.2719@customer360.test,+1-555-119-2603,active,35-44,Florence,IT,push
Arjun,Malhotra,arjun.malhotra.2720@customer360.test,+1-555-120-2640,active,18-24,Kolkata,IN,sms
Clara,Brandt,clara.brandt.2721@customer360.test,+1-555-121-2677,active,45-54,Frankfurt,DE,push
Daan,De Boer,daan.de-boer.2722@customer360.test,+1-555-122-2714,active,35-44,Utrecht,NL,email
Lucia,Rojas,lucia.rojas.2723@customer360.test,+1-555-123-2751,active,25-34,Valencia,ES,email
Harper,Mitchell,harper.mitchell.2724@customer360.test,+1-555-124-2788,active,55-64,Atlanta,US,push
Avery,Brooks,avery.brooks.2725@customer360.test,+1-555-125-2825,active,25-34,San Diego,US,sms
Riley,Ward,riley.ward.2726@customer360.test,+1-555-126-2862,active,18-24,Denver,US,sms
Beatriz,Costa,beatriz.costa.2727@customer360.test,+1-555-127-2899,active,55-64,Recife,BR,push
Lorenzo Anna,Gallo,lorenzo-anna.gallo.2728@customer360.test,+1-555-128-2936,active,18-24,Naples,IT,push
Camille,Poirier,camille.poirier.2729@customer360.test,+1-555-129-2973,active,45-54,Ottawa,CA,email
Naledi,Mthembu,naledi.mthembu.2730@customer360.test,+1-555-130-3010,active,45-54,Johannesburg,ZA,email
Finn James,Clarke,finn-james.clarke.2731@customer360.test,+1-555-131-3047,active,45-54,Brisbane,AU,push
Nadia,Chua,nadia.chua.2732@customer360.test,+1-555-132-3084,active,18-24,Singapore,SG,email
Morgan,Bennett,morgan.bennett.2733@customer360.test,+1-555-133-3121,active,25-34,Atlanta,US,sms
Clara Luc,Dubois,clara-luc.dubois.2734@customer360.test,+1-555-134-3158,active,35-44,Lille,FR,push
Isla,Whitmore,isla.whitmore.2735@customer360.test,+1-555-135-3195,active,25-34,Birmingham,GB,email
Hugo,Ortega,hugo.ortega.2736@customer360.test,+1-555-136-3232,active,45-54,Madrid,ES,email
Reyansh,Kapoor,reyansh.kapoor.2737@customer360.test,+1-555-137-3269,inactive,45-54,Jaipur,IN,push
Arthur,Chevalier,arthur.chevalier.2738@customer360.test,+1-555-138-3306,inactive,35-44,Lille,FR,push
Luiza,Barbosa,luiza.barbosa.2739@customer360.test,+1-555-139-3343,inactive,45-54,Recife,BR,push
Liam,Poirier,liam.poirier.2740@customer360.test,+1-555-140-3380,active,25-34,Toronto,CA,sms
Finn,Vos,finn.vos.2741@customer360.test,+1-555-141-3417,active,25-34,Eindhoven,NL,email
Rohan,Desai,rohan.desai.2742@customer360.test,+1-555-142-3454,active,45-54,Ahmedabad,IN,sms
Noah,Fournier,noah.fournier.2743@customer360.test,+1-555-143-3491,active,35-44,Toronto,CA,push
Mila,Schneider,mila.schneider.2744@customer360.test,+1-555-144-3528,active,35-44,Frankfurt,DE,email
Carmen,Vidal,carmen.vidal.2745@customer360.test,+1-555-145-3565,active,25-34,Seville,ES,email
Oliver,Ellis,oliver.ellis.2746@customer360.test,+1-555-146-3602,inactive,35-44,Manchester,GB,sms
Zoe,Carter,zoe.carter.2747@customer360.test,+1-555-147-3639,active,25-34,Chicago,US,push
Oscar,Cameron,oscar.cameron.2748@customer360.test,+1-555-148-3676,active,55-64,Sydney,AU,sms
Grace Rose,Hughes,grace-rose.hughes.2749@customer360.test,+1-555-149-3713,active,45-54,Hobart,AU,push
Elisa,Conti,elisa.conti.2750@customer360.test,+1-555-150-3750,active,25-34,Palermo,IT,push
Vega,Ortega,vega.ortega.2751@customer360.test,+1-555-151-3787,active,35-44,Malaga,ES,push
Hui Min,Ong,hui-min.ong.2752@customer360.test,+1-555-152-3824,active,55-64,Singapore,SG,sms
Leonardo,Ferrari,leonardo.ferrari.2753@customer360.test,+1-555-153-3861,active,18-24,Turin,IT,sms
Daniel,Rios,daniel.rios.2754@customer360.test,+1-555-154-3898,active,25-34,Merida,MX,sms
Arthur,Lefevre,arthur.lefevre.2755@customer360.test,+1-555-155-3935,inactive,18-24,Bordeaux,FR,sms
Valentina,Oliveira,valentina.oliveira.2756@customer360.test,+1-555-156-3972,active,55-64,Curitiba,BR,sms
Leon,Richter,leon.richter.2757@customer360.test,+1-555-157-4009,active,45-54,Munich,DE,email
Theo,Ellis,theo.ellis.2758@customer360.test,+1-555-158-4046,active,18-24,London,GB,sms
Mateo,Navarro,mateo.navarro.2759@customer360.test,+1-555-159-4083,active,25-34,Monterrey,MX,sms
Kabir,Desai,kabir.desai.2760@customer360.test,+1-555-160-4120,active,35-44,Jaipur,IN,push
Marcus,Lim,marcus.lim.2761@customer360.test,+1-555-161-4157,active,45-54,Singapore,SG,sms
Aiden,Naidoo,aiden.naidoo.2762@customer360.test,+1-555-162-4194,active,18-24,Gqeberha,ZA,email
Martin,Vidal,martin.vidal.2763@customer360.test,+1-555-163-4231,active,35-44,Malaga,ES,push
Javier,Ortega,javier.ortega.2764@customer360.test,+1-555-164-4268,active,35-44,Mexico City,MX,email
Ayanda,Pillay,ayanda.pillay.2765@customer360.test,+1-555-165-4305,active,25-34,Durban,ZA,sms
Meera,Chatterjee,meera.chatterjee.2766@customer360.test,+1-555-166-4342,inactive,55-64,Kolkata,IN,email
Dylan,Parker,dylan.parker.2767@customer360.test,+1-555-167-4379,active,45-54,Portland,US,email
Enzo,Ferreira,enzo.ferreira.2768@customer360.test,+1-555-168-4416,active,18-24,Brasilia,BR,sms
Liam,Gauthier,liam.gauthier.2769@customer360.test,+1-555-169-4453,active,45-54,Ottawa,CA,push
Diego,Molina,diego.molina.2770@customer360.test,+1-555-170-4490,active,18-24,Malaga,ES,push
Sakura,Takahashi,sakura.takahashi.2771@customer360.test,+1-555-171-4527,active,35-44,Nagoya,JP,push
Pablo Jose,Ortega,pablo-jose.ortega.2772@customer360.test,+1-555-172-4564,active,25-34,Valencia,ES,sms
Sanne,Bakker,sanne.bakker.2773@customer360.test,+1-555-173-4601,inactive,45-54,Rotterdam,NL,email
Oscar,Sinclair,oscar.sinclair.2774@customer360.test,+1-555-174-4638,active,55-64,Bristol,GB,sms
Amelie,Mercer,amelie.mercer.2775@customer360.test,+1-555-175-4675,active,18-24,Montreal,CA,push
Zoe,Cooper,zoe.cooper.2776@customer360.test,+1-555-176-4712,inactive,25-34,Atlanta,US,sms
Nisha,Bhat,nisha.bhat.2777@customer360.test,+1-555-177-4749,active,25-34,Jaipur,IN,sms
Avery,Cooper,avery.cooper.2778@customer360.test,+1-555-178-4786,active,55-64,Atlanta,US,sms
Grace,Sullivan,grace.sullivan.2779@customer360.test,+1-555-179-4823,active,45-54,Hobart,AU,sms
Finn,Hartmann,finn.hartmann.2780@customer360.test,+1-555-180-4860,active,45-54,Hamburg,DE,email
Valentina,Nogueira,valentina.nogueira.2781@customer360.test,+1-555-181-4897,active,25-34,Rio de Janeiro,BR,email
Valeria,Rios,valeria.rios.2782@customer360.test,+1-555-182-4934,inactive,45-54,Guadalajara,MX,push
Ethan,Botha,ethan.botha.2783@customer360.test,+1-555-183-4971,active,25-34,Gqeberha,ZA,email
Riley Kai,Bailey,riley-kai.bailey.2784@customer360.test,+1-555-184-5008,active,35-44,Portland,US,push
Diego,Navarro,diego.navarro.2785@customer360.test,+1-555-185-5045,active,45-54,Malaga,ES,email
Ishaan,Desai,ishaan.desai.2786@customer360.test,+1-555-186-5082,active,35-44,Jaipur,IN,push
Marco,Esposito,marco.esposito.2787@customer360.test,+1-555-187-5119,active,18-24,Bologna,IT,email
Mila,Hoffmann,mila.hoffmann.2788@customer360.test,+1-555-188-5156,active,25-34,Berlin,DE,email
Daniel,Hernandez,daniel.hernandez.2789@customer360.test,+1-555-189-5193,active,35-44,Monterrey,MX,email
Lena,Kruger,lena.kruger.2790@customer360.test,+1-555-190-5230,active,25-34,Frankfurt,DE,email
Elena,Castillo,elena.castillo.2791@customer360.test,+1-555-191-5267,active,35-44,Mexico City,MX,email
Beatrice,Romano,beatrice.romano.2792@customer360.test,+1-555-192-5304,active,35-44,Palermo,IT,push
Luiza Maria,Costa,luiza-maria.costa.2793@customer360.test,+1-555-193-5341,active,35-44,Rio de Janeiro,BR,email
Emilia,Richter,emilia.richter.2794@customer360.test,+1-555-194-5378,active,35-44,Leipzig,DE,push
Lucas Jan,Bos,lucas-jan.bos.2795@customer360.test,+1-555-195-5415,active,35-44,The Hague,NL,email
Zoe,Hayes,zoe.hayes.2796@customer360.test,+1-555-196-5452,active,25-34,Boston,US,sms
Lerato Lee,Mabena,lerato-lee.mabena.2797@customer360.test,+1-555-197-5489,active,45-54,Cape Town,ZA,push
Naomi,Russell,naomi.russell.2798@customer360.test,+1-555-198-5526,active,35-44,Chicago,US,push
Evie,Bennett,evie.bennett.2799@customer360.test,+1-555-199-5563,active,18-24,Glasgow,GB,sms
Beatrice,Conti,beatrice.conti.2800@customer360.test,+1-555-200-5600,active,25-34,Florence,IT,push
Bram,Jansen,bram.jansen.2801@customer360.test,+1-555-201-5637,active,18-24,Groningen,NL,push
Ryan Wei,Wong,ryan-wei.wong.2802@customer360.test,+1-555-202-5674,active,25-34,Singapore,SG,sms
Ruby,Ellis,ruby.ellis.2803@customer360.test,+1-555-203-5711,active,25-34,Bristol,GB,sms
Diya,Kapoor,diya.kapoor.2804@customer360.test,+1-555-204-5748,active,25-34,Chennai,IN,push
Lena,Richter,lena.richter.2805@customer360.test,+1-555-205-5785,active,35-44,Leipzig,DE,sms
Sophie,Lavoie,sophie.lavoie.2806@customer360.test,+1-555-206-5822,inactive,18-24,Vancouver,CA,push
Pedro,Carvalho,pedro.carvalho.2807@customer360.test,+1-555-207-5859,active,45-54,Salvador,BR,push
Carmen,Vega,carmen.vega.2808@customer360.test,+1-555-208-5896,active,45-54,Bilbao,ES,sms
Ethan,Foster,ethan.foster.2809@customer360.test,+1-555-209-5933,active,25-34,Portland,US,email
Evie,Sinclair,evie.sinclair.2810@customer360.test,+1-555-210-5970,active,25-34,Manchester,GB,email
Zoe Marie,Bailey,zoe-marie.bailey.2811@customer360.test,+1-555-211-6007,active,25-34,Seattle,US,push
Daniel,Navarro,daniel.navarro.2812@customer360.test,+1-555-212-6044,active,55-64,Guadalajara,MX,email
Oliver,Whitmore,oliver.whitmore.2813@customer360.test,+1-555-213-6081,active,25-34,London,GB,sms
Parker,Morgan,parker.morgan.2814@customer360.test,+1-555-214-6118,active,25-34,Philadelphia,US,email
Chloe,Sinclair,chloe.sinclair.2815@customer360.test,+1-555-215-6155,active,25-34,Calgary,CA,email
Mei Aya,Nakamura,mei-aya.nakamura.2816@customer360.test,+1-555-216-6192,active,45-54,Nagoya,JP,push
Amelie,Blanc,amelie.blanc.2817@customer360.test,+1-555-217-6229,active,35-44,Lille,FR,email
Matilda Rose,Sullivan,matilda-rose.sullivan.2818@customer360.test,+1-555-218-6266,active,35-44,Brisbane,AU,sms
Miles,Hayes,miles.hayes.2819@customer360.test,+1-555-219-6303,active,25-34,Portland,US,sms
Diya,Iyer,diya.iyer.2820@customer360.test,+1-555-220-6340,active,35-44,Kochi,IN,email
Ren Hiro,Yamamoto,ren-hiro.yamamoto.2821@customer360.test,+1-555-221-6377,active,55-64,Kyoto,JP,push
Callum,Sullivan,callum.sullivan.2822@customer360.test,+1-555-222-6414,active,25-34,Brisbane,AU,push
Sienna Lee,Anderson,sienna-lee.anderson.2823@customer360.test,+1-555-223-6451,active,18-24,Brisbane,AU,sms
Finn,Meijer,finn.meijer.2824@customer360.test,+1-555-224-6488,active,25-34,The Hague,NL,push
Caleb Alex,Reed,caleb-alex.reed.2825@customer360.test,+1-555-225-6525,active,55-64,Denver,US,push
Owen,Gauthier,owen.gauthier.2826@customer360.test,+1-555-226-6562,active,18-24,Toronto,CA,email
Theo,Beaulieu,theo.beaulieu.2827@customer360.test,+1-555-227-6599,active,25-34,Vancouver,CA,push
Jia En Min,Goh,jia-en-min.goh.2828@customer360.test,+1-555-228-6636,active,45-54,Singapore,SG,sms
Rafael Maria,Barbosa,rafael-maria.barbosa.2829@customer360.test,+1-555-229-6673,active,35-44,Brasilia,BR,push
George,Lawson,george.lawson.2830@customer360.test,+1-555-230-6710,active,35-44,Bristol,GB,push
Lwazi,Mokoena,lwazi.mokoena.2831@customer360.test,+1-555-231-6747,active,35-44,Cape Town,ZA,push
Sana,Iyer,sana.iyer.2832@customer360.test,+1-555-232-6784,active,35-44,Chennai,IN,email
Vihaan,Saxena,vihaan.saxena.2833@customer360.test,+1-555-233-6821,active,35-44,Chennai,IN,sms
Aarav,Nair,aarav.nair.2834@customer360.test,+1-555-234-6858,inactive,25-34,Hyderabad,IN,sms
Leonie,Renard,leonie.renard.2835@customer360.test,+1-555-235-6895,active,35-44,Bordeaux,FR,sms
Camille Louis,Lavoie,camille-louis.lavoie.2836@customer360.test,+1-555-236-6932,active,25-34,Halifax,CA,sms
Hui Min,Rahman,hui-min.rahman.2837@customer360.test,+1-555-237-6969,active,45-54,Singapore,SG,email
Amelie,Fraser,amelie.fraser.2838@customer360.test,+1-555-238-7006,active,35-44,Ottawa,CA,email
Owen,Fraser,owen.fraser.2839@customer360.test,+1-555-239-7043,active,35-44,Montreal,CA,push
Sofia,Vidal,sofia.vidal.2840@customer360.test,+1-555-240-7080,active,25-34,Madrid,ES,sms
Hannah,Kruger,hannah.kruger.2841@customer360.test,+1-555-241-7117,active,45-54,Frankfurt,DE,sms
Lena,Hayes,lena.hayes.2842@customer360.test,+1-555-242-7154,active,25-34,Portland,US,push
Mateo,Mendoza,mateo.mendoza.2843@customer360.test,+1-555-243-7191,active,55-64,Monterrey,MX,push
Mariana,Ribeiro,mariana.ribeiro.2844@customer360.test,+1-555-244-7228,active,35-44,Porto Alegre,BR,push
Hamish Grace,Hayes,hamish-grace.hayes.2845@customer360.test,+1-555-245-7265,active,25-34,Canberra,AU,email
Mariana,Mendes,mariana.mendes.2846@customer360.test,+1-555-246-7302,active,45-54,Porto Alegre,BR,push
Theo,Moreau,theo.moreau.2847@customer360.test,+1-555-247-7339,active,45-54,Lille,FR,push
Amelie,Bouchard,amelie.bouchard.2848@customer360.test,+1-555-248-7376,active,35-44,Montreal,CA,email
Finn,Anderson,finn.anderson.2849@customer360.test,+1-555-249-7413,active,45-54,Adelaide,AU,email
Aditya Dev,Joshi,aditya-dev.joshi.2850@customer360.test,+1-555-250-7450,active,25-34,Chennai,IN,email
Eva,De Vries,eva.de-vries.2851@customer360.test,+1-555-251-7487,active,25-34,Groningen,NL,email
Theo,Sinclair,theo.sinclair.2852@customer360.test,+1-555-252-7524,active,45-54,Edinburgh,GB,email
Caleb Grace,Reed,caleb-grace.reed.2853@customer360.test,+1-555-253-7561,active,35-44,Denver,US,email
Kavya,Sharma,kavya.sharma.2854@customer360.test,+1-555-254-7598,active,45-54,Ahmedabad,IN,email
Quinn,Bennett,quinn.bennett.2855@customer360.test,+1-555-255-7635,active,25-34,Chicago,US,push
Aditi,Kulkarni,aditi.kulkarni.2856@customer360.test,+1-555-256-7672,active,18-24,Chennai,IN,sms
Aditya,Malhotra,aditya.malhotra.2857@customer360.test,+1-555-257-7709,active,55-64,Chennai,IN,sms
Avery Marie,Reed,avery-marie.reed.2858@customer360.test,+1-555-258-7746,active,45-54,Boston,US,push
Sienna,Hayes,sienna.hayes.2859@customer360.test,+1-555-259-7783,active,35-44,Perth,AU,push
Emilia,Fischer,emilia.fischer.2860@customer360.test,+1-555-260-7820,active,25-34,Munich,DE,email
Neo,Nkosi,neo.nkosi.2861@customer360.test,+1-555-261-7857,active,45-54,Durban,ZA,email
Marcus,Wong,marcus.wong.2862@customer360.test,+1-555-262-7894,active,35-44,Singapore,SG,email
Leon,Kruger,leon.kruger.2863@customer360.test,+1-555-263-7931,active,35-44,Stuttgart,DE,push
Maeve,Bennett,maeve.bennett.2864@customer360.test,+1-555-264-7968,active,45-54,Montreal,CA,sms
Leo Luis,Garcia,leo-luis.garcia.2865@customer360.test,+1-555-265-8005,active,25-34,Seville,ES,email
Ethan,Lim,ethan.lim.2866@customer360.test,+1-555-266-8042,active,25-34,Singapore,SG,email
Renata,Rios,renata.rios.2867@customer360.test,+1-555-267-8079,active,55-64,Puebla,MX,push
Siti,Lim,siti.lim.2868@customer360.test,+1-555-268-8116,active,25-34,Singapore,SG,push
Jordan,Carter,jordan.carter.2869@customer360.test,+1-555-269-8153,active,25-34,Chicago,US,push
Naomi,Mitchell,naomi.mitchell.2870@customer360.test,+1-555-270-8190,active,25-34,Chicago,US,sms
Ryan Rui,Tan,ryan-rui.tan.2871@customer360.test,+1-555-271-8227,active,18-24,Singapore,SG,sms
Maximilian,Fischer,maximilian.fischer.2872@customer360.test,+1-555-272-8264,active,45-54,Frankfurt,DE,push
Cameron Marie,Cooper,cameron-marie.cooper.2873@customer360.test,+1-555-273-8301,active,55-64,Atlanta,US,push
Aiden,Mabena,aiden.mabena.2874@customer360.test,+1-555-274-8338,active,18-24,Cape Town,ZA,sms
Ryan,Rahman,ryan.rahman.2875@customer360.test,+1-555-275-8375,active,25-34,Singapore,SG,email
Parker Rose,Bennett,parker-rose.bennett.2876@customer360.test,+1-555-276-8412,inactive,35-44,Seattle,US,sms
Kaito,Nakamura,kaito.nakamura.2877@customer360.test,+1-555-277-8449,active,25-34,Sapporo,JP,sms
Liam,Bouchard,liam.bouchard.2878@customer360.test,+1-555-278-8486,inactive,25-34,Toronto,CA,sms
Alfie,Fletcher,alfie.fletcher.2879@customer360.test,+1-555-279-8523,active,25-34,Bristol,GB,sms
Imogen James,Sinclair,imogen-james.sinclair.2880@customer360.test,+1-555-280-8560,active,55-64,Manchester,GB,email
Alice,Costa,alice.costa.2881@customer360.test,+1-555-281-8597,active,25-34,Palermo,IT,email
Noah,Mercer,noah.mercer.2882@customer360.test,+1-555-282-8634,active,25-34,Vancouver,CA,email
Luiza,Carvalho,luiza.carvalho.2883@customer360.test,+1-555-283-8671,active,25-34,Brasilia,BR,email
Freya,Harrington,freya.harrington.2884@customer360.test,+1-555-284-8708,active,45-54,Leeds,GB,email
Beatriz,Teixeira,beatriz.teixeira.2885@customer360.test,+1-555-285-8745,active,45-54,Salvador,BR,email
Imogen Louise,Hughes,imogen-louise.hughes.2886@customer360.test,+1-555-286-8782,active,18-24,Bristol,GB,email
Pablo,Cabrera,pablo.cabrera.2887@customer360.test,+1-555-287-8819,active,35-44,Seville,ES,push
Arjun,Tan,arjun.tan.2888@customer360.test,+1-555-288-8856,active,18-24,Singapore,SG,sms
Bram,De Vries,bram.de-vries.2889@customer360.test,+1-555-289-8893,active,45-54,Utrecht,NL,sms
Felix,Kruger,felix.kruger.2890@customer360.test,+1-555-290-8930,active,55-64,Stuttgart,DE,sms
Tommaso,Lombardi,tommaso.lombardi.2891@customer360.test,+1-555-291-8967,active,25-34,Naples,IT,push
Camila Luiz,Barbosa,camila-luiz.barbosa.2892@customer360.test,+1-555-292-9004,active,25-34,Sao Paulo,BR,push
Maeve,Morrison,maeve.morrison.2893@customer360.test,+1-555-293-9041,active,45-54,Edmonton,CA,push
Hannah,Hartmann,hannah.hartmann.2894@customer360.test,+1-555-294-9078,active,18-24,Leipzig,DE,email
Emilia,Kruger,emilia.kruger.2895@customer360.test,+1-555-295-9115,active,25-34,Berlin,DE,push
Juliette,Marchand,juliette.marchand.2896@customer360.test,+1-555-296-9152,active,25-34,Paris,FR,sms
Chloe Claire,Sinclair,chloe-claire.sinclair.2897@customer360.test,+1-555-297-9189,active,25-34,Vancouver,CA,push
Amelia,Griffiths,amelia.griffiths.2898@customer360.test,+1-555-298-9226,active,25-34,Leeds,GB,sms
Sakura,Kato,sakura.kato.2899@customer360.test,+1-555-299-9263,active,45-54,Yokohama,JP,sms
Amelie,Neumann,amelie.neumann.2900@customer360.test,+1-555-300-9300,inactive,55-64,Leipzig,DE,push
Renata,Serrano,renata.serrano.2901@customer360.test,+1-555-301-9337,active,35-44,Queretaro,MX,push
Mila,Poirier,mila.poirier.2902@customer360.test,+1-555-302-9374,active,35-44,Ottawa,CA,push
Noor,Bakker,noor.bakker.2903@customer360.test,+1-555-303-9411,active,35-44,Groningen,NL,push
Diego,Ortega,diego.ortega.2904@customer360.test,+1-555-304-9448,active,18-24,Monterrey,MX,sms
Jesse Jan,Bos,jesse-jan.bos.2905@customer360.test,+1-555-305-9485,active,18-24,Utrecht,NL,sms
Aarav,Mehta,aarav.mehta.2906@customer360.test,+1-555-306-9522,active,25-34,Kolkata,IN,email
Mia,Clarke,mia.clarke.2907@customer360.test,+1-555-307-9559,active,18-24,Hobart,AU,sms
Valeria,Vargas,valeria.vargas.2908@customer360.test,+1-555-308-9596,active,35-44,Mexico City,MX,email
Giulia,Moretti,giulia.moretti.2909@customer360.test,+1-555-309-9633,active,35-44,Palermo,IT,push
Cheryl,Chua,cheryl.chua.2910@customer360.test,+1-555-310-9670,active,35-44,Singapore,SG,email
Mia,Sullivan,mia.sullivan.2911@customer360.test,+1-555-311-9707,active,25-34,Sydney,AU,push
Callum,Sullivan,callum.sullivan.2912@customer360.test,+1-555-312-9744,active,35-44,Sydney,AU,email
Siti,Wong,siti.wong.2913@customer360.test,+1-555-313-9781,active,18-24,Singapore,SG,sms
Davide Maria,Lombardi,davide-maria.lombardi.2914@customer360.test,+1-555-314-9818,active,55-64,Palermo,IT,push
Sofia,Hayes,sofia.hayes.2915@customer360.test,+1-555-315-9855,inactive,35-44,San Diego,US,push
Aditi Raj,Mehta,aditi-raj.mehta.2916@customer360.test,+1-555-316-9892,active,25-34,Pune,IN,push
Nisha,Pillai,nisha.pillai.2917@customer360.test,+1-555-317-9929,active,35-44,Delhi,IN,sms
Manon,Chevalier,manon.chevalier.2918@customer360.test,+1-555-318-9966,active,35-44,Marseille,FR,push
Diego,Vega,diego.vega.2919@customer360.test,+1-555-319-1003,active,25-34,Malaga,ES,sms
Hamish,Cameron,hamish.cameron.2920@customer360.test,+1-555-320-1040,active,35-44,Brisbane,AU,sms
Dylan,Bennett,dylan.bennett.2921@customer360.test,+1-555-321-1077,inactive,25-34,Boston,US,sms
Hugo,Chapman,hugo.chapman.2922@customer360.test,+1-555-322-1114,active,35-44,Birmingham,GB,email
Amelie,Brandt,amelie.brandt.2923@customer360.test,+1-555-323-1151,active,18-24,Hamburg,DE,email
Maya,Dlamini,maya.dlamini.2924@customer360.test,+1-555-324-1188,active,35-44,Bloemfontein,ZA,push
Harper Rose,Turner,harper-rose.turner.2925@customer360.test,+1-555-325-1225,active,35-44,Seattle,US,sms
Kian,Mabena,kian.mabena.2926@customer360.test,+1-555-326-1262,inactive,18-24,Gqeberha,ZA,push
Ishaan Dev,Kulkarni,ishaan-dev.kulkarni.2927@customer360.test,+1-555-327-1299,active,25-34,Kochi,IN,email
Gabriel Jean,Lefevre,gabriel-jean.lefevre.2928@customer360.test,+1-555-328-1336,active,35-44,Lille,FR,sms
Nandi,Mabena,nandi.mabena.2929@customer360.test,+1-555-329-1373,active,25-34,Durban,ZA,email
Hugo,Girard,hugo.girard.2930@customer360.test,+1-555-330-1410,active,45-54,Lille,FR,push
Diego,Rojas,diego.rojas.2931@customer360.test,+1-555-331-1447,active,45-54,Seville,ES,email
Gabriel,Oliveira,gabriel.oliveira.2932@customer360.test,+1-555-332-1484,active,45-54,Porto Alegre,BR,email
Leon,Wagner,leon.wagner.2933@customer360.test,+1-555-333-1521,active,35-44,Munich,DE,sms
Arthur,Mercier,arthur.mercier.2934@customer360.test,+1-555-334-1558,active,18-24,Bordeaux,FR,email
Reyansh Kiran,Desai,reyansh-kiran.desai.2935@customer360.test,+1-555-335-1595,active,25-34,Kochi,IN,email
Bram,Bos,bram.bos.2936@customer360.test,+1-555-336-1632,active,25-34,The Hague,NL,push
Maya,Bennett,maya.bennett.2937@customer360.test,+1-555-337-1669,active,25-34,San Diego,US,email
Ruby,Hayes,ruby.hayes.2938@customer360.test,+1-555-338-1706,inactive,18-24,Canberra,AU,sms
Reyansh,Mehta,reyansh.mehta.2939@customer360.test,+1-555-339-1743,active,18-24,Delhi,IN,email
Ishaan,Chatterjee,ishaan.chatterjee.2940@customer360.test,+1-555-340-1780,active,25-34,Jaipur,IN,email
Kavya,Mehta,kavya.mehta.2941@customer360.test,+1-555-341-1817,active,25-34,Delhi,IN,email
Hamish,Anderson,hamish.anderson.2942@customer360.test,+1-555-342-1854,active,55-64,Perth,AU,push
Chiara Giovanni,Lombardi,chiara-giovanni.lombardi.2943@customer360.test,+1-555-343-1891,active,25-34,Milan,IT,email
Baptiste,Laurent,baptiste.laurent.2944@customer360.test,+1-555-344-1928,active,25-34,Lyon,FR,push
Caleb,Foster,caleb.foster.2945@customer360.test,+1-555-345-1965,active,45-54,San Diego,US,email
Oliver Jane,Sinclair,oliver-jane.sinclair.2946@customer360.test,+1-555-346-2002,active,55-64,Leeds,GB,push
Ishaan,Saxena,ishaan.saxena.2947@customer360.test,+1-555-347-2039,inactive,25-34,Pune,IN,push
Martin,Vidal,martin.vidal.2948@customer360.test,+1-555-348-2076,active,25-34,Barcelona,ES,push
Felix,Kruger,felix.kruger.2949@customer360.test,+1-555-349-2113,active,45-54,Berlin,DE,sms
Baptiste,Fontaine,baptiste.fontaine.2950@customer360.test,+1-555-350-2150,active,45-54,Marseille,FR,sms
Yui,Nakamura,yui.nakamura.2951@customer360.test,+1-555-351-2187,active,35-44,Sapporo,JP,push
Marie Elise,Hartmann,marie-elise.hartmann.2952@customer360.test,+1-555-352-2224,active,25-34,Hamburg,DE,push
Marcus,Lee,marcus.lee.2953@customer360.test,+1-555-353-2261,active,18-24,Singapore,SG,push
Alice,Ricci,alice.ricci.2954@customer360.test,+1-555-354-2298,active,25-34,Palermo,IT,sms
Ren Hiro,Yoshida,ren-hiro.yoshida.2955@customer360.test,+1-555-355-2335,active,45-54,Kyoto,JP,email
Avery Rose,Brooks,avery-rose.brooks.2956@customer360.test,+1-555-356-2372,active,35-44,Austin,US,email
Caleb,Carter,caleb.carter.2957@customer360.test,+1-555-357-2409,active,55-64,Portland,US,sms
Theo,Fournier,theo.fournier.2958@customer360.test,+1-555-358-2446,active,35-44,Edmonton,CA,push
Kian,Pillay,kian.pillay.2959@customer360.test,+1-555-359-2483,active,25-34,Pretoria,ZA,sms
Zoe,Carter,zoe.carter.2960@customer360.test,+1-555-360-2520,active,25-34,Minneapolis,US,email
Chloe,Bouchard,chloe.bouchard.2961@customer360.test,+1-555-361-2557,active,45-54,Halifax,CA,sms
Isla,Sinclair,isla.sinclair.2962@customer360.test,+1-555-362-2594,active,35-44,Birmingham,GB,push
Sofia,Conti,sofia.conti.2963@customer360.test,+1-555-363-2631,active,18-24,Florence,IT,email
Chloe,Bouchard,chloe.bouchard.2964@customer360.test,+1-555-364-2668,active,25-34,Calgary,CA,sms
Kabir,Saxena,kabir.saxena.2965@customer360.test,+1-555-365-2705,active,45-54,Mumbai,IN,sms
Theo,Mercer,theo.mercer.2966@customer360.test,+1-555-366-2742,active,18-24,London,GB,push
Thabo James,Van Wyk,thabo-james.van-wyk.2967@customer360.test,+1-555-367-2779,active,35-44,Bloemfontein,ZA,push
Finn,Fletcher,finn.fletcher.2968@customer360.test,+1-555-368-2816,active,25-34,Perth,AU,push
Arjun,Iyer,arjun.iyer.2969@customer360.test,+1-555-369-2853,active,25-34,Chennai,IN,sms
Rafael,Araujo,rafael.araujo.2970@customer360.test,+1-555-370-2890,inactive,25-34,Curitiba,BR,sms
Vivaan,Chatterjee,vivaan.chatterjee.2971@customer360.test,+1-555-371-2927,inactive,18-24,Kochi,IN,email
Tommaso,Rossi,tommaso.rossi.2972@customer360.test,+1-555-372-2964,active,55-64,Naples,IT,sms
Lotte,De Vries,lotte.de-vries.2973@customer360.test,+1-555-373-3001,active,18-24,Amsterdam,NL,email
Darren,Ismail,darren.ismail.2974@customer360.test,+1-555-374-3038,active,18-24,Singapore,SG,sms
Isla,Griffiths,isla.griffiths.2975@customer360.test,+1-555-375-3075,inactive,55-64,Leeds,GB,sms
Hamish,Bennett,hamish.bennett.2976@customer360.test,+1-555-376-3112,active,25-34,Brisbane,AU,push
Ruby,Sinclair,ruby.sinclair.2977@customer360.test,+1-555-377-3149,active,25-34,London,GB,push
Juliette,Moreau,juliette.moreau.2978@customer360.test,+1-555-378-3186,active,25-34,Bordeaux,FR,push
Callum,Hughes,callum.hughes.2979@customer360.test,+1-555-379-3223,active,25-34,Hobart,AU,push
Reyansh,Kulkarni,reyansh.kulkarni.2980@customer360.test,+1-555-380-3260,active,25-34,Jaipur,IN,email
Cameron,Hayes,cameron.hayes.2981@customer360.test,+1-555-381-3297,active,55-64,Minneapolis,US,push
Zoe,Turner,zoe.turner.2982@customer360.test,+1-555-382-3334,active,18-24,Austin,US,push
Maya,Morgan,maya.morgan.2983@customer360.test,+1-555-383-3371,active,18-24,Boston,US,push
Sofia,Turner,sofia.turner.2984@customer360.test,+1-555-384-3408,active,45-54,Chicago,US,push
Yuto,Watanabe,yuto.watanabe.2985@customer360.test,+1-555-385-3445,active,35-44,Fukuoka,JP,sms
Haruto,Kato,haruto.kato.2986@customer360.test,+1-555-386-3482,active,18-24,Yokohama,JP,sms
Hamish,Fletcher,hamish.fletcher.2987@customer360.test,+1-555-387-3519,active,25-34,Brisbane,AU,email
Arjun,Malhotra,arjun.malhotra.2988@customer360.test,+1-555-388-3556,active,25-34,Chennai,IN,sms
Vihaan,Malhotra,vihaan.malhotra.2989@customer360.test,+1-555-389-3593,inactive,18-24,Pune,IN,email
Nina Sofie,Bakker,nina-sofie.bakker.2990@customer360.test,+1-555-390-3630,active,35-44,Utrecht,NL,sms
Avery,Reed,avery.reed.2991@customer360.test,+1-555-391-3667,active,18-24,Portland,US,push
Mateus,Martins,mateus.martins.2992@customer360.test,+1-555-392-3704,active,45-54,Sao Paulo,BR,email
Julian Claire,Gauthier,julian-claire.gauthier.2993@customer360.test,+1-555-393-3741,active,55-64,Halifax,CA,email
Imogen James,Lawson,imogen-james.lawson.2994@customer360.test,+1-555-394-3778,active,35-44,London,GB,email
Ruby,Sullivan,ruby.sullivan.2995@customer360.test,+1-555-395-3815,active,35-44,Sydney,AU,email
Mateus Luiz,Barbosa,mateus-luiz.barbosa.2996@customer360.test,+1-555-396-3852,active,25-34,Brasilia,BR,sms
Finn Jan,Bos,finn-jan.bos.2997@customer360.test,+1-555-397-3889,active,35-44,Amsterdam,NL,email
Ethan,Mitchell,ethan.mitchell.2998@customer360.test,+1-555-398-3926,active,45-54,Seattle,US,sms
Taylor,Reed,taylor.reed.2999@customer360.test,+1-555-399-3963,active,35-44,Austin,US,sms
Hugo Luis,Marin,hugo-luis.marin.3000@customer360.test,+1-555-400-4000,active,45-54,Madrid,ES,email
Nora,Turner,nora.turner.3001@customer360.test,+1-555-401-4037,active,18-24,Philadelphia,US,email
Oscar,Sullivan,oscar.sullivan.3002@customer360.test,+1-555-402-4074,active,45-54,Hobart,AU,push
Sophie,Wagner,sophie.wagner.3003@customer360.test,+1-555-403-4111,active,55-64,Hamburg,DE,push
Theo,Bouchard,theo.bouchard.3004@customer360.test,+1-555-404-4148,inactive,25-34,Vancouver,CA,email
Finn Elise,Vogel,finn-elise.vogel.3005@customer360.test,+1-555-405-4185,active,18-24,Frankfurt,DE,push
Sofia,Russell,sofia.russell.3006@customer360.test,+1-555-406-4222,active,35-44,Portland,US,push
Jordan,Bailey,jordan.bailey.3007@customer360.test,+1-555-407-4259,active,25-34,Portland,US,sms
Beatriz,Nogueira,beatriz.nogueira.3008@customer360.test,+1-555-408-4296,active,35-44,Recife,BR,email
Matteo,Ferrari,matteo.ferrari.3009@customer360.test,+1-555-409-4333,active,18-24,Naples,IT,push
Daan,De Vries,daan.de-vries.3010@customer360.test,+1-555-410-4370,inactive,18-24,Eindhoven,NL,sms
George,Chapman,george.chapman.3011@customer360.test,+1-555-411-4407,active,45-54,Manchester,GB,sms
Dylan,Mitchell,dylan.mitchell.3012@customer360.test,+1-555-412-4444,active,25-34,Atlanta,US,push
Maeve,Morrison,maeve.morrison.3013@customer360.test,+1-555-413-4481,active,45-54,Halifax,CA,sms
Oliver,Harrington,oliver.harrington.3014@customer360.test,+1-555-414-4518,active,25-34,Leeds,GB,email
Gabriel Luiz,Mendes,gabriel-luiz.mendes.3015@customer360.test,+1-555-415-4555,active,25-34,Brasilia,BR,push
Santiago,Castillo,santiago.castillo.3016@customer360.test,+1-555-416-4592,active,25-34,Guadalajara,MX,push
Emilia,Becker,emilia.becker.3017@customer360.test,+1-555-417-4629,active,55-64,Stuttgart,DE,sms
Matilda,Clarke,matilda.clarke.3018@customer360.test,+1-555-418-4666,active,18-24,Melbourne,AU,sms
Harper Kai,Cooper,harper-kai.cooper.3019@customer360.test,+1-555-419-4703,active,25-34,Boston,US,email
Taylor,Ward,taylor.ward.3020@customer360.test,+1-555-420-4740,active,25-34,Philadelphia,US,sms
Reyansh,Joshi,reyansh.joshi.3021@customer360.test,+1-555-421-4777,active,18-24,Ahmedabad,IN,push
Mariana,Delgado,mariana.delgado.3022@customer360.test,+1-555-422-4814,active,45-54,Puebla,MX,sms
Camila,Ribeiro,camila.ribeiro.3023@customer360.test,+1-555-423-4851,active,55-64,Rio de Janeiro,BR,email
Amelia,Bennett,amelia.bennett.3024@customer360.test,+1-555-424-4888,active,35-44,Glasgow,GB,email
Nandi,Maseko,nandi.maseko.3025@customer360.test,+1-555-425-4925,active,18-24,Bloemfontein,ZA,email
Ines,Renard,ines.renard.3026@customer360.test,+1-555-426-4962,active,25-34,Lyon,FR,push
Marie,Hartmann,marie.hartmann.3027@customer360.test,+1-555-427-4999,active,35-44,Hamburg,DE,sms
Diego Jose,Navarro,diego-jose.navarro.3028@customer360.test,+1-555-428-5036,active,55-64,Bilbao,ES,email
Chloe,Bouchard,chloe.bouchard.3029@customer360.test,+1-555-429-5073,inactive,45-54,Calgary,CA,sms
Sana Dev,Sharma,sana-dev.sharma.3030@customer360.test,+1-555-430-5110,active,18-24,Ahmedabad,IN,sms
Mariana,Serrano,mariana.serrano.3031@customer360.test,+1-555-431-5147,active,25-34,Puebla,MX,sms
Darren Min,Chua,darren-min.chua.3032@customer360.test,+1-555-432-5184,active,45-54,Singapore,SG,email
Maya,Parker,maya.parker.3033@customer360.test,+1-555-433-5221,active,35-44,Boston,US,sms
Alice,Bianchi,alice.bianchi.3034@customer360.test,+1-555-434-5258,active,35-44,Turin,IT,email
Ishita,Joshi,ishita.joshi.3035@customer360.test,+1-555-435-5295,active,18-24,Pune,IN,email
Parker,Collins,parker.collins.3036@customer360.test,+1-555-436-5332,active,35-44,Portland,US,push
Avery,Bailey,avery.bailey.3037@customer360.test,+1-555-437-5369,active,45-54,Minneapolis,US,push
Amelie,Poirier,amelie.poirier.3038@customer360.test,+1-555-438-5406,active,18-24,Ottawa,CA,push
Clara,Lefevre,clara.lefevre.3039@customer360.test,+1-555-439-5443,active,55-64,Nantes,FR,email
Daniel,Ortega,daniel.ortega.3040@customer360.test,+1-555-440-5480,active,35-44,Guadalajara,MX,email
Ishaan,Mehta,ishaan.mehta.3041@customer360.test,+1-555-441-5517,active,18-24,Mumbai,IN,push
Davide Giovanni,Gallo,davide-giovanni.gallo.3042@customer360.test,+1-555-442-5554,active,45-54,Turin,IT,sms
Isabela,Carvalho,isabela.carvalho.3043@customer360.test,+1-555-443-5591,active,55-64,Recife,BR,push
Marcus,Tan,marcus.tan.3044@customer360.test,+1-555-444-5628,active,55-64,Singapore,SG,email
Maya,Dlamini,maya.dlamini.3045@customer360.test,+1-555-445-5665,active,35-44,Bloemfontein,ZA,email
Marco,Esposito,marco.esposito.3046@customer360.test,+1-555-446-5702,active,25-34,Turin,IT,email
Arjun,Kapoor,arjun.kapoor.3047@customer360.test,+1-555-447-5739,inactive,35-44,Chennai,IN,sms
Logan,Cooper,logan.cooper.3048@customer360.test,+1-555-448-5776,active,45-54,Seattle,US,push
Kaito,Suzuki,kaito.suzuki.3049@customer360.test,+1-555-449-5813,active,35-44,Sapporo,JP,email
Elias,Lavoie,elias.lavoie.3050@customer360.test,+1-555-450-5850,active,45-54,Ottawa,CA,sms
Wei Ming,Rahman,wei-ming.rahman.3051@customer360.test,+1-555-451-5887,active,35-44,Singapore,SG,sms
Arthur,Mercier,arthur.mercier.3052@customer360.test,+1-555-452-5924,inactive,25-34,Nantes,FR,push
Luiza,Mendes,luiza.mendes.3053@customer360.test,+1-555-453-5961,active,25-34,Salvador,BR,email
Pablo,Marin,pablo.marin.3054@customer360.test,+1-555-454-5998,active,35-44,Valencia,ES,push
Elias Claire,Morrison,elias-claire.morrison.3055@customer360.test,+1-555-455-6035,active,45-54,Montreal,CA,sms
Zoe,Mitchell,zoe.mitchell.3056@customer360.test,+1-555-456-6072,active,45-54,Austin,US,sms
Mateus,Oliveira,mateus.oliveira.3057@customer360.test,+1-555-457-6109,active,18-24,Salvador,BR,push
Oliver,Lawson,oliver.lawson.3058@customer360.test,+1-555-458-6146,active,25-34,Bristol,GB,sms
Caleb,Bennett,caleb.bennett.3059@customer360.test,+1-555-459-6183,active,25-34,Philadelphia,US,email
Lotte Sofie,Mulder,lotte-sofie.mulder.3060@customer360.test,+1-555-460-6220,active,18-24,Rotterdam,NL,email
Rafael,Barbosa,rafael.barbosa.3061@customer360.test,+1-555-461-6257,active,45-54,Brasilia,BR,push
Mariana Maria,Costa,mariana-maria.costa.3062@customer360.test,+1-555-462-6294,active,35-44,Brasilia,BR,email
Nina,Vos,nina.vos.3063@customer360.test,+1-555-463-6331,active,18-24,Amsterdam,NL,push
Thabo Lee,Pillay,thabo-lee.pillay.3064@customer360.test,+1-555-464-6368,active,18-24,Johannesburg,ZA,push
Lerato,Mokoena,lerato.mokoena.3065@customer360.test,+1-555-465-6405,active,35-44,Gqeberha,ZA,push
Mathis,Moreau,mathis.moreau.3066@customer360.test,+1-555-466-6442,inactive,18-24,Lyon,FR,email
Riley Alex,Parker,riley-alex.parker.3067@customer360.test,+1-555-467-6479,active,45-54,Denver,US,sms
Fleur Sofie,Visser,fleur-sofie.visser.3068@customer360.test,+1-555-468-6516,inactive,25-34,The Hague,NL,push
Pablo,Molina,pablo.molina.3069@customer360.test,+1-555-469-6553,active,25-34,Madrid,ES,sms
Arjun,Ng,arjun.ng.3070@customer360.test,+1-555-470-6590,inactive,55-64,Singapore,SG,sms
Daniel,Mendoza,daniel.mendoza.3071@customer360.test,+1-555-471-6627,active,55-64,Mexico City,MX,sms
Cameron,Turner,cameron.turner.3072@customer360.test,+1-555-472-6664,active,25-34,Philadelphia,US,push
Gabriel,Girard,gabriel.girard.3073@customer360.test,+1-555-473-6701,active,25-34,Paris,FR,push
Oscar James,Sullivan,oscar-james.sullivan.3074@customer360.test,+1-555-474-6738,active,18-24,Adelaide,AU,sms
Mei,Yoshida,mei.yoshida.3075@customer360.test,+1-555-475-6775,active,45-54,Kyoto,JP,sms
Mateus,Barbosa,mateus.barbosa.3076@customer360.test,+1-555-476-6812,active,18-24,Curitiba,BR,email
Maya,Pillay,maya.pillay.3077@customer360.test,+1-555-477-6849,active,25-34,Cape Town,ZA,sms
Paul,Brandt,paul.brandt.3078@customer360.test,+1-555-478-6886,active,45-54,Hamburg,DE,push
Noah,Brandt,noah.brandt.3079@customer360.test,+1-555-479-6923,active,25-34,Leipzig,DE,push
Sota,Sato,sota.sato.3080@customer360.test,+1-555-480-6960,active,45-54,Fukuoka,JP,push
Yuto,Nakamura,yuto.nakamura.3081@customer360.test,+1-555-481-6997,active,45-54,Yokohama,JP,push
Taylor,Bennett,taylor.bennett.3082@customer360.test,+1-555-482-7034,active,25-34,Chicago,US,sms
Rohan,Mehta,rohan.mehta.3083@customer360.test,+1-555-483-7071,active,25-34,Mumbai,IN,push
Lwazi,Botha,lwazi.botha.3084@customer360.test,+1-555-484-7108,active,35-44,Durban,ZA,email
Taylor Alex,Reed,taylor-alex.reed.3085@customer360.test,+1-555-485-7145,active,45-54,Atlanta,US,sms
Theo,Harrington,theo.harrington.3086@customer360.test,+1-555-486-7182,active,25-34,Birmingham,GB,sms
Zara,Morgan,zara.morgan.3087@customer360.test,+1-555-487-7219,active,35-44,Sydney,AU,push
Caleb,Bennett,caleb.bennett.3088@customer360.test,+1-555-488-7256,active,45-54,San Diego,US,sms
Wei Ming,Rahman,wei-ming.rahman.3089@customer360.test,+1-555-489-7293,active,55-64,Singapore,SG,push
Lucas,Morrison,lucas.morrison.3090@customer360.test,+1-555-490-7330,active,25-34,Ottawa,CA,email
Chloe Jean,Campbell,chloe-jean.campbell.3091@customer360.test,+1-555-491-7367,active,25-34,Vancouver,CA,push
Amelie,Renard,amelie.renard.3092@customer360.test,+1-555-492-7404,active,45-54,Lille,FR,sms
Zoe,Bennett,zoe.bennett.3093@customer360.test,+1-555-493-7441,active,45-54,San Diego,US,push
Finn,Vogel,finn.vogel.3094@customer360.test,+1-555-494-7478,active,45-54,Cologne,DE,push
Caleb,Collins,caleb.collins.3095@customer360.test,+1-555-495-7515,active,25-34,Minneapolis,US,email
Maya,Botha,maya.botha.3096@customer360.test,+1-555-496-7552,active,35-44,Pretoria,ZA,push
Felix,Richter,felix.richter.3097@customer360.test,+1-555-497-7589,active,35-44,Munich,DE,sms
Lerato,Mokoena,lerato.mokoena.3098@customer360.test,+1-555-498-7626,active,35-44,Johannesburg,ZA,email
Diya,Malhotra,diya.malhotra.3099@customer360.test,+1-555-499-7663,active,25-34,Chennai,IN,push
Elena,Cabrera,elena.cabrera.3100@customer360.test,+1-555-500-7700,active,35-44,Seville,ES,sms
Marcus,Rahman,marcus.rahman.3101@customer360.test,+1-555-501-7737,active,18-24,Singapore,SG,sms
Kaito,Tanaka,kaito.tanaka.3102@customer360.test,+1-555-502-7774,active,45-54,Fukuoka,JP,email
Enzo,Nogueira,enzo.nogueira.3103@customer360.test,+1-555-503-7811,active,25-34,Rio de Janeiro,BR,sms
Helena,Mendes,helena.mendes.3104@customer360.test,+1-555-504-7848,active,18-24,Brasilia,BR,push
Lucas,Costa,lucas.costa.3105@customer360.test,+1-555-505-7885,active,25-34,Recife,BR,sms
Mariana Clara,Carvalho,mariana-clara.carvalho.3106@customer360.test,+1-555-506-7922,inactive,18-24,Curitiba,BR,push
Camille,Chevalier,camille.chevalier.3107@customer360.test,+1-555-507-7959,active,18-24,Toulouse,FR,push
Ines,Marchand,ines.marchand.3108@customer360.test,+1-555-508-7996,active,45-54,Lille,FR,sms
Mariana,Martins,mariana.martins.3109@customer360.test,+1-555-509-8033,active,18-24,Sao Paulo,BR,email
Aoi,Kobayashi,aoi.kobayashi.3110@customer360.test,+1-555-510-8070,inactive,35-44,Nagoya,JP,email
Oliver,Fletcher,oliver.fletcher.3111@customer360.test,+1-555-511-8107,active,25-34,Edinburgh,GB,email
Quinn,Foster,quinn.foster.3112@customer360.test,+1-555-512-8144,active,25-34,Seattle,US,push
Thabo,Naidoo,thabo.naidoo.3113@customer360.test,+1-555-513-8181,active,25-34,Durban,ZA,push
Mariana,Rios,mariana.rios.3114@customer360.test,+1-555-514-8218,active,25-34,Puebla,MX,email
Lucas,Nogueira,lucas.nogueira.3115@customer360.test,+1-555-515-8255,active,25-34,Salvador,BR,email
Hugo,Whitmore,hugo.whitmore.3116@customer360.test,+1-555-516-8292,inactive,25-34,Glasgow,GB,push
Imogen Jane,Ellis,imogen-jane.ellis.3117@customer360.test,+1-555-517-8329,active,25-34,London,GB,sms
Maya,Foster,maya.foster.3118@customer360.test,+1-555-518-8366,inactive,55-64,Boston,US,sms
Kai Wen,Wong,kai-wen.wong.3119@customer360.test,+1-555-519-8403,active,45-54,Singapore,SG,email
Hugo,Navarro,hugo.navarro.3120@customer360.test,+1-555-520-8440,active,25-34,Valencia,ES,email
Sofia,Delgado,sofia.delgado.3121@customer360.test,+1-555-521-8477,active,45-54,Puebla,MX,sms
Cameron,Russell,cameron.russell.3122@customer360.test,+1-555-522-8514,active,55-64,San Diego,US,sms
Gabriele Luca,Rossi,gabriele-luca.rossi.3123@customer360.test,+1-555-523-8551,active,35-44,Rome,IT,sms
Luiza,Araujo,luiza.araujo.3124@customer360.test,+1-555-524-8588,active,35-44,Salvador,BR,push
Alejandro,Ortega,alejandro.ortega.3125@customer360.test,+1-555-525-8625,active,55-64,Puebla,MX,sms
Yuto,Tanaka,yuto.tanaka.3126@customer360.test,+1-555-526-8662,active,25-34,Fukuoka,JP,sms
Lucia,Navarro,lucia.navarro.3127@customer360.test,+1-555-527-8699,active,25-34,Puebla,MX,email
Mariana,Nogueira,mariana.nogueira.3128@customer360.test,+1-555-528-8736,active,25-34,Porto Alegre,BR,email
Lachlan,Hayes,lachlan.hayes.3129@customer360.test,+1-555-529-8773,active,18-24,Brisbane,AU,push
Evie,Crawford,evie.crawford.3130@customer360.test,+1-555-530-8810,active,25-34,Glasgow,GB,push
Taylor Marie,Mitchell,taylor-marie.mitchell.3131@customer360.test,+1-555-531-8847,active,25-34,Portland,US,email
Lotte,Meijer,lotte.meijer.3132@customer360.test,+1-555-532-8884,active,55-64,Groningen,NL,push
Mila Johann,Fischer,mila-johann.fischer.3133@customer360.test,+1-555-533-8921,active,45-54,Hamburg,DE,push
Hamish,Morgan,hamish.morgan.3134@customer360.test,+1-555-534-8958,active,35-44,Brisbane,AU,sms
Felix,Hartmann,felix.hartmann.3135@customer360.test,+1-555-535-8995,active,18-24,Frankfurt,DE,email
Mathis,Fontaine,mathis.fontaine.3136@customer360.test,+1-555-536-9032,active,25-34,Lille,FR,sms
Hugo,Ellis,hugo.ellis.3137@customer360.test,+1-555-537-9069,active,25-34,Leeds,GB,push
Daniel Luis,Rojas,daniel-luis.rojas.3138@customer360.test,+1-555-538-9106,active,45-54,Madrid,ES,sms
Mateo,Marin,mateo.marin.3139@customer360.test,+1-555-539-9143,active,55-64,Barcelona,ES,sms
Mariana Maria,Cervantes,mariana-maria.cervantes.3140@customer360.test,+1-555-540-9180,active,25-34,Guadalajara,MX,push
Mila Johann,Neumann,mila-johann.neumann.3141@customer360.test,+1-555-541-9217,active,25-34,Frankfurt,DE,push
Naomi,Cooper,naomi.cooper.3142@customer360.test,+1-555-542-9254,active,25-34,Portland,US,email
Lachlan,Hughes,lachlan.hughes.3143@customer360.test,+1-555-543-9291,active,35-44,Canberra,AU,push
Mei,Kato,mei.kato.3144@customer360.test,+1-555-544-9328,active,25-34,Sapporo,JP,sms
Jesse,Bos,jesse.bos.3145@customer360.test,+1-555-545-9365,active,55-64,Amsterdam,NL,email
Tara,Chatterjee,tara.chatterjee.3146@customer360.test,+1-555-546-9402,active,18-24,Delhi,IN,push
Kabir,Rao,kabir.rao.3147@customer360.test,+1-555-547-9439,inactive,25-34,Mumbai,IN,push
Owen,Fournier,owen.fournier.3148@customer360.test,+1-555-548-9476,active,35-44,Vancouver,CA,sms
Grace Lee,Clarke,grace-lee.clarke.3149@customer360.test,+1-555-549-9513,active,55-64,Canberra,AU,push
Amelie,Campbell,amelie.campbell.3150@customer360.test,+1-555-550-9550,active,45-54,Halifax,CA,sms
Sophie,Wagner,sophie.wagner.3151@customer360.test,+1-555-551-9587,active,25-34,Frankfurt,DE,push
Lucas,Nogueira,lucas.nogueira.3152@customer360.test,+1-555-552-9624,inactive,25-34,Rio de Janeiro,BR,sms
Diego,Navarro,diego.navarro.3153@customer360.test,+1-555-553-9661,inactive,25-34,Merida,MX,sms
Javier,Serrano,javier.serrano.3154@customer360.test,+1-555-554-9698,active,25-34,Puebla,MX,sms
Mariana,Cervantes,mariana.cervantes.3155@customer360.test,+1-555-555-9735,inactive,25-34,Merida,MX,sms
Daiki,Yamada,daiki.yamada.3156@customer360.test,+1-555-556-9772,active,35-44,Kyoto,JP,push
Oscar,Lawson,oscar.lawson.3157@customer360.test,+1-555-557-9809,active,35-44,Birmingham,GB,email
Lena,Carter,lena.carter.3158@customer360.test,+1-555-558-9846,active,35-44,Denver,US,push
Noah,Hoffmann,noah.hoffmann.3159@customer360.test,+1-555-559-9883,active,25-34,Hamburg,DE,email
Camille,Morrison,camille.morrison.3160@customer360.test,+1-555-560-9920,active,25-34,Edmonton,CA,email
Isla,Clarke,isla.clarke.3161@customer360.test,+1-555-561-9957,active,45-54,Perth,AU,email
Yuto,Watanabe,yuto.watanabe.3162@customer360.test,+1-555-562-9994,active,35-44,Sapporo,JP,email
Lucas,Oliveira,lucas.oliveira.3163@customer360.test,+1-555-563-1031,active,18-24,Sao Paulo,BR,push
Jia En,Lee,jia-en.lee.3164@customer360.test,+1-555-564-1068,inactive,18-24,Singapore,SG,sms
Daniel,Vargas,daniel.vargas.3165@customer360.test,+1-555-565-1105,active,45-54,Puebla,MX,push
Lucia,Ortega,lucia.ortega.3166@customer360.test,+1-555-566-1142,active,18-24,Monterrey,MX,push
Cheryl,Ng,cheryl.ng.3167@customer360.test,+1-555-567-1179,active,45-54,Singapore,SG,email
Parker,Brooks,parker.brooks.3168@customer360.test,+1-555-568-1216,active,55-64,Chicago,US,sms
Valentina,Ferreira,valentina.ferreira.3169@customer360.test,+1-555-569-1253,active,45-54,Salvador,BR,push
Lena,Mitchell,lena.mitchell.3170@customer360.test,+1-555-570-1290,active,25-34,Seattle,US,email
Lucas,Meijer,lucas.meijer.3171@customer360.test,+1-555-571-1327,active,25-34,The Hague,NL,email
Hina,Yamada,hina.yamada.3172@customer360.test,+1-555-572-1364,active,35-44,Fukuoka,JP,push
Logan,Hayes,logan.hayes.3173@customer360.test,+1-555-573-1401,active,25-34,Chicago,US,email
Emiliano,Fuentes,emiliano.fuentes.3174@customer360.test,+1-555-574-1438,active,25-34,Mexico City,MX,push
Amelie,Fraser,amelie.fraser.3175@customer360.test,+1-555-575-1475,active,55-64,Montreal,CA,email
Cheryl,Wong,cheryl.wong.3176@customer360.test,+1-555-576-1512,inactive,45-54,Singapore,SG,email
Amelie,Richter,amelie.richter.3177@customer360.test,+1-555-577-1549,active,25-34,Munich,DE,email
Cameron Alex,Bailey,cameron-alex.bailey.3178@customer360.test,+1-555-578-1586,active,45-54,San Diego,US,email
Rohan,Bhat,rohan.bhat.3179@customer360.test,+1-555-579-1623,active,55-64,Hyderabad,IN,email
Aoi,Takahashi,aoi.takahashi.3180@customer360.test,+1-555-580-1660,active,45-54,Tokyo,JP,push
Maisie,Ellis,maisie.ellis.3181@customer360.test,+1-555-581-1697,active,45-54,London,GB,push
Sophie,Bouchard,sophie.bouchard.3182@customer360.test,+1-555-582-1734,active,35-44,Edmonton,CA,push
Mei,Nakamura,mei.nakamura.3183@customer360.test,+1-555-583-1771,active,35-44,Osaka,JP,sms
Morgan,Parker,morgan.parker.3184@customer360.test,+1-555-584-1808,active,25-34,Austin,US,push
Aarav,Chatterjee,aarav.chatterjee.3185@customer360.test,+1-555-585-1845,active,45-54,Pune,IN,sms
Mathis,Lefevre,mathis.lefevre.3186@customer360.test,+1-555-586-1882,active,18-24,Lyon,FR,push
Elias,Bennett,elias.bennett.3187@customer360.test,+1-555-587-1919,active,35-44,Montreal,CA,push
Oscar,Whitmore,oscar.whitmore.3188@customer360.test,+1-555-588-1956,active,25-34,Birmingham,GB,sms
Valeria,Vidal,valeria.vidal.3189@customer360.test,+1-555-589-1993,active,45-54,Bilbao,ES,sms
Riley,Carter,riley.carter.3190@customer360.test,+1-555-590-2030,active,45-54,Seattle,US,email
Mio,Takahashi,mio.takahashi.3191@customer360.test,+1-555-591-2067,active,55-64,Osaka,JP,sms
Cheryl,Ismail,cheryl.ismail.3192@customer360.test,+1-555-592-2104,active,55-64,Singapore,SG,email
Hui Min,Lee,hui-min.lee.3193@customer360.test,+1-555-593-2141,active,35-44,Singapore,SG,sms
Vivaan,Sharma,vivaan.sharma.3194@customer360.test,+1-555-594-2178,active,25-34,Jaipur,IN,email
Mio,Sato,mio.sato.3195@customer360.test,+1-555-595-2215,active,55-64,Osaka,JP,email
Yui Aya,Yamada,yui-aya.yamada.3196@customer360.test,+1-555-596-2252,active,25-34,Kyoto,JP,sms
Mariana Joao,Teixeira,mariana-joao.teixeira.3197@customer360.test,+1-555-597-2289,active,35-44,Porto Alegre,BR,sms
Sofia,Carter,sofia.carter.3198@customer360.test,+1-555-598-2326,active,45-54,Denver,US,email
Nina,De Vries,nina.de-vries.3199@customer360.test,+1-555-599-2363,inactive,55-64,Rotterdam,NL,push
Lwazi James,Mokoena,lwazi-james.mokoena.3200@customer360.test,+1-555-600-2400,active,55-64,Cape Town,ZA,email
Louis,Blanc,louis.blanc.3201@customer360.test,+1-555-601-2437,active,18-24,Toulouse,FR,email
Morgan,Bennett,morgan.bennett.3202@customer360.test,+1-555-602-2474,active,35-44,Atlanta,US,email
Cheryl,Ong,cheryl.ong.3203@customer360.test,+1-555-603-2511,active,35-44,Singapore,SG,sms
Mio,Yamada,mio.yamada.3204@customer360.test,+1-555-604-2548,active,35-44,Tokyo,JP,sms
Lotte,Van Dijk,lotte.van-dijk.3205@customer360.test,+1-555-605-2585,active,25-34,Eindhoven,NL,push
Sota Ken,Kobayashi,sota-ken.kobayashi.3206@customer360.test,+1-555-606-2622,active,35-44,Kyoto,JP,push
Avery,Turner,avery.turner.3207@customer360.test,+1-555-607-2659,active,25-34,Denver,US,sms
Luiza Clara,Ribeiro,luiza-clara.ribeiro.3208@customer360.test,+1-555-608-2696,active,45-54,Porto Alegre,BR,email
Naomi,Foster,naomi.foster.3209@customer360.test,+1-555-609-2733,active,35-44,Boston,US,email
Hannah,Keller,hannah.keller.3210@customer360.test,+1-555-610-2770,active,25-34,Berlin,DE,sms
Noah,Fournier,noah.fournier.3211@customer360.test,+1-555-611-2807,active,25-34,Calgary,CA,email
Aditya,Chatterjee,aditya.chatterjee.3212@customer360.test,+1-555-612-2844,active,35-44,Hyderabad,IN,push
Jia En,Ong,jia-en.ong.3213@customer360.test,+1-555-613-2881,inactive,35-44,Singapore,SG,push
Nina,Bakker,nina.bakker.3214@customer360.test,+1-555-614-2918,inactive,25-34,Eindhoven,NL,sms
Riku,Yoshida,riku.yoshida.3215@customer360.test,+1-555-615-2955,active,25-34,Fukuoka,JP,email
Alfie,Fletcher,alfie.fletcher.3216@customer360.test,+1-555-616-2992,active,35-44,Leeds,GB,email
Sem,De Boer,sem.de-boer.3217@customer360.test,+1-555-617-3029,active,35-44,The Hague,NL,push
Marie Johann,Hartmann,marie-johann.hartmann.3218@customer360.test,+1-555-618-3066,active,45-54,Leipzig,DE,push
Zoe,Parker,zoe.parker.3219@customer360.test,+1-555-619-3103,active,55-64,Chicago,US,email
Emiliano,Hernandez,emiliano.hernandez.3220@customer360.test,+1-555-620-3140,active,45-54,Monterrey,MX,email
Noah,Campbell,noah.campbell.3221@customer360.test,+1-555-621-3177,inactive,35-44,Montreal,CA,push
Oscar,Morgan,oscar.morgan.3222@customer360.test,+1-555-622-3214,active,25-34,Sydney,AU,email
Caleb,Russell,caleb.russell.3223@customer360.test,+1-555-623-3251,active,35-44,Philadelphia,US,email
Kavya Priya,Kapoor,kavya-priya.kapoor.3224@customer360.test,+1-555-624-3288,active,35-44,Chennai,IN,email
Maeve,Campbell,maeve.campbell.3225@customer360.test,+1-555-625-3325,active,18-24,Montreal,CA,sms
Parker,Cooper,parker.cooper.3226@customer360.test,+1-555-626-3362,active,55-64,Denver,US,push
Oscar,Wallace,oscar.wallace.3227@customer360.test,+1-555-627-3399,active,45-54,Perth,AU,sms
Kabir,Pillai,kabir.pillai.3228@customer360.test,+1-555-628-3436,active,25-34,Pune,IN,push
Davide Giovanni,Rossi,davide-giovanni.rossi.3229@customer360.test,+1-555-629-3473,active,25-34,Turin,IT,push
Valeria,Mendoza,valeria.mendoza.3230@customer360.test,+1-555-630-3510,active,35-44,Merida,MX,push
Eva,Mulder,eva.mulder.3231@customer360.test,+1-555-631-3547,active,45-54,Utrecht,NL,push
Aiden,Botha,aiden.botha.3232@customer360.test,+1-555-632-3584,active,35-44,Gqeberha,ZA,email
Mei,Yamamoto,mei.yamamoto.3233@customer360.test,+1-555-633-3621,active,55-64,Yokohama,JP,sms
Nana Ken,Watanabe,nana-ken.watanabe.3234@customer360.test,+1-555-634-3658,active,35-44,Sapporo,JP,push
Alba,Navarro,alba.navarro.3235@customer360.test,+1-555-635-3695,active,25-34,Madrid,ES,email
Gabriel Luc,Rousseau,gabriel-luc.rousseau.3236@customer360.test,+1-555-636-3732,active,45-54,Lille,FR,push
Lachlan,Anderson,lachlan.anderson.3237@customer360.test,+1-555-637-3769,active,25-34,Canberra,AU,sms
Ishaan,Kulkarni,ishaan.kulkarni.3238@customer360.test,+1-555-638-3806,active,18-24,Pune,IN,push
Martin Carmen,Garcia,martin-carmen.garcia.3239@customer360.test,+1-555-639-3843,active,55-64,Seville,ES,email
Eva Pieter,Van Dijk,eva-pieter.van-dijk.3240@customer360.test,+1-555-640-3880,active,35-44,Rotterdam,NL,sms
Wei Ming,Rahman,wei-ming.rahman.3241@customer360.test,+1-555-641-3917,active,45-54,Singapore,SG,push
Sofia,Vidal,sofia.vidal.3242@customer360.test,+1-555-642-3954,active,25-34,Valencia,ES,email
Emilia,Hoffmann,emilia.hoffmann.3243@customer360.test,+1-555-643-3991,active,45-54,Frankfurt,DE,sms
Clara,Brandt,clara.brandt.3244@customer360.test,+1-555-644-4028,active,18-24,Leipzig,DE,email
Tara,Menon,tara.menon.3245@customer360.test,+1-555-645-4065,active,18-24,Hyderabad,IN,email
Nana,Yamamoto,nana.yamamoto.3246@customer360.test,+1-555-646-4102,active,35-44,Osaka,JP,sms
Marcus Min,Lim,marcus-min.lim.3247@customer360.test,+1-555-647-4139,active,35-44,Singapore,SG,email
Enzo,Ferreira,enzo.ferreira.3248@customer360.test,+1-555-648-4176,active,55-64,Rio de Janeiro,BR,sms
Freya,Bennett,freya.bennett.3249@customer360.test,+1-555-649-4213,active,35-44,Glasgow,GB,sms
Mei Lin,Rahman,mei-lin.rahman.3250@customer360.test,+1-555-650-4250,active,55-64,Singapore,SG,push
Diego,Mendoza,diego.mendoza.3251@customer360.test,+1-555-651-4287,active,35-44,Puebla,MX,sms
Jordan,Carter,jordan.carter.3252@customer360.test,+1-555-652-4324,active,55-64,Seattle,US,push
Amelie,Hoffmann,amelie.hoffmann.3253@customer360.test,+1-555-653-4361,active,18-24,Cologne,DE,email
Marcus,Ng,marcus.ng.3254@customer360.test,+1-555-654-4398,active,55-64,Singapore,SG,email
Valentina,Barbosa,valentina.barbosa.3255@customer360.test,+1-555-655-4435,active,35-44,Sao Paulo,BR,sms
Jordan,Parker,jordan.parker.3256@customer360.test,+1-555-656-4472,active,45-54,San Diego,US,sms
Chloe,Fraser,chloe.fraser.3257@customer360.test,+1-555-657-4509,active,45-54,Calgary,CA,email
Haruto,Yamamoto,haruto.yamamoto.3258@customer360.test,+1-555-658-4546,active,55-64,Yokohama,JP,email
Mila,Keller,mila.keller.3259@customer360.test,+1-555-659-4583,active,18-24,Leipzig,DE,push
Aditi,Chatterjee,aditi.chatterjee.3260@customer360.test,+1-555-660-4620,active,25-34,Kolkata,IN,sms
Sofia,Morales,sofia.morales.3261@customer360.test,+1-555-661-4657,active,18-24,Guadalajara,MX,sms
Arjun,Kapoor,arjun.kapoor.3262@customer360.test,+1-555-662-4694,inactive,35-44,Hyderabad,IN,email
Oscar,Fletcher,oscar.fletcher.3263@customer360.test,+1-555-663-4731,active,45-54,Sydney,AU,sms
Rohan,Menon,rohan.menon.3264@customer360.test,+1-555-664-4768,active,45-54,Kolkata,IN,email
Alice,Romano,alice.romano.3265@customer360.test,+1-555-665-4805,active,18-24,Rome,IT,email
Isla,Mercer,isla.mercer.3266@customer360.test,+1-555-666-4842,active,45-54,Edinburgh,GB,email
Lena Lukas,Schneider,lena-lukas.schneider.3267@customer360.test,+1-555-667-4879,active,18-24,Munich,DE,email
Gabriel,Mendes,gabriel.mendes.3268@customer360.test,+1-555-668-4916,inactive,25-34,Brasilia,BR,email
Ryan,Ng,ryan.ng.3269@customer360.test,+1-555-669-4953,active,55-64,Singapore,SG,email
Mathis,Laurent,mathis.laurent.3270@customer360.test,+1-555-670-4990,inactive,25-34,Nantes,FR,sms
Sofia,Parker,sofia.parker.3271@customer360.test,+1-555-671-5027,active,55-64,Minneapolis,US,sms
George,Crawford,george.crawford.3272@customer360.test,+1-555-672-5064,active,25-34,Leeds,GB,sms
Ishaan Priya,Desai,ishaan-priya.desai.3273@customer360.test,+1-555-673-5101,active,45-54,Jaipur,IN,push
Ayanda,Mthembu,ayanda.mthembu.3274@customer360.test,+1-555-674-5138,active,18-24,Cape Town,ZA,push
Marco,Marino,marco.marino.3275@customer360.test,+1-555-675-5175,active,18-24,Bologna,IT,push
Riku,Takahashi,riku.takahashi.3276@customer360.test,+1-555-676-5212,active,25-34,Kyoto,JP,push
Jesse Marie,Jansen,jesse-marie.jansen.3277@customer360.test,+1-555-677-5249,active,35-44,Eindhoven,NL,push
Nana,Yoshida,nana.yoshida.3278@customer360.test,+1-555-678-5286,active,45-54,Sapporo,JP,sms
Sofia,Ward,sofia.ward.3279@customer360.test,+1-555-679-5323,active,35-44,Atlanta,US,sms
Sofia,Garcia,sofia.garcia.3280@customer360.test,+1-555-680-5360,active,25-34,Seville,ES,push
Lachlan,Hayes,lachlan.hayes.3281@customer360.test,+1-555-681-5397,active,18-24,Adelaide,AU,push
Javier,Ortega,javier.ortega.3282@customer360.test,+1-555-682-5434,active,25-34,Guadalajara,MX,sms
Ishaan,Saxena,ishaan.saxena.3283@customer360.test,+1-555-683-5471,active,45-54,Delhi,IN,email
Enzo,Almeida,enzo.almeida.3284@customer360.test,+1-555-684-5508,active,35-44,Curitiba,BR,email
Siti,Lim,siti.lim.3285@customer360.test,+1-555-685-5545,active,25-34,Singapore,SG,email
Jonas,Brandt,jonas.brandt.3286@customer360.test,+1-555-686-5582,active,25-34,Cologne,DE,sms
Cheryl,Chua,cheryl.chua.3287@customer360.test,+1-555-687-5619,active,25-34,Singapore,SG,email
Arthur,Lawson,arthur.lawson.3288@customer360.test,+1-555-688-5656,active,45-54,Leeds,GB,push
Sofia,Mitchell,sofia.mitchell.3289@customer360.test,+1-555-689-5693,active,45-54,San Diego,US,push
Sofia,Bailey,sofia.bailey.3290@customer360.test,+1-555-690-5730,inactive,18-24,Denver,US,push
Arjun,Kapoor,arjun.kapoor.3291@customer360.test,+1-555-691-5767,inactive,25-34,Jaipur,IN,email
Amelia,Fletcher,amelia.fletcher.3292@customer360.test,+1-555-692-5804,active,25-34,Glasgow,GB,email
Rin,Kobayashi,rin.kobayashi.3293@customer360.test,+1-555-693-5841,active,18-24,Kyoto,JP,email
Tara Raj,Iyer,tara-raj.iyer.3294@customer360.test,+1-555-694-5878,active,25-34,Chennai,IN,sms
Davide,Romano,davide.romano.3295@customer360.test,+1-555-695-5915,active,35-44,Milan,IT,sms
Juliette,Marchand,juliette.marchand.3296@customer360.test,+1-555-696-5952,active,18-24,Nantes,FR,sms
Mila,Brandt,mila.brandt.3297@customer360.test,+1-555-697-5989,active,18-24,Cologne,DE,sms
Elias,Sinclair,elias.sinclair.3298@customer360.test,+1-555-698-6026,active,18-24,Vancouver,CA,push
Nana,Suzuki,nana.suzuki.3299@customer360.test,+1-555-699-6063,inactive,18-24,Yokohama,JP,push
Elliot,Cameron,elliot.cameron.3300@customer360.test,+1-555-700-6100,active,45-54,Adelaide,AU,sms
Valeria,Vidal,valeria.vidal.3301@customer360.test,+1-555-701-6137,active,35-44,Bilbao,ES,email
Luiza,Almeida,luiza.almeida.3302@customer360.test,+1-555-702-6174,active,35-44,Recife,BR,email
Tara,Desai,tara.desai.3303@customer360.test,+1-555-703-6211,active,55-64,Jaipur,IN,push
Nisha,Kulkarni,nisha.kulkarni.3304@customer360.test,+1-555-704-6248,active,25-34,Delhi,IN,push
Lotte,Van Dijk,lotte.van-dijk.3305@customer360.test,+1-555-705-6285,active,25-34,Utrecht,NL,sms
Mei,Takahashi,mei.takahashi.3306@customer360.test,+1-555-706-6322,active,55-64,Nagoya,JP,email
Caio,Nogueira,caio.nogueira.3307@customer360.test,+1-555-707-6359,active,18-24,Rio de Janeiro,BR,push
Camila Luiz,Costa,camila-luiz.costa.3308@customer360.test,+1-555-708-6396,active,55-64,Sao Paulo,BR,email
Mia,Clarke,mia.clarke.3309@customer360.test,+1-555-709-6433,active,35-44,Adelaide,AU,email
George,Crawford,george.crawford.3310@customer360.test,+1-555-710-6470,active,25-34,Birmingham,GB,push
Ethan,Mitchell,ethan.mitchell.3311@customer360.test,+1-555-711-6507,active,25-34,Atlanta,US,sms
Ren,Yamada,ren.yamada.3312@customer360.test,+1-555-712-6544,active,45-54,Osaka,JP,email
Zoe,Cooper,zoe.cooper.3313@customer360.test,+1-555-713-6581,active,25-34,Seattle,US,sms
Kabir,Mehta,kabir.mehta.3314@customer360.test,+1-555-714-6618,active,55-64,Kolkata,IN,sms
Elena,Vargas,elena.vargas.3315@customer360.test,+1-555-715-6655,active,35-44,Monterrey,MX,push
Harper Lee,Parker,harper-lee.parker.3316@customer360.test,+1-555-716-6692,active,25-34,Boston,US,push
Aarav Dev,Pillai,aarav-dev.pillai.3317@customer360.test,+1-555-717-6729,active,25-34,Jaipur,IN,sms
Arthur,Whitmore,arthur.whitmore.3318@customer360.test,+1-555-718-6766,active,45-54,Bristol,GB,sms
Enzo,Mendes,enzo.mendes.3319@customer360.test,+1-555-719-6803,active,45-54,Curitiba,BR,sms
Daan Marie,Smit,daan-marie.smit.3320@customer360.test,+1-555-720-6840,active,18-24,Eindhoven,NL,email
Aarav Priya,Malhotra,aarav-priya.malhotra.3321@customer360.test,+1-555-721-6877,active,35-44,Hyderabad,IN,email
Mariana,Hernandez,mariana.hernandez.3322@customer360.test,+1-555-722-6914,active,35-44,Mexico City,MX,sms
Sophie Louis,Fournier,sophie-louis.fournier.3323@customer360.test,+1-555-723-6951,active,35-44,Edmonton,CA,sms
Lerato,Mabena,lerato.mabena.3324@customer360.test,+1-555-724-6988,active,35-44,Durban,ZA,push
Riley Lee,Bailey,riley-lee.bailey.3325@customer360.test,+1-555-725-7025,active,55-64,Portland,US,push
Milan,Van Dijk,milan.van-dijk.3326@customer360.test,+1-555-726-7062,active,45-54,The Hague,NL,push
Arjun Priya,Kapoor,arjun-priya.kapoor.3327@customer360.test,+1-555-727-7099,active,25-34,Hyderabad,IN,push
Lucas,Meijer,lucas.meijer.3328@customer360.test,+1-555-728-7136,active,45-54,Utrecht,NL,email
Mio,Sato,mio.sato.3329@customer360.test,+1-555-729-7173,active,25-34,Fukuoka,JP,sms
Valentina,Nogueira,valentina.nogueira.3330@customer360.test,+1-555-730-7210,active,25-34,Recife,BR,sms
Nora,Parker,nora.parker.3331@customer360.test,+1-555-731-7247,active,45-54,Seattle,US,sms
Sakura,Yamada,sakura.yamada.3332@customer360.test,+1-555-732-7284,active,18-24,Osaka,JP,sms
Aurora,Romano,aurora.romano.3333@customer360.test,+1-555-733-7321,active,35-44,Milan,IT,push
Thiago,Costa,thiago.costa.3334@customer360.test,+1-555-734-7358,active,55-64,Rio de Janeiro,BR,email
Rafael,Oliveira,rafael.oliveira.3335@customer360.test,+1-555-735-7395,active,25-34,Curitiba,BR,email
Sofia,Reed,sofia.reed.3336@customer360.test,+1-555-736-7432,active,35-44,Philadelphia,US,push
Morgan,Ward,morgan.ward.3337@customer360.test,+1-555-737-7469,inactive,18-24,Minneapolis,US,email
Vivaan,Desai,vivaan.desai.3338@customer360.test,+1-555-738-7506,active,25-34,Chennai,IN,push
Finn,Wallace,finn.wallace.3339@customer360.test,+1-555-739-7543,active,25-34,Canberra,AU,sms
Camila,Morales,camila.morales.3340@customer360.test,+1-555-740-7580,active,35-44,Guadalajara,MX,email
Aoi,Ito,aoi.ito.3341@customer360.test,+1-555-741-7617,active,35-44,Yokohama,JP,sms
Mateus,Teixeira,mateus.teixeira.3342@customer360.test,+1-555-742-7654,active,35-44,Recife,BR,email
Nana,Sato,nana.sato.3343@customer360.test,+1-555-743-7691,inactive,25-34,Osaka,JP,sms
Lwazi,Maseko,lwazi.maseko.3344@customer360.test,+1-555-744-7728,active,45-54,Cape Town,ZA,email
Zoe Alex,Mitchell,zoe-alex.mitchell.3345@customer360.test,+1-555-745-7765,active,45-54,Denver,US,sms
Cooper,Cameron,cooper.cameron.3346@customer360.test,+1-555-746-7802,active,25-34,Brisbane,AU,email
Mia,Reid,mia.reid.3347@customer360.test,+1-555-747-7839,active,35-44,Canberra,AU,push
Nina Jan,Vos,nina-jan.vos.3348@customer360.test,+1-555-748-7876,active,18-24,The Hague,NL,push
Sofia,Serrano,sofia.serrano.3349@customer360.test,+1-555-749-7913,active,25-34,Mexico City,MX,push
Ethan,Russell,ethan.russell.3350@customer360.test,+1-555-750-7950,active,35-44,Boston,US,push
Renata Luis,Ortega,renata-luis.ortega.3351@customer360.test,+1-555-751-7987,active,35-44,Puebla,MX,push
Elliot Rose,Bennett,elliot-rose.bennett.3352@customer360.test,+1-555-752-8024,active,55-64,Hobart,AU,email
Diya,Pillai,diya.pillai.3353@customer360.test,+1-555-753-8061,active,45-54,Pune,IN,push
Zinhle,Maseko,zinhle.maseko.3354@customer360.test,+1-555-754-8098,active,35-44,Johannesburg,ZA,push
Marco Luca,Bianchi,marco-luca.bianchi.3355@customer360.test,+1-555-755-8135,active,55-64,Florence,IT,sms
Lachlan,McKenzie,lachlan.mckenzie.3356@customer360.test,+1-555-756-8172,active,55-64,Brisbane,AU,sms
Isabela Joao,Araujo,isabela-joao.araujo.3357@customer360.test,+1-555-757-8209,active,35-44,Recife,BR,email
Nana,Sato,nana.sato.3358@customer360.test,+1-555-758-8246,active,25-34,Tokyo,JP,email
Kaito,Watanabe,kaito.watanabe.3359@customer360.test,+1-555-759-8283,active,18-24,Tokyo,JP,push
Aisha,Lim,aisha.lim.3360@customer360.test,+1-555-760-8320,active,18-24,Singapore,SG,sms
Hugo,Fontaine,hugo.fontaine.3361@customer360.test,+1-555-761-8357,active,35-44,Bordeaux,FR,email
Nina,De Boer,nina.de-boer.3362@customer360.test,+1-555-762-8394,active,18-24,Rotterdam,NL,push
Maeve,Campbell,maeve.campbell.3363@customer360.test,+1-555-763-8431,active,35-44,Ottawa,CA,email
Oscar,Wallace,oscar.wallace.3364@customer360.test,+1-555-764-8468,active,25-34,Adelaide,AU,email
Dylan,Brooks,dylan.brooks.3365@customer360.test,+1-555-765-8505,active,25-34,Philadelphia,US,sms
Eva Marie,Bos,eva-marie.bos.3366@customer360.test,+1-555-766-8542,active,25-34,Rotterdam,NL,email
Ines,Laurent,ines.laurent.3367@customer360.test,+1-555-767-8579,active,18-24,Paris,FR,sms
Giulia,Lombardi,giulia.lombardi.3368@customer360.test,+1-555-768-8616,active,18-24,Bologna,IT,push
Cameron,Turner,cameron.turner.3369@customer360.test,+1-555-769-8653,active,25-34,Philadelphia,US,email
Enzo,Araujo,enzo.araujo.3370@customer360.test,+1-555-770-8690,active,25-34,Salvador,BR,push
Ishaan Riya,Malhotra,ishaan-riya.malhotra.3371@customer360.test,+1-555-771-8727,active,25-34,Delhi,IN,email
Vivaan,Mehta,vivaan.mehta.3372@customer360.test,+1-555-772-8764,active,25-34,Kolkata,IN,sms
Arjun,Rahman,arjun.rahman.3373@customer360.test,+1-555-773-8801,active,45-54,Singapore,SG,sms
Rin,Kobayashi,rin.kobayashi.3374@customer360.test,+1-555-774-8838,active,45-54,Yokohama,JP,sms
Julian,Bouchard,julian.bouchard.3375@customer360.test,+1-555-775-8875,active,45-54,Montreal,CA,sms
Tara,Chatterjee,tara.chatterjee.3376@customer360.test,+1-555-776-8912,active,55-64,Pune,IN,sms
Hugo,Sinclair,hugo.sinclair.3377@customer360.test,+1-555-777-8949,active,35-44,London,GB,push
Finn Marie,Van Dijk,finn-marie.van-dijk.3378@customer360.test,+1-555-778-8986,active,55-64,Amsterdam,NL,sms
Baptiste,Blanc,baptiste.blanc.3379@customer360.test,+1-555-779-9023,active,18-24,Nantes,FR,sms
Nisha,Desai,nisha.desai.3380@customer360.test,+1-555-780-9060,inactive,45-54,Bengaluru,IN,email
Rohan,Menon,rohan.menon.3381@customer360.test,+1-555-781-9097,inactive,25-34,Jaipur,IN,email
Emiliano,Serrano,emiliano.serrano.3382@customer360.test,+1-555-782-9134,active,18-24,Mexico City,MX,push
Emiliano,Vargas,emiliano.vargas.3383@customer360.test,+1-555-783-9171,active,35-44,Queretaro,MX,sms
Gabriel,Marchand,gabriel.marchand.3384@customer360.test,+1-555-784-9208,active,35-44,Nantes,FR,email
Arthur,Laurent,arthur.laurent.3385@customer360.test,+1-555-785-9245,active,18-24,Lille,FR,push
Sofia,Cervantes,sofia.cervantes.3386@customer360.test,+1-555-786-9282,inactive,18-24,Guadalajara,MX,email
Cooper,McKenzie,cooper.mckenzie.3387@customer360.test,+1-555-787-9319,active,55-64,Melbourne,AU,email
Siti,Rahman,siti.rahman.3388@customer360.test,+1-555-788-9356,active,35-44,Singapore,SG,push
Nisha,Malhotra,nisha.malhotra.3389@customer360.test,+1-555-789-9393,active,25-34,Mumbai,IN,push
Sota,Yamada,sota.yamada.3390@customer360.test,+1-555-790-9430,active,35-44,Tokyo,JP,push
Juliette,Rousseau,juliette.rousseau.3391@customer360.test,+1-555-791-9467,active,35-44,Paris,FR,sms
Camille,Chevalier,camille.chevalier.3392@customer360.test,+1-555-792-9504,inactive,55-64,Marseille,FR,email
Oscar,Sinclair,oscar.sinclair.3393@customer360.test,+1-555-793-9541,active,18-24,Birmingham,GB,sms
Nora,Foster,nora.foster.3394@customer360.test,+1-555-794-9578,active,25-34,Atlanta,US,email
George Rose,Ellis,george-rose.ellis.3395@customer360.test,+1-555-795-9615,active,18-24,Birmingham,GB,sms
Oscar,Fletcher,oscar.fletcher.3396@customer360.test,+1-555-796-9652,active,55-64,London,GB,push
Clara,Lefevre,clara.lefevre.3397@customer360.test,+1-555-797-9689,active,35-44,Bordeaux,FR,push
Zara,Sullivan,zara.sullivan.3398@customer360.test,+1-555-798-9726,active,25-34,Hobart,AU,sms
Rohan,Chatterjee,rohan.chatterjee.3399@customer360.test,+1-555-799-9763,active,18-24,Hyderabad,IN,sms
Ines,Blanc,ines.blanc.3400@customer360.test,+1-555-800-9800,active,35-44,Marseille,FR,push
Beatriz,Carvalho,beatriz.carvalho.3401@customer360.test,+1-555-801-9837,active,25-34,Porto Alegre,BR,email
Clara,Morrison,clara.morrison.3402@customer360.test,+1-555-802-9874,inactive,25-34,Calgary,CA,sms
Vihaan,Chatterjee,vihaan.chatterjee.3403@customer360.test,+1-555-803-9911,active,45-54,Jaipur,IN,sms
Miles,Brooks,miles.brooks.3404@customer360.test,+1-555-804-9948,active,35-44,Austin,US,email
Rafael,Oliveira,rafael.oliveira.3405@customer360.test,+1-555-805-9985,inactive,45-54,Curitiba,BR,push
Anaya,Iyer,anaya.iyer.3406@customer360.test,+1-555-806-1022,active,35-44,Mumbai,IN,sms
Lucas,Bakker,lucas.bakker.3407@customer360.test,+1-555-807-1059,inactive,45-54,The Hague,NL,email
Sophie,Kruger,sophie.kruger.3408@customer360.test,+1-555-808-1096,active,45-54,Cologne,DE,sms
Valeria,Hernandez,valeria.hernandez.3409@customer360.test,+1-555-809-1133,active,35-44,Puebla,MX,email
Jack Lee,Clarke,jack-lee.clarke.3410@customer360.test,+1-555-810-1170,active,35-44,Melbourne,AU,push
Leonie,Blanc,leonie.blanc.3411@customer360.test,+1-555-811-1207,active,55-64,Lyon,FR,email
Sienna,Clarke,sienna.clarke.3412@customer360.test,+1-555-812-1244,active,35-44,Sydney,AU,sms
Neo,Mabena,neo.mabena.3413@customer360.test,+1-555-813-1281,inactive,35-44,Cape Town,ZA,email
Lucia,Navarro,lucia.navarro.3414@customer360.test,+1-555-814-1318,active,18-24,Queretaro,MX,sms
Diya,Mehta,diya.mehta.3415@customer360.test,+1-555-815-1355,active,25-34,Jaipur,IN,email
Lotte,Smit,lotte.smit.3416@customer360.test,+1-555-816-1392,active,35-44,Amsterdam,NL,email
Tess,De Boer,tess.de-boer.3417@customer360.test,+1-555-817-1429,inactive,25-34,Rotterdam,NL,sms
Nisha Kiran,Desai,nisha-kiran.desai.3418@customer360.test,+1-555-818-1466,active,45-54,Hyderabad,IN,email
Diego,Cabrera,diego.cabrera.3419@customer360.test,+1-555-819-1503,active,18-24,Bilbao,ES,email
Daniel,Delgado,daniel.delgado.3420@customer360.test,+1-555-820-1540,active,45-54,Monterrey,MX,email
Aoi,Kobayashi,aoi.kobayashi.3421@customer360.test,+1-555-821-1577,active,25-34,Kyoto,JP,push
Siti,Chua,siti.chua.3422@customer360.test,+1-555-822-1614,active,45-54,Singapore,SG,email
Gabriel,Araujo,gabriel.araujo.3423@customer360.test,+1-555-823-1651,active,25-34,Sao Paulo,BR,push
Ruby James,Ellis,ruby-james.ellis.3424@customer360.test,+1-555-824-1688,active,45-54,Bristol,GB,sms
Yuto Hiro,Suzuki,yuto-hiro.suzuki.3425@customer360.test,+1-555-825-1725,active,55-64,Osaka,JP,email
Noah Anne,Schneider,noah-anne.schneider.3426@customer360.test,+1-555-826-1762,active,18-24,Hamburg,DE,push
Callum,Fletcher,callum.fletcher.3427@customer360.test,+1-555-827-1799,active,35-44,Melbourne,AU,email
Jonas,Neumann,jonas.neumann.3428@customer360.test,+1-555-828-1836,active,25-34,Cologne,DE,email
Javier,Morales,javier.morales.3429@customer360.test,+1-555-829-1873,inactive,35-44,Merida,MX,sms
Arjun,Chua,arjun.chua.3430@customer360.test,+1-555-830-1910,active,45-54,Singapore,SG,email
Mariana,Serrano,mariana.serrano.3431@customer360.test,+1-555-831-1947,active,45-54,Guadalajara,MX,push
Taylor Rose,Brooks,taylor-rose.brooks.3432@customer360.test,+1-555-832-1984,active,55-64,Chicago,US,push
Meera Kiran,Rao,meera-kiran.rao.3433@customer360.test,+1-555-833-2021,active,35-44,Bengaluru,IN,sms
Alejandro,Fuentes,alejandro.fuentes.3434@customer360.test,+1-555-834-2058,active,45-54,Merida,MX,sms
Thabo,Dlamini,thabo.dlamini.3435@customer360.test,+1-555-835-2095,active,35-44,Johannesburg,ZA,push
Vihaan,Joshi,vihaan.joshi.3436@customer360.test,+1-555-836-2132,active,35-44,Kochi,IN,push
Sakura,Suzuki,sakura.suzuki.3437@customer360.test,+1-555-837-2169,active,18-24,Fukuoka,JP,sms
Naledi,Dlamini,naledi.dlamini.3438@customer360.test,+1-555-838-2206,active,25-34,Johannesburg,ZA,email
Kabir,Rao,kabir.rao.3439@customer360.test,+1-555-839-2243,active,18-24,Pune,IN,email
Maeve,Beaulieu,maeve.beaulieu.3440@customer360.test,+1-555-840-2280,active,55-64,Edmonton,CA,email
Aisha,Koh,aisha.koh.3441@customer360.test,+1-555-841-2317,active,25-34,Singapore,SG,push
Riku Ken,Takahashi,riku-ken.takahashi.3442@customer360.test,+1-555-842-2354,active,25-34,Yokohama,JP,email
Mei,Watanabe,mei.watanabe.3443@customer360.test,+1-555-843-2391,active,25-34,Nagoya,JP,sms
Riley,Ward,riley.ward.3444@customer360.test,+1-555-844-2428,active,55-64,Philadelphia,US,push
Grace,Wallace,grace.wallace.3445@customer360.test,+1-555-845-2465,active,35-44,Perth,AU,push
Poppy,Ellis,poppy.ellis.3446@customer360.test,+1-555-846-2502,active,45-54,Bristol,GB,email
Alejandro,Castillo,alejandro.castillo.3447@customer360.test,+1-555-847-2539,active,18-24,Queretaro,MX,email
Arthur,Mercier,arthur.mercier.3448@customer360.test,+1-555-848-2576,active,25-34,Lille,FR,email
Owen Louis,Morrison,owen-louis.morrison.3449@customer360.test,+1-555-849-2613,active,35-44,Edmonton,CA,push
Mateo,Fuentes,mateo.fuentes.3450@customer360.test,+1-555-850-2650,inactive,25-34,Monterrey,MX,email
Lucia,Iglesias,lucia.iglesias.3451@customer360.test,+1-555-851-2687,inactive,25-34,Madrid,ES,push
Amelie,Morrison,amelie.morrison.3452@customer360.test,+1-555-852-2724,active,45-54,Vancouver,CA,sms
Kabir Dev,Pillai,kabir-dev.pillai.3453@customer360.test,+1-555-853-2761,active,35-44,Jaipur,IN,push
Zoe,Morgan,zoe.morgan.3454@customer360.test,+1-555-854-2798,active,18-24,Atlanta,US,push
Tara,Joshi,tara.joshi.3455@customer360.test,+1-555-855-2835,active,55-64,Kolkata,IN,push
Pedro,Mendes,pedro.mendes.3456@customer360.test,+1-555-856-2872,inactive,45-54,Recife,BR,push
Kaito,Suzuki,kaito.suzuki.3457@customer360.test,+1-555-857-2909,active,18-24,Kyoto,JP,email
Gabriel,Chevalier,gabriel.chevalier.3458@customer360.test,+1-555-858-2946,inactive,35-44,Lille,FR,sms
Hugo,Fontaine,hugo.fontaine.3459@customer360.test,+1-555-859-2983,active,35-44,Lyon,FR,push
Sophie,Bennett,sophie.bennett.3460@customer360.test,+1-555-860-3020,active,35-44,Edmonton,CA,email
Daniel,Navarro,daniel.navarro.3461@customer360.test,+1-555-861-3057,active,18-24,Mexico City,MX,sms
Grace Rose,Wallace,grace-rose.wallace.3462@customer360.test,+1-555-862-3094,active,35-44,Brisbane,AU,email
Harper,Turner,harper.turner.3463@customer360.test,+1-555-863-3131,active,35-44,Austin,US,push
Mila,Bouchard,mila.bouchard.3464@customer360.test,+1-555-864-3168,active,25-34,Edmonton,CA,email
Valeria,Fuentes,valeria.fuentes.3465@customer360.test,+1-555-865-3205,active,45-54,Queretaro,MX,sms
Cooper Rose,Hayes,cooper-rose.hayes.3466@customer360.test,+1-555-866-3242,active,18-24,Sydney,AU,push
Sofia,Collins,sofia.collins.3467@customer360.test,+1-555-867-3279,active,18-24,Minneapolis,US,sms
Rohan,Sharma,rohan.sharma.3468@customer360.test,+1-555-868-3316,inactive,45-54,Kochi,IN,email
Jonas,Hoffmann,jonas.hoffmann.3469@customer360.test,+1-555-869-3353,inactive,18-24,Frankfurt,DE,sms
Jordan,Collins,jordan.collins.3470@customer360.test,+1-555-870-3390,active,18-24,Chicago,US,sms
Vivaan,Saxena,vivaan.saxena.3471@customer360.test,+1-555-871-3427,active,35-44,Kolkata,IN,push
Luiza Clara,Carvalho,luiza-clara.carvalho.3472@customer360.test,+1-555-872-3464,active,18-24,Salvador,BR,sms
Lena Kai,Parker,lena-kai.parker.3473@customer360.test,+1-555-873-3501,active,45-54,Philadelphia,US,push
Kavya,Bhat,kavya.bhat.3474@customer360.test,+1-555-874-3538,active,55-64,Hyderabad,IN,email
Arjun,Lim,arjun.lim.3475@customer360.test,+1-555-875-3575,active,25-34,Singapore,SG,email
Javier Jose,Ortega,javier-jose.ortega.3476@customer360.test,+1-555-876-3612,inactive,45-54,Guadalajara,MX,sms
Hugo,Harrington,hugo.harrington.3477@customer360.test,+1-555-877-3649,active,35-44,Manchester,GB,sms
Vivaan,Nair,vivaan.nair.3478@customer360.test,+1-555-878-3686,active,25-34,Bengaluru,IN,push
Theo,Bennett,theo.bennett.3479@customer360.test,+1-555-879-3723,active,35-44,Toronto,CA,email
Ayanda,Mthembu,ayanda.mthembu.3480@customer360.test,+1-555-880-3760,active,45-54,Pretoria,ZA,push
Mateus,Araujo,mateus.araujo.3481@customer360.test,+1-555-881-3797,active,45-54,Curitiba,BR,push
Riley,Brooks,riley.brooks.3482@customer360.test,+1-555-882-3834,active,25-34,Denver,US,push
Anaya,Pillai,anaya.pillai.3483@customer360.test,+1-555-883-3871,active,25-34,Delhi,IN,email
Mateo,Morales,mateo.morales.3484@customer360.test,+1-555-884-3908,active,18-24,Mexico City,MX,sms
Liam,Bouchard,liam.bouchard.3485@customer360.test,+1-555-885-3945,active,25-34,Edmonton,CA,email
Camila Clara,Araujo,camila-clara.araujo.3486@customer360.test,+1-555-886-3982,active,35-44,Curitiba,BR,sms
Arjun,Rahman,arjun.rahman.3487@customer360.test,+1-555-887-4019,active,55-64,Singapore,SG,sms
Quinn,Morgan,quinn.morgan.3488@customer360.test,+1-555-888-4056,active,55-64,Portland,US,email
Finn,Hartmann,finn.hartmann.3489@customer360.test,+1-555-889-4093,active,35-44,Cologne,DE,push
Santiago Luis,Ortega,santiago-luis.ortega.3490@customer360.test,+1-555-890-4130,active,25-34,Queretaro,MX,email
Paul,Brandt,paul.brandt.3491@customer360.test,+1-555-891-4167,active,25-34,Frankfurt,DE,push
Zinhle James,Mabena,zinhle-james.mabena.3492@customer360.test,+1-555-892-4204,active,45-54,Bloemfontein,ZA,email
Santiago Jose,Ortega,santiago-jose.ortega.3493@customer360.test,+1-555-893-4241,active,18-24,Monterrey,MX,push
Amelie,Bouchard,amelie.bouchard.3494@customer360.test,+1-555-894-4278,active,25-34,Vancouver,CA,push
Camille,Dubois,camille.dubois.3495@customer360.test,+1-555-895-4315,active,35-44,Lille,FR,email
Mariana,Delgado,mariana.delgado.3496@customer360.test,+1-555-896-4352,active,25-34,Queretaro,MX,email
Caleb,Ward,caleb.ward.3497@customer360.test,+1-555-897-4389,active,45-54,Portland,US,push
Sipho,Mthembu,sipho.mthembu.3498@customer360.test,+1-555-898-4426,active,45-54,Gqeberha,ZA,email
Avery,Carter,avery.carter.3499@customer360.test,+1-555-899-4463,active,25-34,Philadelphia,US,email
Noah,Fournier,noah.fournier.3500@customer360.test,+1-555-900-4500,active,18-24,Toronto,CA,email
Meera,Kapoor,meera.kapoor.3501@customer360.test,+1-555-901-4537,inactive,55-64,Kochi,IN,email
Baptiste,Lefevre,baptiste.lefevre.3502@customer360.test,+1-555-902-4574,active,35-44,Nantes,FR,push
Leah,Fournier,leah.fournier.3503@customer360.test,+1-555-903-4611,active,45-54,Toronto,CA,email
Caleb,Bailey,caleb.bailey.3504@customer360.test,+1-555-904-4648,active,25-34,Atlanta,US,email
Ruby,Whitmore,ruby.whitmore.3505@customer360.test,+1-555-905-4685,active,18-24,Glasgow,GB,sms
Sienna Rose,Morgan,sienna-rose.morgan.3506@customer360.test,+1-555-906-4722,active,35-44,Adelaide,AU,sms
Alba Jose,Iglesias,alba-jose.iglesias.3507@customer360.test,+1-555-907-4759,active,25-34,Seville,ES,push
Isla,Reid,isla.reid.3508@customer360.test,+1-555-908-4796,active,35-44,Melbourne,AU,email
Lucia,Rojas,lucia.rojas.3509@customer360.test,+1-555-909-4833,active,45-54,Bilbao,ES,email
Theo Claire,Lavoie,theo-claire.lavoie.3510@customer360.test,+1-555-910-4870,active,18-24,Ottawa,CA,push
Mathis,Moreau,mathis.moreau.3511@customer360.test,+1-555-911-4907,active,35-44,Bordeaux,FR,push
Aisha,Rahman,aisha.rahman.3512@customer360.test,+1-555-912-4944,active,55-64,Singapore,SG,email
Alfie,Harrington,alfie.harrington.3513@customer360.test,+1-555-913-4981,active,25-34,Birmingham,GB,push
Logan,Hayes,logan.hayes.3514@customer360.test,+1-555-914-5018,active,18-24,Atlanta,US,push
Jordan,Morgan,jordan.morgan.3515@customer360.test,+1-555-915-5055,active,55-64,Seattle,US,push
Amelia,Sinclair,amelia.sinclair.3516@customer360.test,+1-555-916-5092,active,45-54,Manchester,GB,push
Fleur,Meijer,fleur.meijer.3517@customer360.test,+1-555-917-5129,active,35-44,Eindhoven,NL,push
Maya Grace,Mitchell,maya-grace.mitchell.3518@customer360.test,+1-555-918-5166,active,18-24,Seattle,US,sms
Mila,Schneider,mila.schneider.3519@customer360.test,+1-555-919-5203,inactive,25-34,Cologne,DE,email
Theo,Moreau,theo.moreau.3520@customer360.test,+1-555-920-5240,active,45-54,Bordeaux,FR,email
Sophie,Fischer,sophie.fischer.3521@customer360.test,+1-555-921-5277,active,55-64,Cologne,DE,email
Theo,Dubois,theo.dubois.3522@customer360.test,+1-555-922-5314,active,18-24,Paris,FR,sms
Isla Jane,Lawson,isla-jane.lawson.3523@customer360.test,+1-555-923-5351,active,35-44,Birmingham,GB,sms
Aoi,Kato,aoi.kato.3524@customer360.test,+1-555-924-5388,active,25-34,Fukuoka,JP,sms
Hugo,Moreau,hugo.moreau.3525@customer360.test,+1-555-925-5425,active,25-34,Lyon,FR,email
Callum Rose,Anderson,callum-rose.anderson.3526@customer360.test,+1-555-926-5462,active,35-44,Hobart,AU,sms
Giulia,Esposito,giulia.esposito.3527@customer360.test,+1-555-927-5499,active,25-34,Milan,IT,sms
Daniel Elena,Ortega,daniel-elena.ortega.3528@customer360.test,+1-555-928-5536,active,25-34,Monterrey,MX,email
Lerato,Pillay,lerato.pillay.3529@customer360.test,+1-555-929-5573,active,18-24,Pretoria,ZA,sms
Valentina,Mendes,valentina.mendes.3530@customer360.test,+1-555-930-5610,active,25-34,Porto Alegre,BR,push
Camille,Lavoie,camille.lavoie.3531@customer360.test,+1-555-931-5647,active,45-54,Calgary,CA,email
Jesse,Van Dijk,jesse.van-dijk.3532@customer360.test,+1-555-932-5684,active,35-44,The Hague,NL,email
Meera,Malhotra,meera.malhotra.3533@customer360.test,+1-555-933-5721,active,18-24,Pune,IN,push
Ethan,Jacobs,ethan.jacobs.3534@customer360.test,+1-555-934-5758,active,45-54,Durban,ZA,sms
Taylor,Hayes,taylor.hayes.3535@customer360.test,+1-555-935-5795,active,18-24,Minneapolis,US,push
Louis,Rousseau,louis.rousseau.3536@customer360.test,+1-555-936-5832,active,45-54,Toulouse,FR,sms
Matilda,Bennett,matilda.bennett.3537@customer360.test,+1-555-937-5869,active,45-54,Adelaide,AU,email
Arthur,Hughes,arthur.hughes.3538@customer360.test,+1-555-938-5906,active,55-64,Leeds,GB,email
Reyansh,Desai,reyansh.desai.3539@customer360.test,+1-555-939-5943,active,18-24,Jaipur,IN,email
Nadia,Ong,nadia.ong.3540@customer360.test,+1-555-940-5980,active,18-24,Singapore,SG,push
Parker Kai,Collins,parker-kai.collins.3541@customer360.test,+1-555-941-6017,inactive,25-34,San Diego,US,sms
Noah,Richter,noah.richter.3542@customer360.test,+1-555-942-6054,active,55-64,Leipzig,DE,push
Nandi,Mthembu,nandi.mthembu.3543@customer360.test,+1-555-943-6091,inactive,18-24,Bloemfontein,ZA,sms
Ethan,Botha,ethan.botha.3544@customer360.test,+1-555-944-6128,active,45-54,Pretoria,ZA,email
Nisha,Sharma,nisha.sharma.3545@customer360.test,+1-555-945-6165,inactive,35-44,Jaipur,IN,push
Reyansh Raj,Joshi,reyansh-raj.joshi.3546@customer360.test,+1-555-946-6202,active,55-64,Mumbai,IN,push
Arthur,Griffiths,arthur.griffiths.3547@customer360.test,+1-555-947-6239,active,45-54,Leeds,GB,email
Oscar,Hughes,oscar.hughes.3548@customer360.test,+1-555-948-6276,active,35-44,Birmingham,GB,sms
Hannah,Vogel,hannah.vogel.3549@customer360.test,+1-555-949-6313,active,25-34,Stuttgart,DE,push
Zara,Morgan,zara.morgan.3550@customer360.test,+1-555-950-6350,active,45-54,Brisbane,AU,sms
Oscar Lee,Fletcher,oscar-lee.fletcher.3551@customer360.test,+1-555-951-6387,active,55-64,Hobart,AU,sms
Sota,Watanabe,sota.watanabe.3552@customer360.test,+1-555-952-6424,active,55-64,Tokyo,JP,sms
Gabriel,Ferreira,gabriel.ferreira.3553@customer360.test,+1-555-953-6461,active,55-64,Recife,BR,sms
Dylan,Bennett,dylan.bennett.3554@customer360.test,+1-555-954-6498,inactive,45-54,Seattle,US,push
Jia En Jia,Teo,jia-en-jia.teo.3555@customer360.test,+1-555-955-6535,active,45-54,Singapore,SG,email
Harper,Parker,harper.parker.3556@customer360.test,+1-555-956-6572,active,55-64,Austin,US,push
Noah Lukas,Wagner,noah-lukas.wagner.3557@customer360.test,+1-555-957-6609,active,25-34,Stuttgart,DE,email
Sofia,Vargas,sofia.vargas.3558@customer360.test,+1-555-958-6646,inactive,25-34,Monterrey,MX,sms
Clara,Fraser,clara.fraser.3559@customer360.test,+1-555-959-6683,active,55-64,Montreal,CA,email
Vivaan,Chatterjee,vivaan.chatterjee.3560@customer360.test,+1-555-960-6720,active,55-64,Kolkata,IN,push
Camille,Mercer,camille.mercer.3561@customer360.test,+1-555-961-6757,active,25-34,Vancouver,CA,sms
Mia,Hayes,mia.hayes.3562@customer360.test,+1-555-962-6794,active,45-54,Sydney,AU,push
Mateo,Serrano,mateo.serrano.3563@customer360.test,+1-555-963-6831,active,45-54,Guadalajara,MX,push
Wei Ming Min,Teo,wei-ming-min.teo.3564@customer360.test,+1-555-964-6868,active,25-34,Singapore,SG,email
Haruto,Sato,haruto.sato.3565@customer360.test,+1-555-965-6905,active,35-44,Nagoya,JP,sms
Isabela,Costa,isabela.costa.3566@customer360.test,+1-555-966-6942,active,18-24,Porto Alegre,BR,email
Nisha,Mehta,nisha.mehta.3567@customer360.test,+1-555-967-6979,active,18-24,Mumbai,IN,email
Isla,Griffiths,isla.griffiths.3568@customer360.test,+1-555-968-7016,active,35-44,Birmingham,GB,push
Daiki,Takahashi,daiki.takahashi.3569@customer360.test,+1-555-969-7053,active,45-54,Yokohama,JP,sms
Hugo,Cabrera,hugo.cabrera.3570@customer360.test,+1-555-970-7090,active,25-34,Valencia,ES,push
Thiago,Carvalho,thiago.carvalho.3571@customer360.test,+1-555-971-7127,active,25-34,Rio de Janeiro,BR,push
Arthur,Marchand,arthur.marchand.3572@customer360.test,+1-555-972-7164,active,18-24,Toulouse,FR,email
Ethan,Naidoo,ethan.naidoo.3573@customer360.test,+1-555-973-7201,active,25-34,Pretoria,ZA,push
Freya,Harrington,freya.harrington.3574@customer360.test,+1-555-974-7238,active,55-64,Leeds,GB,email
Daniel,Ortega,daniel.ortega.3575@customer360.test,+1-555-975-7275,active,45-54,Puebla,MX,email
Pablo,Serrano,pablo.serrano.3576@customer360.test,+1-555-976-7312,active,25-34,Malaga,ES,push
Sanne Marie,De Vries,sanne-marie.de-vries.3577@customer360.test,+1-555-977-7349,active,45-54,Groningen,NL,push
Hugo,Lawson,hugo.lawson.3578@customer360.test,+1-555-978-7386,active,45-54,London,GB,push
Felix,Hoffmann,felix.hoffmann.3579@customer360.test,+1-555-979-7423,active,45-54,Leipzig,DE,email
Jia En,Koh,jia-en.koh.3580@customer360.test,+1-555-980-7460,active,25-34,Singapore,SG,email
Emilia,Hoffmann,emilia.hoffmann.3581@customer360.test,+1-555-981-7497,active,35-44,Berlin,DE,push
Daan Marie,Van Dijk,daan-marie.van-dijk.3582@customer360.test,+1-555-982-7534,active,55-64,Amsterdam,NL,sms
Tara,Mehta,tara.mehta.3583@customer360.test,+1-555-983-7571,inactive,25-34,Chennai,IN,push
Reyansh Priya,Kulkarni,reyansh-priya.kulkarni.3584@customer360.test,+1-555-984-7608,inactive,45-54,Kolkata,IN,push
Isabela,Oliveira,isabela.oliveira.3585@customer360.test,+1-555-985-7645,inactive,45-54,Brasilia,BR,sms
Rafael,Almeida,rafael.almeida.3586@customer360.test,+1-555-986-7682,active,25-34,Brasilia,BR,push
Sana,Joshi,sana.joshi.3587@customer360.test,+1-555-987-7719,active,25-34,Pune,IN,push
Ethan,Ward,ethan.ward.3588@customer360.test,+1-555-988-7756,active,25-34,Atlanta,US,email
Jonas,Neumann,jonas.neumann.3589@customer360.test,+1-555-989-7793,active,18-24,Hamburg,DE,email
Taylor,Turner,taylor.turner.3590@customer360.test,+1-555-990-7830,inactive,55-64,Chicago,US,push
Nana,Kobayashi,nana.kobayashi.3591@customer360.test,+1-555-991-7867,active,35-44,Kyoto,JP,push
Avery,Russell,avery.russell.3592@customer360.test,+1-555-992-7904,active,18-24,Seattle,US,email
Tess,Smit,tess.smit.3593@customer360.test,+1-555-993-7941,active,45-54,Groningen,NL,push
Nisha,Desai,nisha.desai.3594@customer360.test,+1-555-994-7978,active,35-44,Chennai,IN,push
Noor,Van Dijk,noor.van-dijk.3595@customer360.test,+1-555-995-8015,active,45-54,Groningen,NL,email
Diya,Kapoor,diya.kapoor.3596@customer360.test,+1-555-996-8052,active,35-44,Kochi,IN,sms
Hamish James,Clarke,hamish-james.clarke.3597@customer360.test,+1-555-997-8089,active,35-44,Melbourne,AU,sms
Kaito Hiro,Ito,kaito-hiro.ito.3598@customer360.test,+1-555-998-8126,active,45-54,Yokohama,JP,email
Vihaan Dev,Bhat,vihaan-dev.bhat.3599@customer360.test,+1-555-999-8163,inactive,35-44,Mumbai,IN,email
Yui,Yamada,yui.yamada.3600@customer360.test,+1-555-100-8200,active,18-24,Sapporo,JP,email
Jia En,Lee,jia-en.lee.3601@customer360.test,+1-555-101-8237,active,45-54,Singapore,SG,push
Camille,Poirier,camille.poirier.3602@customer360.test,+1-555-102-8274,active,55-64,Halifax,CA,email
Matilda,Fletcher,matilda.fletcher.3603@customer360.test,+1-555-103-8311,active,45-54,Perth,AU,push
Lucas,Morrison,lucas.morrison.3604@customer360.test,+1-555-104-8348,active,35-44,Calgary,CA,email
Kaito,Yoshida,kaito.yoshida.3605@customer360.test,+1-555-105-8385,active,55-64,Yokohama,JP,sms
Aarav,Iyer,aarav.iyer.3606@customer360.test,+1-555-106-8422,active,18-24,Ahmedabad,IN,email
Giulia,Romano,giulia.romano.3607@customer360.test,+1-555-107-8459,active,55-64,Milan,IT,push
Harper Grace,Morgan,harper-grace.morgan.3608@customer360.test,+1-555-108-8496,active,35-44,Portland,US,email
Leon,Richter,leon.richter.3609@customer360.test,+1-555-109-8533,active,25-34,Leipzig,DE,email
Jesse,Mulder,jesse.mulder.3610@customer360.test,+1-555-110-8570,active,25-34,Groningen,NL,push
Meera,Sharma,meera.sharma.3611@customer360.test,+1-555-111-8607,active,55-64,Chennai,IN,email
Sana,Chatterjee,sana.chatterjee.3612@customer360.test,+1-555-112-8644,active,35-44,Hyderabad,IN,sms
George,Lawson,george.lawson.3613@customer360.test,+1-555-113-8681,active,25-34,Leeds,GB,push
Nisha,Nair,nisha.nair.3614@customer360.test,+1-555-114-8718,active,18-24,Pune,IN,push
Sana,Saxena,sana.saxena.3615@customer360.test,+1-555-115-8755,active,35-44,Ahmedabad,IN,sms
Tess,Mulder,tess.mulder.3616@customer360.test,+1-555-116-8792,active,45-54,Amsterdam,NL,sms
Naomi,Foster,naomi.foster.3617@customer360.test,+1-555-117-8829,active,25-34,Seattle,US,sms
Diego,Ortega,diego.ortega.3618@customer360.test,+1-555-118-8866,active,45-54,Mexico City,MX,email
Ethan,Goh,ethan.goh.3619@customer360.test,+1-555-119-8903,active,35-44,Singapore,SG,email
Lena,Richter,lena.richter.3620@customer360.test,+1-555-120-8940,active,45-54,Hamburg,DE,email
Miles,Bennett,miles.bennett.3621@customer360.test,+1-555-121-8977,active,35-44,Boston,US,email
Luiza,Nogueira,luiza.nogueira.3622@customer360.test,+1-555-122-9014,active,45-54,Brasilia,BR,push
Felix,Kruger,felix.kruger.3623@customer360.test,+1-555-123-9051,active,35-44,Cologne,DE,email
Kaito,Kato,kaito.kato.3624@customer360.test,+1-555-124-9088,active,45-54,Tokyo,JP,email
Nana,Kobayashi,nana.kobayashi.3625@customer360.test,+1-555-125-9125,active,18-24,Yokohama,JP,sms
Giulia,Romano,giulia.romano.3626@customer360.test,+1-555-126-9162,active,25-34,Milan,IT,email
Lucas,Carvalho,lucas.carvalho.3627@customer360.test,+1-555-127-9199,active,25-34,Porto Alegre,BR,email
Caio,Teixeira,caio.teixeira.3628@customer360.test,+1-555-128-9236,active,55-64,Brasilia,BR,push
Sienna,Wallace,sienna.wallace.3629@customer360.test,+1-555-129-9273,active,45-54,Sydney,AU,sms
Poppy Jane,Lawson,poppy-jane.lawson.3630@customer360.test,+1-555-130-9310,inactive,55-64,Leeds,GB,sms
Valeria,Fuentes,valeria.fuentes.3631@customer360.test,+1-555-131-9347,active,35-44,Queretaro,MX,sms
Lucia,Serrano,lucia.serrano.3632@customer360.test,+1-555-132-9384,active,18-24,Valencia,ES,push
Cheryl Kai,Rahman,cheryl-kai.rahman.3633@customer360.test,+1-555-133-9421,active,25-34,Singapore,SG,email
Emiliano,Fuentes,emiliano.fuentes.3634@customer360.test,+1-555-134-9458,active,55-64,Mexico City,MX,sms
Elliot,Cameron,elliot.cameron.3635@customer360.test,+1-555-135-9495,active,25-34,Melbourne,AU,push
Amelie Elise,Brandt,amelie-elise.brandt.3636@customer360.test,+1-555-136-9532,active,18-24,Frankfurt,DE,sms
Nisha Riya,Mehta,nisha-riya.mehta.3637@customer360.test,+1-555-137-9569,active,25-34,Ahmedabad,IN,sms
Chloe,Moreau,chloe.moreau.3638@customer360.test,+1-555-138-9606,active,35-44,Nantes,FR,email
Hugo Louise,Whitmore,hugo-louise.whitmore.3639@customer360.test,+1-555-139-9643,active,25-34,London,GB,push
Anaya,Menon,anaya.menon.3640@customer360.test,+1-555-140-9680,active,55-64,Jaipur,IN,email
Taylor,Bailey,taylor.bailey.3641@customer360.test,+1-555-141-9717,active,25-34,San Diego,US,email
Ruby,Anderson,ruby.anderson.3642@customer360.test,+1-555-142-9754,active,35-44,Brisbane,AU,push
Aditi Dev,Mehta,aditi-dev.mehta.3643@customer360.test,+1-555-143-9791,active,35-44,Delhi,IN,sms
Callum,Sullivan,callum.sullivan.3644@customer360.test,+1-555-144-9828,active,45-54,Brisbane,AU,push
Amelie,Bouchard,amelie.bouchard.3645@customer360.test,+1-555-145-9865,inactive,25-34,Toronto,CA,push
Vihaan,Kapoor,vihaan.kapoor.3646@customer360.test,+1-555-146-9902,active,25-34,Jaipur,IN,push
Jia En,Koh,jia-en.koh.3647@customer360.test,+1-555-147-9939,active,18-24,Singapore,SG,email
Daniel Elena,Hernandez,daniel-elena.hernandez.3648@customer360.test,+1-555-148-9976,inactive,25-34,Merida,MX,email
Finn,Mulder,finn.mulder.3649@customer360.test,+1-555-149-1013,active,45-54,The Hague,NL,email
Mathis,Marchand,mathis.marchand.3650@customer360.test,+1-555-150-1050,active,35-44,Marseille,FR,push
Amara,Mokoena,amara.mokoena.3651@customer360.test,+1-555-151-1087,inactive,45-54,Bloemfontein,ZA,push
Beatrice Luca,Marino,beatrice-luca.marino.3652@customer360.test,+1-555-152-1124,active,45-54,Palermo,IT,email
Ethan,Mthembu,ethan.mthembu.3653@customer360.test,+1-555-153-1161,active,35-44,Cape Town,ZA,email
Carmen,Vega,carmen.vega.3654@customer360.test,+1-555-154-1198,active,45-54,Madrid,ES,sms
Rohan,Sharma,rohan.sharma.3655@customer360.test,+1-555-155-1235,active,55-64,Jaipur,IN,push
Leah,Fournier,leah.fournier.3656@customer360.test,+1-555-156-1272,active,55-64,Edmonton,CA,push
Daniel,Mendoza,daniel.mendoza.3657@customer360.test,+1-555-157-1309,active,18-24,Merida,MX,push
Sana Priya,Iyer,sana-priya.iyer.3658@customer360.test,+1-555-158-1346,active,25-34,Delhi,IN,push
Reyansh,Joshi,reyansh.joshi.3659@customer360.test,+1-555-159-1383,inactive,35-44,Delhi,IN,email
Mathis,Rousseau,mathis.rousseau.3660@customer360.test,+1-555-160-1420,active,25-34,Lyon,FR,push
Haruto,Takahashi,haruto.takahashi.3661@customer360.test,+1-555-161-1457,active,35-44,Fukuoka,JP,sms
Mio,Yoshida,mio.yoshida.3662@customer360.test,+1-555-162-1494,active,55-64,Nagoya,JP,email
Tommaso,Lombardi,tommaso.lombardi.3663@customer360.test,+1-555-163-1531,inactive,35-44,Milan,IT,sms
Clara,Kruger,clara.kruger.3664@customer360.test,+1-555-164-1568,active,25-34,Leipzig,DE,push
Jonas,Vogel,jonas.vogel.3665@customer360.test,+1-555-165-1605,active,55-64,Stuttgart,DE,sms
Mathis,Renard,mathis.renard.3666@customer360.test,+1-555-166-1642,active,35-44,Lille,FR,sms
Anaya,Kapoor,anaya.kapoor.3667@customer360.test,+1-555-167-1679,active,45-54,Kolkata,IN,push
Naomi,Carter,naomi.carter.3668@customer360.test,+1-555-168-1716,active,45-54,Seattle,US,push
Alfie,Sinclair,alfie.sinclair.3669@customer360.test,+1-555-169-1753,active,35-44,Glasgow,GB,email
Kaito,Nakamura,kaito.nakamura.3670@customer360.test,+1-555-170-1790,active,25-34,Yokohama,JP,email
Lorenzo,Romano,lorenzo.romano.3671@customer360.test,+1-555-171-1827,active,35-44,Bologna,IT,email
Fleur,Visser,fleur.visser.3672@customer360.test,+1-555-172-1864,active,55-64,Utrecht,NL,sms
Matilda,Reid,matilda.reid.3673@customer360.test,+1-555-173-1901,active,18-24,Brisbane,AU,push
Noah,Mercer,noah.mercer.3674@customer360.test,+1-555-174-1938,active,35-44,Calgary,CA,sms
Cheryl,Teo,cheryl.teo.3675@customer360.test,+1-555-175-1975,active,25-34,Singapore,SG,sms
Enzo,Ribeiro,enzo.ribeiro.3676@customer360.test,+1-555-176-2012,active,55-64,Rio de Janeiro,BR,sms
Thiago,Araujo,thiago.araujo.3677@customer360.test,+1-555-177-2049,inactive,25-34,Rio de Janeiro,BR,push
Mateus,Almeida,mateus.almeida.3678@customer360.test,+1-555-178-2086,active,18-24,Curitiba,BR,email
Nisha,Bhat,nisha.bhat.3679@customer360.test,+1-555-179-2123,active,25-34,Pune,IN,email
Aditya,Menon,aditya.menon.3680@customer360.test,+1-555-180-2160,inactive,45-54,Hyderabad,IN,email
Leo,Vidal,leo.vidal.3681@customer360.test,+1-555-181-2197,inactive,25-34,Valencia,ES,push
Aiden,Naidoo,aiden.naidoo.3682@customer360.test,+1-555-182-2234,active,55-64,Bloemfontein,ZA,sms
Camila,Barbosa,camila.barbosa.3683@customer360.test,+1-555-183-2271,inactive,35-44,Brasilia,BR,push
Noah,Gauthier,noah.gauthier.3684@customer360.test,+1-555-184-2308,active,35-44,Halifax,CA,push
Daniel,Rios,daniel.rios.3685@customer360.test,+1-555-185-2345,active,45-54,Puebla,MX,email
Hugo Edward,Whitmore,hugo-edward.whitmore.3686@customer360.test,+1-555-186-2382,active,25-34,London,GB,sms
Sana,Mehta,sana.mehta.3687@customer360.test,+1-555-187-2419,active,25-34,Kochi,IN,sms
Ren,Tanaka,ren.tanaka.3688@customer360.test,+1-555-188-2456,active,55-64,Yokohama,JP,email
Harper,Reed,harper.reed.3689@customer360.test,+1-555-189-2493,active,25-34,Philadelphia,US,push
Alba,Cabrera,alba.cabrera.3690@customer360.test,+1-555-190-2530,active,25-34,Valencia,ES,email
Siti,Wong,siti.wong.3691@customer360.test,+1-555-191-2567,active,45-54,Singapore,SG,push
Vivaan,Nair,vivaan.nair.3692@customer360.test,+1-555-192-2604,active,25-34,Pune,IN,email
Diya,Chatterjee,diya.chatterjee.3693@customer360.test,+1-555-193-2641,active,25-34,Delhi,IN,sms
Giulia,Costa,giulia.costa.3694@customer360.test,+1-555-194-2678,active,25-34,Palermo,IT,push
Daniel Jose,Cabrera,daniel-jose.cabrera.3695@customer360.test,+1-555-195-2715,active,55-64,Madrid,ES,sms
Vihaan Neel,Mehta,vihaan-neel.mehta.3696@customer360.test,+1-555-196-2752,active,45-54,Bengaluru,IN,email
Liam,Campbell,liam.campbell.3697@customer360.test,+1-555-197-2789,active,55-64,Ottawa,CA,push
Isabela,Teixeira,isabela.teixeira.3698@customer360.test,+1-555-198-2826,active,45-54,Curitiba,BR,sms
Sem Pieter,Jansen,sem-pieter.jansen.3699@customer360.test,+1-555-199-2863,active,45-54,Eindhoven,NL,sms
Vega,Cabrera,vega.cabrera.3700@customer360.test,+1-555-200-2900,inactive,45-54,Seville,ES,push
Leonie,Renard,leonie.renard.3701@customer360.test,+1-555-201-2937,active,45-54,Bordeaux,FR,push
Mathis Claire,Lefevre,mathis-claire.lefevre.3702@customer360.test,+1-555-202-2974,active,25-34,Lille,FR,sms
Riley,Russell,riley.russell.3703@customer360.test,+1-555-203-3011,inactive,45-54,Boston,US,email
Diya,Malhotra,diya.malhotra.3704@customer360.test,+1-555-204-3048,active,25-34,Kolkata,IN,push
Harper,Hayes,harper.hayes.3705@customer360.test,+1-555-205-3085,active,25-34,Atlanta,US,email
Mila,Wagner,mila.wagner.3706@customer360.test,+1-555-206-3122,active,18-24,Frankfurt,DE,email
Morgan Rose,Ward,morgan-rose.ward.3707@customer360.test,+1-555-207-3159,active,35-44,Atlanta,US,push
Sofia,Ortega,sofia.ortega.3708@customer360.test,+1-555-208-3196,active,25-34,Valencia,ES,sms
Rohan,Kapoor,rohan.kapoor.3709@customer360.test,+1-555-209-3233,active,35-44,Mumbai,IN,push
Ruby,Morgan,ruby.morgan.3710@customer360.test,+1-555-210-3270,active,45-54,Hobart,AU,email
Grace,Hughes,grace.hughes.3711@customer360.test,+1-555-211-3307,active,35-44,Adelaide,AU,push
Mateo,Castillo,mateo.castillo.3712@customer360.test,+1-555-212-3344,active,35-44,Mexico City,MX,push
Ren,Sato,ren.sato.3713@customer360.test,+1-555-213-3381,active,45-54,Fukuoka,JP,push
Gabriel,Blanc,gabriel.blanc.3714@customer360.test,+1-555-214-3418,active,25-34,Paris,FR,push
Mathis,Renard,mathis.renard.3715@customer360.test,+1-555-215-3455,active,25-34,Nantes,FR,sms
Riku,Kobayashi,riku.kobayashi.3716@customer360.test,+1-555-216-3492,active,18-24,Tokyo,JP,sms
Logan,Bennett,logan.bennett.3717@customer360.test,+1-555-217-3529,active,35-44,Boston,US,sms
Maya,Botha,maya.botha.3718@customer360.test,+1-555-218-3566,active,18-24,Gqeberha,ZA,push
Zoe,Bailey,zoe.bailey.3719@customer360.test,+1-555-219-3603,active,18-24,Austin,US,email
Amelie,Poirier,amelie.poirier.3720@customer360.test,+1-555-220-3640,active,45-54,Toronto,CA,sms
Paul Lukas,Becker,paul-lukas.becker.3721@customer360.test,+1-555-221-3677,active,45-54,Stuttgart,DE,push
Daniel,Molina,daniel.molina.3722@customer360.test,+1-555-222-3714,active,55-64,Malaga,ES,email
Clara Marie,Vogel,clara-marie.vogel.3723@customer360.test,+1-555-223-3751,active,25-34,Hamburg,DE,push
Juliette,Laurent,juliette.laurent.3724@customer360.test,+1-555-224-3788,active,45-54,Bordeaux,FR,push
Finn,Jansen,finn.jansen.3725@customer360.test,+1-555-225-3825,active,25-34,Amsterdam,NL,sms
Dylan James,Ward,dylan-james.ward.3726@customer360.test,+1-555-226-3862,active,18-24,Philadelphia,US,push
Sipho,Nkosi,sipho.nkosi.3727@customer360.test,+1-555-227-3899,active,35-44,Gqeberha,ZA,push
Hugo,Marchand,hugo.marchand.3728@customer360.test,+1-555-228-3936,inactive,18-24,Lyon,FR,email
Daniel,Morales,daniel.morales.3729@customer360.test,+1-555-229-3973,active,25-34,Monterrey,MX,sms
Aditya,Kulkarni,aditya.kulkarni.3730@customer360.test,+1-555-230-4010,active,45-54,Mumbai,IN,sms
Sofia,Molina,sofia.molina.3731@customer360.test,+1-555-231-4047,active,45-54,Bilbao,ES,email
Lachlan James,Wallace,lachlan-james.wallace.3732@customer360.test,+1-555-232-4084,active,35-44,Sydney,AU,push
Hannah,Becker,hannah.becker.3733@customer360.test,+1-555-233-4121,active,25-34,Munich,DE,sms
Oscar,Mercer,oscar.mercer.3734@customer360.test,+1-555-234-4158,active,35-44,Manchester,GB,sms
Ruby,McKenzie,ruby.mckenzie.3735@customer360.test,+1-555-235-4195,inactive,18-24,Brisbane,AU,email
Arthur,Whitmore,arthur.whitmore.3736@customer360.test,+1-555-236-4232,active,45-54,Birmingham,GB,email
Vivaan,Kulkarni,vivaan.kulkarni.3737@customer360.test,+1-555-237-4269,active,25-34,Kolkata,IN,sms
Aarav Dev,Pillai,aarav-dev.pillai.3738@customer360.test,+1-555-238-4306,active,25-34,Pune,IN,email
Lotte Sofie,Bakker,lotte-sofie.bakker.3739@customer360.test,+1-555-239-4343,active,25-34,Amsterdam,NL,email
Kavya,Bhat,kavya.bhat.3740@customer360.test,+1-555-240-4380,active,45-54,Delhi,IN,email
Aditi,Kapoor,aditi.kapoor.3741@customer360.test,+1-555-241-4417,active,35-44,Delhi,IN,email
Nisha Raj,Chatterjee,nisha-raj.chatterjee.3742@customer360.test,+1-555-242-4454,active,25-34,Hyderabad,IN,email
Lotte,Visser,lotte.visser.3743@customer360.test,+1-555-243-4491,active,18-24,Amsterdam,NL,email
Cheryl,Lee,cheryl.lee.3744@customer360.test,+1-555-244-4528,inactive,35-44,Singapore,SG,sms
Amelie,Fontaine,amelie.fontaine.3745@customer360.test,+1-555-245-4565,active,55-64,Lille,FR,sms
Arthur,Ellis,arthur.ellis.3746@customer360.test,+1-555-246-4602,active,35-44,Glasgow,GB,email
Meera,Kapoor,meera.kapoor.3747@customer360.test,+1-555-247-4639,active,25-34,Jaipur,IN,push
Thiago Clara,Barbosa,thiago-clara.barbosa.3748@customer360.test,+1-555-248-4676,active,45-54,Curitiba,BR,sms
Hannah,Brandt,hannah.brandt.3749@customer360.test,+1-555-249-4713,active,55-64,Stuttgart,DE,push
Theo,Fournier,theo.fournier.3750@customer360.test,+1-555-250-4750,inactive,25-34,Calgary,CA,email
Oscar,Whitmore,oscar.whitmore.3751@customer360.test,+1-555-251-4787,active,25-34,London,GB,email
Amelie,Fontaine,amelie.fontaine.3752@customer360.test,+1-555-252-4824,active,45-54,Lyon,FR,email
Rafael,Barbosa,rafael.barbosa.3753@customer360.test,+1-555-253-4861,active,25-34,Salvador,BR,sms
Arthur,Bennett,arthur.bennett.3754@customer360.test,+1-555-254-4898,active,35-44,Bristol,GB,sms
Sofia,Serrano,sofia.serrano.3755@customer360.test,+1-555-255-4935,active,35-44,Guadalajara,MX,push
Lucas,Nogueira,lucas.nogueira.3756@customer360.test,+1-555-256-4972,active,25-34,Curitiba,BR,push
Tess,Mulder,tess.mulder.3757@customer360.test,+1-555-257-5009,active,55-64,Groningen,NL,push
Jordan,Turner,jordan.turner.3758@customer360.test,+1-555-258-5046,active,55-64,Portland,US,email
Grace,Wallace,grace.wallace.3759@customer360.test,+1-555-259-5083,active,55-64,Adelaide,AU,sms
Freya,Lawson,freya.lawson.3760@customer360.test,+1-555-260-5120,active,25-34,Glasgow,GB,sms
Rohan,Sharma,rohan.sharma.3761@customer360.test,+1-555-261-5157,inactive,35-44,Mumbai,IN,email
Miles,Bennett,miles.bennett.3762@customer360.test,+1-555-262-5194,active,18-24,Seattle,US,push
Ishita,Mehta,ishita.mehta.3763@customer360.test,+1-555-263-5231,active,55-64,Bengaluru,IN,push
Martin,Iglesias,martin.iglesias.3764@customer360.test,+1-555-264-5268,active,35-44,Barcelona,ES,sms
Jia En,Koh,jia-en.koh.3765@customer360.test,+1-555-265-5305,active,25-34,Singapore,SG,push
Aisha,Teo,aisha.teo.3766@customer360.test,+1-555-266-5342,active,25-34,Singapore,SG,email
Leah Claire,Bouchard,leah-claire.bouchard.3767@customer360.test,+1-555-267-5379,active,25-34,Vancouver,CA,sms
Martin,Vidal,martin.vidal.3768@customer360.test,+1-555-268-5416,active,35-44,Barcelona,ES,sms
Camille,Fontaine,camille.fontaine.3769@customer360.test,+1-555-269-5453,active,55-64,Lille,FR,push
Luiza,Ribeiro,luiza.ribeiro.3770@customer360.test,+1-555-270-5490,active,45-54,Recife,BR,push
Ren,Kato,ren.kato.3771@customer360.test,+1-555-271-5527,active,25-34,Yokohama,JP,sms
Yuto,Kobayashi,yuto.kobayashi.3772@customer360.test,+1-555-272-5564,inactive,55-64,Kyoto,JP,push
Clara,Vogel,clara.vogel.3773@customer360.test,+1-555-273-5601,inactive,25-34,Frankfurt,DE,email
Matteo Maria,Gallo,matteo-maria.gallo.3774@customer360.test,+1-555-274-5638,active,35-44,Turin,IT,push
Caio Joao,Teixeira,caio-joao.teixeira.3775@customer360.test,+1-555-275-5675,active,35-44,Porto Alegre,BR,push
Ruby,Fletcher,ruby.fletcher.3776@customer360.test,+1-555-276-5712,active,35-44,Sydney,AU,sms
Camille,Sinclair,camille.sinclair.3777@customer360.test,+1-555-277-5749,active,25-34,Vancouver,CA,sms
Sakura Miki,Yamada,sakura-miki.yamada.3778@customer360.test,+1-555-278-5786,active,25-34,Nagoya,JP,sms
Jia En,Koh,jia-en.koh.3779@customer360.test,+1-555-279-5823,active,55-64,Singapore,SG,push
Liam,Fraser,liam.fraser.3780@customer360.test,+1-555-280-5860,inactive,35-44,Ottawa,CA,push
Lerato,Pillay,lerato.pillay.3781@customer360.test,+1-555-281-5897,active,35-44,Durban,ZA,sms
Valentina,Costa,valentina.costa.3782@customer360.test,+1-555-282-5934,active,25-34,Recife,BR,email
Vivaan,Saxena,vivaan.saxena.3783@customer360.test,+1-555-283-5971,active,18-24,Ahmedabad,IN,push
Liam Anne,Bouchard,liam-anne.bouchard.3784@customer360.test,+1-555-284-6008,active,25-34,Toronto,CA,push
Elliot,Anderson,elliot.anderson.3785@customer360.test,+1-555-285-6045,active,35-44,Canberra,AU,email
Finn,Hayes,finn.hayes.3786@customer360.test,+1-555-286-6082,active,25-34,Brisbane,AU,push
Rafael,Nogueira,rafael.nogueira.3787@customer360.test,+1-555-287-6119,active,45-54,Rio de Janeiro,BR,email
Ines,Laurent,ines.laurent.3788@customer360.test,+1-555-288-6156,active,45-54,Marseille,FR,sms
Avery,Hayes,avery.hayes.3789@customer360.test,+1-555-289-6193,active,25-34,Denver,US,sms
Oliver,Harrington,oliver.harrington.3790@customer360.test,+1-555-290-6230,active,35-44,Birmingham,GB,email
Elena,Navarro,elena.navarro.3791@customer360.test,+1-555-291-6267,active,18-24,Valencia,ES,push
Quinn,Foster,quinn.foster.3792@customer360.test,+1-555-292-6304,active,18-24,Atlanta,US,sms
Aisha,Teo,aisha.teo.3793@customer360.test,+1-555-293-6341,active,25-34,Singapore,SG,email
Gabriel,Rousseau,gabriel.rousseau.3794@customer360.test,+1-555-294-6378,active,18-24,Paris,FR,email
Arjun,Pillai,arjun.pillai.3795@customer360.test,+1-555-295-6415,active,18-24,Jaipur,IN,sms
Yuto,Tanaka,yuto.tanaka.3796@customer360.test,+1-555-296-6452,active,45-54,Sapporo,JP,push
Diego,Cabrera,diego.cabrera.3797@customer360.test,+1-555-297-6489,active,18-24,Valencia,ES,email
Sakura,Tanaka,sakura.tanaka.3798@customer360.test,+1-555-298-6526,active,45-54,Osaka,JP,sms
Kavya,Saxena,kavya.saxena.3799@customer360.test,+1-555-299-6563,active,45-54,Delhi,IN,sms
Hugo,Renard,hugo.renard.3800@customer360.test,+1-555-300-6600,active,25-34,Bordeaux,FR,sms
Morgan,Mitchell,morgan.mitchell.3801@customer360.test,+1-555-301-6637,active,35-44,Chicago,US,push
Ruby,Bennett,ruby.bennett.3802@customer360.test,+1-555-302-6674,active,25-34,Canberra,AU,sms
Leonardo,Marino,leonardo.marino.3803@customer360.test,+1-555-303-6711,active,45-54,Palermo,IT,email
Nandi Nia,Mthembu,nandi-nia.mthembu.3804@customer360.test,+1-555-304-6748,active,35-44,Gqeberha,ZA,push
Zinhle,Van Wyk,zinhle.van-wyk.3805@customer360.test,+1-555-305-6785,active,55-64,Johannesburg,ZA,sms
Emilia,Hartmann,emilia.hartmann.3806@customer360.test,+1-555-306-6822,active,45-54,Leipzig,DE,push
Gabriel,Marchand,gabriel.marchand.3807@customer360.test,+1-555-307-6859,inactive,45-54,Bordeaux,FR,sms
Isla,Clarke,isla.clarke.3808@customer360.test,+1-555-308-6896,active,25-34,Canberra,AU,sms
Sakura Miki,Ito,sakura-miki.ito.3809@customer360.test,+1-555-309-6933,active,55-64,Fukuoka,JP,sms
Ethan,Hayes,ethan.hayes.3810@customer360.test,+1-555-310-6970,active,18-24,San Diego,US,sms
Nisha,Joshi,nisha.joshi.3811@customer360.test,+1-555-311-7007,active,45-54,Jaipur,IN,email
Jordan,Bennett,jordan.bennett.3812@customer360.test,+1-555-312-7044,active,45-54,Austin,US,push
Lotte Jan,Visser,lotte-jan.visser.3813@customer360.test,+1-555-313-7081,active,25-34,Utrecht,NL,email
Mateo,Fuentes,mateo.fuentes.3814@customer360.test,+1-555-314-7118,active,25-34,Monterrey,MX,sms
Pedro,Carvalho,pedro.carvalho.3815@customer360.test,+1-555-315-7155,active,35-44,Curitiba,BR,sms
Javier,Serrano,javier.serrano.3816@customer360.test,+1-555-316-7192,active,45-54,Puebla,MX,push
Elias Anne,Campbell,elias-anne.campbell.3817@customer360.test,+1-555-317-7229,active,35-44,Halifax,CA,sms
Parker,Parker,parker.parker.3818@customer360.test,+1-555-318-7266,active,18-24,Minneapolis,US,sms
Martin,Molina,martin.molina.3819@customer360.test,+1-555-319-7303,active,45-54,Malaga,ES,email
Clara,Fontaine,clara.fontaine.3820@customer360.test,+1-555-320-7340,active,35-44,Lille,FR,sms
Vivaan Dev,Chatterjee,vivaan-dev.chatterjee.3821@customer360.test,+1-555-321-7377,active,25-34,Ahmedabad,IN,push
Haruto,Tanaka,haruto.tanaka.3822@customer360.test,+1-555-322-7414,active,45-54,Osaka,JP,email
Grace,Fletcher,grace.fletcher.3823@customer360.test,+1-555-323-7451,active,35-44,Adelaide,AU,push
Aoi,Yamamoto,aoi.yamamoto.3824@customer360.test,+1-555-324-7488,active,25-34,Kyoto,JP,push
Baptiste,Marchand,baptiste.marchand.3825@customer360.test,+1-555-325-7525,active,18-24,Lyon,FR,push
Imogen,Harrington,imogen.harrington.3826@customer360.test,+1-555-326-7562,active,45-54,Birmingham,GB,sms
Meera,Nair,meera.nair.3827@customer360.test,+1-555-327-7599,active,25-34,Mumbai,IN,sms
Emilia,Fischer,emilia.fischer.3828@customer360.test,+1-555-328-7636,active,35-44,Hamburg,DE,sms
Zinhle,Nkosi,zinhle.nkosi.3829@customer360.test,+1-555-329-7673,active,18-24,Johannesburg,ZA,push
Freya Louise,Chapman,freya-louise.chapman.3830@customer360.test,+1-555-330-7710,active,18-24,London,GB,email
Renata,Ortega,renata.ortega.3831@customer360.test,+1-555-331-7747,active,35-44,Merida,MX,sms
Leonardo,Gallo,leonardo.gallo.3832@customer360.test,+1-555-332-7784,active,18-24,Milan,IT,sms
Theo,Poirier,theo.poirier.3833@customer360.test,+1-555-333-7821,active,45-54,Edmonton,CA,email
Thiago Joao,Costa,thiago-joao.costa.3834@customer360.test,+1-555-334-7858,active,25-34,Porto Alegre,BR,sms
Theo,Ellis,theo.ellis.3835@customer360.test,+1-555-335-7895,active,55-64,Leeds,GB,sms
Lucas,Meijer,lucas.meijer.3836@customer360.test,+1-555-336-7932,active,25-34,Rotterdam,NL,sms
Nina,De Boer,nina.de-boer.3837@customer360.test,+1-555-337-7969,active,25-34,The Hague,NL,sms
Callum,Reid,callum.reid.3838@customer360.test,+1-555-338-8006,active,25-34,Perth,AU,push
Emiliano,Mendoza,emiliano.mendoza.3839@customer360.test,+1-555-339-8043,active,35-44,Merida,MX,email
Amelia,Chapman,amelia.chapman.3840@customer360.test,+1-555-340-8080,active,55-64,Manchester,GB,sms
Sipho,Mthembu,sipho.mthembu.3841@customer360.test,+1-555-341-8117,active,25-34,Gqeberha,ZA,sms
Jordan,Ward,jordan.ward.3842@customer360.test,+1-555-342-8154,active,45-54,San Diego,US,sms
Mio,Yamada,mio.yamada.3843@customer360.test,+1-555-343-8191,active,45-54,Tokyo,JP,sms
Leonie,Blanc,leonie.blanc.3844@customer360.test,+1-555-344-8228,inactive,55-64,Lille,FR,push
Tommaso,Conti,tommaso.conti.3845@customer360.test,+1-555-345-8265,active,45-54,Palermo,IT,push
Sophie Anne,Brandt,sophie-anne.brandt.3846@customer360.test,+1-555-346-8302,active,18-24,Hamburg,DE,email
Miles Marie,Brooks,miles-marie.brooks.3847@customer360.test,+1-555-347-8339,active,45-54,Seattle,US,push
Vivaan,Desai,vivaan.desai.3848@customer360.test,+1-555-348-8376,active,25-34,Kolkata,IN,email
Emiliano,Rios,emiliano.rios.3849@customer360.test,+1-555-349-8413,active,25-34,Monterrey,MX,email
Matilda,Hayes,matilda.hayes.3850@customer360.test,+1-555-350-8450,active,35-44,Adelaide,AU,push
Liam,Gauthier,liam.gauthier.3851@customer360.test,+1-555-351-8487,active,35-44,Halifax,CA,email
Mariana,Barbosa,mariana.barbosa.3852@customer360.test,+1-555-352-8524,active,25-34,Recife,BR,push
Sienna,Hayes,sienna.hayes.3853@customer360.test,+1-555-353-8561,active,18-24,Adelaide,AU,sms
Mila,Bennett,mila.bennett.3854@customer360.test,+1-555-354-8598,active,45-54,Calgary,CA,push
Sem,Vos,sem.vos.3855@customer360.test,+1-555-355-8635,active,18-24,Utrecht,NL,sms
Harper,Ward,harper.ward.3856@customer360.test,+1-555-356-8672,active,55-64,Minneapolis,US,sms
Maximilian Anne,Wagner,maximilian-anne.wagner.3857@customer360.test,+1-555-357-8709,active,25-34,Munich,DE,push
Riku,Kato,riku.kato.3858@customer360.test,+1-555-358-8746,inactive,18-24,Fukuoka,JP,email
Rafael Luiz,Ferreira,rafael-luiz.ferreira.3859@customer360.test,+1-555-359-8783,active,35-44,Rio de Janeiro,BR,email
Amelie,Renard,amelie.renard.3860@customer360.test,+1-555-360-8820,active,55-64,Nantes,FR,sms
Nandi James,Mthembu,nandi-james.mthembu.3861@customer360.test,+1-555-361-8857,active,25-34,Pretoria,ZA,push
Pedro,Costa,pedro.costa.3862@customer360.test,+1-555-362-8894,active,25-34,Salvador,BR,push
Rohan,Nair,rohan.nair.3863@customer360.test,+1-555-363-8931,active,18-24,Delhi,IN,push
Nur Wei,Rahman,nur-wei.rahman.3864@customer360.test,+1-555-364-8968,active,45-54,Singapore,SG,email
Clara,Becker,clara.becker.3865@customer360.test,+1-555-365-9005,active,35-44,Hamburg,DE,sms
Ayanda Grace,Dlamini,ayanda-grace.dlamini.3866@customer360.test,+1-555-366-9042,active,35-44,Pretoria,ZA,email
Zoe,Turner,zoe.turner.3867@customer360.test,+1-555-367-9079,inactive,35-44,Minneapolis,US,sms
Valeria,Vidal,valeria.vidal.3868@customer360.test,+1-555-368-9116,active,25-34,Malaga,ES,push
Wei Ming Rui,Wong,wei-ming-rui.wong.3869@customer360.test,+1-555-369-9153,active,55-64,Singapore,SG,push
Mariana,Cervantes,mariana.cervantes.3870@customer360.test,+1-555-370-9190,active,35-44,Merida,MX,sms
Oscar,Fletcher,oscar.fletcher.3871@customer360.test,+1-555-371-9227,active,45-54,London,GB,email
Cooper,Bennett,cooper.bennett.3872@customer360.test,+1-555-372-9264,active,25-34,Melbourne,AU,email
Parker,Reed,parker.reed.3873@customer360.test,+1-555-373-9301,active,55-64,Boston,US,sms
Ethan,Cooper,ethan.cooper.3874@customer360.test,+1-555-374-9338,active,25-34,Denver,US,email
Amelie,Fischer,amelie.fischer.3875@customer360.test,+1-555-375-9375,active,45-54,Stuttgart,DE,push
Arjun,Bhat,arjun.bhat.3876@customer360.test,+1-555-376-9412,active,35-44,Bengaluru,IN,email
Camila Jose,Morales,camila-jose.morales.3877@customer360.test,+1-555-377-9449,inactive,45-54,Merida,MX,sms
Sofia Maria,Navarro,sofia-maria.navarro.3878@customer360.test,+1-555-378-9486,active,55-64,Malaga,ES,push
Alejandro,Cervantes,alejandro.cervantes.3879@customer360.test,+1-555-379-9523,active,45-54,Puebla,MX,email
Miles,Morgan,miles.morgan.3880@customer360.test,+1-555-380-9560,inactive,45-54,Chicago,US,email
Taylor,Morgan,taylor.morgan.3881@customer360.test,+1-555-381-9597,active,18-24,Chicago,US,sms
Giulia,Costa,giulia.costa.3882@customer360.test,+1-555-382-9634,active,35-44,Bologna,IT,push
Santiago,Navarro,santiago.navarro.3883@customer360.test,+1-555-383-9671,active,25-34,Queretaro,MX,sms
Nora,Cooper,nora.cooper.3884@customer360.test,+1-555-384-9708,active,35-44,Austin,US,push
Hannah,Wagner,hannah.wagner.3885@customer360.test,+1-555-385-9745,active,55-64,Hamburg,DE,sms
Alejandro Maria,Serrano,alejandro-maria.serrano.3886@customer360.test,+1-555-386-9782,active,45-54,Guadalajara,MX,email
Amelie Marie,Sinclair,amelie-marie.sinclair.3887@customer360.test,+1-555-387-9819,active,18-24,Montreal,CA,email
Ishita,Sharma,ishita.sharma.3888@customer360.test,+1-555-388-9856,active,55-64,Jaipur,IN,email
Maeve,Fournier,maeve.fournier.3889@customer360.test,+1-555-389-9893,active,45-54,Edmonton,CA,push
Mariana Clara,Carvalho,mariana-clara.carvalho.3890@customer360.test,+1-555-390-9930,active,35-44,Sao Paulo,BR,push
Juliette,Chevalier,juliette.chevalier.3891@customer360.test,+1-555-391-9967,active,18-24,Paris,FR,sms
Vega,Vidal,vega.vidal.3892@customer360.test,+1-555-392-1004,active,35-44,Malaga,ES,email
Leonie Paul,Rousseau,leonie-paul.rousseau.3893@customer360.test,+1-555-393-1041,active,18-24,Lille,FR,sms
Elena Luis,Ortega,elena-luis.ortega.3894@customer360.test,+1-555-394-1078,active,55-64,Madrid,ES,sms
Chloe,Dubois,chloe.dubois.3895@customer360.test,+1-555-395-1115,active,45-54,Lille,FR,push
Luiza,Teixeira,luiza.teixeira.3896@customer360.test,+1-555-396-1152,active,35-44,Brasilia,BR,sms
Sakura,Kato,sakura.kato.3897@customer360.test,+1-555-397-1189,active,35-44,Kyoto,JP,push
Leonie Jean,Marchand,leonie-jean.marchand.3898@customer360.test,+1-555-398-1226,active,45-54,Lyon,FR,email
Leonardo,Ferrari,leonardo.ferrari.3899@customer360.test,+1-555-399-1263,active,18-24,Rome,IT,email
Mariana Jose,Castillo,mariana-jose.castillo.3900@customer360.test,+1-555-400-1300,inactive,35-44,Monterrey,MX,push
Ryan,Rahman,ryan.rahman.3901@customer360.test,+1-555-401-1337,active,18-24,Singapore,SG,sms
Daniel Maria,Vidal,daniel-maria.vidal.3902@customer360.test,+1-555-402-1374,active,18-24,Madrid,ES,email
Sana,Pillai,sana.pillai.3903@customer360.test,+1-555-403-1411,active,35-44,Chennai,IN,email
Ishaan,Bhat,ishaan.bhat.3904@customer360.test,+1-555-404-1448,active,25-34,Pune,IN,sms
Mathis,Blanc,mathis.blanc.3905@customer360.test,+1-555-405-1485,active,18-24,Paris,FR,push
Theo,Marchand,theo.marchand.3906@customer360.test,+1-555-406-1522,active,35-44,Nantes,FR,sms
Leon Marie,Hartmann,leon-marie.hartmann.3907@customer360.test,+1-555-407-1559,active,18-24,Berlin,DE,sms
Nadia,Goh,nadia.goh.3908@customer360.test,+1-555-408-1596,active,25-34,Singapore,SG,push
Reyansh,Mehta,reyansh.mehta.3909@customer360.test,+1-555-409-1633,active,45-54,Mumbai,IN,sms
Sanne,Visser,sanne.visser.3910@customer360.test,+1-555-410-1670,active,35-44,Eindhoven,NL,push
Ryan Kai,Lim,ryan-kai.lim.3911@customer360.test,+1-555-411-1707,active,55-64,Singapore,SG,sms
Mathis,Girard,mathis.girard.3912@customer360.test,+1-555-412-1744,active,25-34,Lille,FR,push
Sophie Elise,Kruger,sophie-elise.kruger.3913@customer360.test,+1-555-413-1781,active,55-64,Stuttgart,DE,push
Marcus,Ng,marcus.ng.3914@customer360.test,+1-555-414-1818,active,35-44,Singapore,SG,sms
Noah Jean,Mercer,noah-jean.mercer.3915@customer360.test,+1-555-415-1855,active,35-44,Vancouver,CA,email
Renata,Fuentes,renata.fuentes.3916@customer360.test,+1-555-416-1892,active,35-44,Merida,MX,email
Oscar,Harrington,oscar.harrington.3917@customer360.test,+1-555-417-1929,active,35-44,Leeds,GB,email
Gabriel,Mercier,gabriel.mercier.3918@customer360.test,+1-555-418-1966,active,45-54,Nantes,FR,email
Jesse,De Boer,jesse.de-boer.3919@customer360.test,+1-555-419-2003,active,25-34,Eindhoven,NL,sms
Gabriel Luiz,Carvalho,gabriel-luiz.carvalho.3920@customer360.test,+1-555-420-2040,active,25-34,Porto Alegre,BR,sms
Eva,Vos,eva.vos.3921@customer360.test,+1-555-421-2077,active,35-44,Amsterdam,NL,email
Sem,De Boer,sem.de-boer.3922@customer360.test,+1-555-422-2114,active,25-34,Groningen,NL,email
Kabir,Iyer,kabir.iyer.3923@customer360.test,+1-555-423-2151,active,55-64,Chennai,IN,sms
Mei Lin,Chua,mei-lin.chua.3924@customer360.test,+1-555-424-2188,active,25-34,Singapore,SG,push
Kavya Riya,Rao,kavya-riya.rao.3925@customer360.test,+1-555-425-2225,active,45-54,Hyderabad,IN,sms
Dylan,Mitchell,dylan.mitchell.3926@customer360.test,+1-555-426-2262,inactive,45-54,Seattle,US,email
Diego,Vargas,diego.vargas.3927@customer360.test,+1-555-427-2299,active,25-34,Merida,MX,push
Grace,Wallace,grace.wallace.3928@customer360.test,+1-555-428-2336,active,55-64,Brisbane,AU,push
Vihaan,Bhat,vihaan.bhat.3929@customer360.test,+1-555-429-2373,active,45-54,Hyderabad,IN,email
Valeria,Molina,valeria.molina.3930@customer360.test,+1-555-430-2410,active,55-64,Bilbao,ES,sms
Oliver,Bennett,oliver.bennett.3931@customer360.test,+1-555-431-2447,active,18-24,Leeds,GB,sms
Sanne,De Boer,sanne.de-boer.3932@customer360.test,+1-555-432-2484,active,25-34,Utrecht,NL,push
Luiza Clara,Ribeiro,luiza-clara.ribeiro.3933@customer360.test,+1-555-433-2521,active,25-34,Brasilia,BR,push
Reyansh,Rao,reyansh.rao.3934@customer360.test,+1-555-434-2558,active,35-44,Pune,IN,push
Giulia,Rossi,giulia.rossi.3935@customer360.test,+1-555-435-2595,active,25-34,Florence,IT,sms
Maximilian,Kruger,maximilian.kruger.3936@customer360.test,+1-555-436-2632,active,35-44,Frankfurt,DE,email
Freya,Whitmore,freya.whitmore.3937@customer360.test,+1-555-437-2669,active,45-54,Leeds,GB,email
Sophie,Vogel,sophie.vogel.3938@customer360.test,+1-555-438-2706,active,45-54,Stuttgart,DE,push
Morgan,Bennett,morgan.bennett.3939@customer360.test,+1-555-439-2743,active,25-34,Philadelphia,US,email
Emiliano,Ortega,emiliano.ortega.3940@customer360.test,+1-555-440-2780,active,35-44,Puebla,MX,email
Leah,Bennett,leah.bennett.3941@customer360.test,+1-555-441-2817,active,35-44,Halifax,CA,push
Caleb,Brooks,caleb.brooks.3942@customer360.test,+1-555-442-2854,active,55-64,Denver,US,push
Rafael Maria,Ribeiro,rafael-maria.ribeiro.3943@customer360.test,+1-555-443-2891,active,25-34,Porto Alegre,BR,sms
Sem Pieter,Mulder,sem-pieter.mulder.3944@customer360.test,+1-555-444-2928,active,25-34,Rotterdam,NL,email
Darren,Goh,darren.goh.3945@customer360.test,+1-555-445-2965,active,45-54,Singapore,SG,sms
Matilda Grace,Clarke,matilda-grace.clarke.3946@customer360.test,+1-555-446-3002,active,18-24,Brisbane,AU,sms
Elliot,McKenzie,elliot.mckenzie.3947@customer360.test,+1-555-447-3039,active,45-54,Hobart,AU,email
Daan,Smit,daan.smit.3948@customer360.test,+1-555-448-3076,active,18-24,Rotterdam,NL,sms
Oscar,Clarke,oscar.clarke.3949@customer360.test,+1-555-449-3113,active,35-44,Adelaide,AU,email
Milan Pieter,Jansen,milan-pieter.jansen.3950@customer360.test,+1-555-450-3150,active,35-44,Eindhoven,NL,email
Taylor,Hayes,taylor.hayes.3951@customer360.test,+1-555-451-3187,active,25-34,Atlanta,US,sms
Mateus Joao,Costa,mateus-joao.costa.3952@customer360.test,+1-555-452-3224,active,55-64,Brasilia,BR,sms
Marco,Conti,marco.conti.3953@customer360.test,+1-555-453-3261,active,45-54,Florence,IT,push
Tara Neel,Joshi,tara-neel.joshi.3954@customer360.test,+1-555-454-3298,active,55-64,Jaipur,IN,sms
Zara,Hayes,zara.hayes.3955@customer360.test,+1-555-455-3335,active,18-24,Perth,AU,email
Sana,Malhotra,sana.malhotra.3956@customer360.test,+1-555-456-3372,active,55-64,Delhi,IN,email
Marcus Jia,Ng,marcus-jia.ng.3957@customer360.test,+1-555-457-3409,active,35-44,Singapore,SG,email
Oscar,McKenzie,oscar.mckenzie.3958@customer360.test,+1-555-458-3446,active,45-54,Hobart,AU,push
Santiago,Ortega,santiago.ortega.3959@customer360.test,+1-555-459-3483,active,18-24,Merida,MX,sms
Mei Lin,Wong,mei-lin.wong.3960@customer360.test,+1-555-460-3520,active,18-24,Singapore,SG,email
Clara,Lefevre,clara.lefevre.3961@customer360.test,+1-555-461-3557,active,25-34,Nantes,FR,sms
Fleur Marie,Vos,fleur-marie.vos.3962@customer360.test,+1-555-462-3594,active,55-64,Groningen,NL,push
Diego,Vega,diego.vega.3963@customer360.test,+1-555-463-3631,active,45-54,Seville,ES,push
Gabriele,Marino,gabriele.marino.3964@customer360.test,+1-555-464-3668,active,18-24,Rome,IT,sms
Lucia,Navarro,lucia.navarro.3965@customer360.test,+1-555-465-3705,active,18-24,Queretaro,MX,sms
Amelie,Mercer,amelie.mercer.3966@customer360.test,+1-555-466-3742,active,25-34,Edmonton,CA,push
Emilia,Richter,emilia.richter.3967@customer360.test,+1-555-467-3779,active,35-44,Frankfurt,DE,sms
Sofia,Conti,sofia.conti.3968@customer360.test,+1-555-468-3816,active,55-64,Bologna,IT,push
Leonardo,Conti,leonardo.conti.3969@customer360.test,+1-555-469-3853,active,25-34,Rome,IT,push
Beatrice,Lombardi,beatrice.lombardi.3970@customer360.test,+1-555-470-3890,active,25-34,Bologna,IT,email
Lotte,Jansen,lotte.jansen.3971@customer360.test,+1-555-471-3927,active,25-34,Utrecht,NL,sms
Mio Hiro,Yamamoto,mio-hiro.yamamoto.3972@customer360.test,+1-555-472-3964,active,35-44,Kyoto,JP,sms
Nandi,Mokoena,nandi.mokoena.3973@customer360.test,+1-555-473-4001,active,45-54,Pretoria,ZA,sms
Quinn Alex,Collins,quinn-alex.collins.3974@customer360.test,+1-555-474-4038,active,18-24,Denver,US,email
Parker Lee,Bailey,parker-lee.bailey.3975@customer360.test,+1-555-475-4075,active,35-44,San Diego,US,sms
Dylan,Mitchell,dylan.mitchell.3976@customer360.test,+1-555-476-4112,active,35-44,Boston,US,push
Ethan,Brooks,ethan.brooks.3977@customer360.test,+1-555-477-4149,active,25-34,Seattle,US,email
Clara,Mercer,clara.mercer.3978@customer360.test,+1-555-478-4186,active,18-24,Halifax,CA,sms
Hugo,Vidal,hugo.vidal.3979@customer360.test,+1-555-479-4223,active,35-44,Madrid,ES,push
Diego,Serrano,diego.serrano.3980@customer360.test,+1-555-480-4260,active,25-34,Puebla,MX,push
Diego,Castillo,diego.castillo.3981@customer360.test,+1-555-481-4297,active,18-24,Monterrey,MX,email
Clara,Chevalier,clara.chevalier.3982@customer360.test,+1-555-482-4334,active,25-34,Nantes,FR,sms
Vihaan,Chatterjee,vihaan.chatterjee.3983@customer360.test,+1-555-483-4371,active,25-34,Bengaluru,IN,push
Caleb,Turner,caleb.turner.3984@customer360.test,+1-555-484-4408,active,55-64,Philadelphia,US,push
Naomi,Hayes,naomi.hayes.3985@customer360.test,+1-555-485-4445,active,35-44,Seattle,US,push
Valeria Carmen,Navarro,valeria-carmen.navarro.3986@customer360.test,+1-555-486-4482,active,45-54,Malaga,ES,push
George,Hughes,george.hughes.3987@customer360.test,+1-555-487-4519,active,55-64,Leeds,GB,sms
Aarav,Iyer,aarav.iyer.3988@customer360.test,+1-555-488-4556,active,35-44,Kolkata,IN,push
Sakura Hiro,Takahashi,sakura-hiro.takahashi.3989@customer360.test,+1-555-489-4593,inactive,25-34,Fukuoka,JP,push
Marie,Keller,marie.keller.3990@customer360.test,+1-555-490-4630,active,55-64,Stuttgart,DE,push
Aditi,Saxena,aditi.saxena.3991@customer360.test,+1-555-491-4667,active,35-44,Ahmedabad,IN,push
Matilda,Fletcher,matilda.fletcher.3992@customer360.test,+1-555-492-4704,active,45-54,Melbourne,AU,email
Lucas,Fraser,lucas.fraser.3993@customer360.test,+1-555-493-4741,active,18-24,Ottawa,CA,sms
Cameron,Carter,cameron.carter.3994@customer360.test,+1-555-494-4778,active,25-34,Denver,US,email
Naomi,Morgan,naomi.morgan.3995@customer360.test,+1-555-495-4815,active,45-54,Seattle,US,sms
Leonardo Luca,Lombardi,leonardo-luca.lombardi.3996@customer360.test,+1-555-496-4852,active,35-44,Florence,IT,sms
Lwazi,Naidoo,lwazi.naidoo.3997@customer360.test,+1-555-497-4889,inactive,18-24,Bloemfontein,ZA,sms
Sofia,Bennett,sofia.bennett.3998@customer360.test,+1-555-498-4926,active,55-64,Denver,US,sms
Poppy Rose,Crawford,poppy-rose.crawford.3999@customer360.test,+1-555-499-4963,active,25-34,Leeds,GB,push
Tess,De Boer,tess.de-boer.4000@customer360.test,+1-555-500-5000,inactive,18-24,Groningen,NL,push
Gabriel,Barbosa,gabriel.barbosa.4001@customer360.test,+1-555-501-5037,inactive,35-44,Curitiba,BR,sms
Morgan Marie,Bailey,morgan-marie.bailey.4002@customer360.test,+1-555-502-5074,active,18-24,Denver,US,email
Diego,Mendoza,diego.mendoza.4003@customer360.test,+1-555-503-5111,active,25-34,Puebla,MX,push
Clara,Brandt,clara.brandt.4004@customer360.test,+1-555-504-5148,active,25-34,Cologne,DE,push
Haruto,Suzuki,haruto.suzuki.4005@customer360.test,+1-555-505-5185,inactive,25-34,Nagoya,JP,push
Lucas Louis,Fournier,lucas-louis.fournier.4006@customer360.test,+1-555-506-5222,active,25-34,Halifax,CA,push
Lachlan,Wallace,lachlan.wallace.4007@customer360.test,+1-555-507-5259,active,35-44,Canberra,AU,sms
Eva Pieter,De Vries,eva-pieter.de-vries.4008@customer360.test,+1-555-508-5296,active,35-44,The Hague,NL,sms
Juliette Paul,Mercier,juliette-paul.mercier.4009@customer360.test,+1-555-509-5333,inactive,55-64,Lille,FR,email
Ruby,Whitmore,ruby.whitmore.4010@customer360.test,+1-555-510-5370,active,35-44,Leeds,GB,sms
Lucia,Molina,lucia.molina.4011@customer360.test,+1-555-511-5407,active,35-44,Barcelona,ES,email
Siti,Ng,siti.ng.4012@customer360.test,+1-555-512-5444,active,25-34,Singapore,SG,sms
Mio Miki,Watanabe,mio-miki.watanabe.4013@customer360.test,+1-555-513-5481,active,18-24,Osaka,JP,sms
Sota,Watanabe,sota.watanabe.4014@customer360.test,+1-555-514-5518,active,55-64,Fukuoka,JP,push
Finn,Wallace,finn.wallace.4015@customer360.test,+1-555-515-5555,active,18-24,Melbourne,AU,email
Logan Rose,Mitchell,logan-rose.mitchell.4016@customer360.test,+1-555-516-5592,active,25-34,Seattle,US,sms
Arjun,Mehta,arjun.mehta.4017@customer360.test,+1-555-517-5629,active,25-34,Ahmedabad,IN,sms
Tara,Sharma,tara.sharma.4018@customer360.test,+1-555-518-5666,active,35-44,Ahmedabad,IN,sms
Kavya,Nair,kavya.nair.4019@customer360.test,+1-555-519-5703,active,25-34,Kolkata,IN,sms
Enzo,Mendes,enzo.mendes.4020@customer360.test,+1-555-520-5740,active,25-34,Curitiba,BR,email
Nana,Suzuki,nana.suzuki.4021@customer360.test,+1-555-521-5777,active,25-34,Yokohama,JP,email
Owen,Bouchard,owen.bouchard.4022@customer360.test,+1-555-522-5814,active,18-24,Vancouver,CA,sms
Sofia,Brooks,sofia.brooks.4023@customer360.test,+1-555-523-5851,active,18-24,Chicago,US,email
Caio,Costa,caio.costa.4024@customer360.test,+1-555-524-5888,active,25-34,Porto Alegre,BR,push
Vega,Cabrera,vega.cabrera.4025@customer360.test,+1-555-525-5925,active,45-54,Bilbao,ES,push
Maeve,Bouchard,maeve.bouchard.4026@customer360.test,+1-555-526-5962,active,45-54,Ottawa,CA,sms
Ishaan,Iyer,ishaan.iyer.4027@customer360.test,+1-555-527-5999,active,45-54,Bengaluru,IN,email
Chloe,Poirier,chloe.poirier.4028@customer360.test,+1-555-528-6036,active,45-54,Toronto,CA,push
Imogen James,Crawford,imogen-james.crawford.4029@customer360.test,+1-555-529-6073,active,35-44,London,GB,push
Isla,Sinclair,isla.sinclair.4030@customer360.test,+1-555-530-6110,active,25-34,Leeds,GB,email
Hannah,Brandt,hannah.brandt.4031@customer360.test,+1-555-531-6147,inactive,45-54,Munich,DE,sms
Isla James,Chapman,isla-james.chapman.4032@customer360.test,+1-555-532-6184,active,35-44,Birmingham,GB,push
Thiago,Ferreira,thiago.ferreira.4033@customer360.test,+1-555-533-6221,active,45-54,Porto Alegre,BR,sms
Juliette,Chevalier,juliette.chevalier.4034@customer360.test,+1-555-534-6258,active,35-44,Toulouse,FR,sms
Rohan,Desai,rohan.desai.4035@customer360.test,+1-555-535-6295,active,45-54,Kolkata,IN,email
Noah Johann,Kruger,noah-johann.kruger.4036@customer360.test,+1-555-536-6332,active,25-34,Berlin,DE,sms
Arthur,Ellis,arthur.ellis.4037@customer360.test,+1-555-537-6369,active,45-54,London,GB,email
Thabo,Pillay,thabo.pillay.4038@customer360.test,+1-555-538-6406,active,25-34,Johannesburg,ZA,email
Elliot,Sullivan,elliot.sullivan.4039@customer360.test,+1-555-539-6443,active,45-54,Sydney,AU,sms
Theo,Bennett,theo.bennett.4040@customer360.test,+1-555-540-6480,inactive,25-34,Toronto,CA,sms
Rohan Raj,Sharma,rohan-raj.sharma.4041@customer360.test,+1-555-541-6517,inactive,25-34,Jaipur,IN,email
Elena,Vega,elena.vega.4042@customer360.test,+1-555-542-6554,active,35-44,Madrid,ES,push
Lucia,Cervantes,lucia.cervantes.4043@customer360.test,+1-555-543-6591,active,18-24,Merida,MX,push
Amelia,Whitmore,amelia.whitmore.4044@customer360.test,+1-555-544-6628,active,25-34,Edinburgh,GB,email
Hugo,Sinclair,hugo.sinclair.4045@customer360.test,+1-555-545-6665,active,18-24,Leeds,GB,email
Camila Elena,Hernandez,camila-elena.hernandez.4046@customer360.test,+1-555-546-6702,active,25-34,Queretaro,MX,email
Yui,Yoshida,yui.yoshida.4047@customer360.test,+1-555-547-6739,active,25-34,Fukuoka,JP,email
Lucas,Costa,lucas.costa.4048@customer360.test,+1-555-548-6776,active,55-64,Sao Paulo,BR,push
Thabo,Pillay,thabo.pillay.4049@customer360.test,+1-555-549-6813,active,45-54,Bloemfontein,ZA,push
Darren,Ong,darren.ong.4050@customer360.test,+1-555-550-6850,active,35-44,Singapore,SG,sms
Neo,Mokoena,neo.mokoena.4051@customer360.test,+1-555-551-6887,active,35-44,Gqeberha,ZA,push
Kavya,Kulkarni,kavya.kulkarni.4052@customer360.test,+1-555-552-6924,active,18-24,Bengaluru,IN,push
Valeria,Serrano,valeria.serrano.4053@customer360.test,+1-555-553-6961,active,45-54,Merida,MX,email
Kavya,Malhotra,kavya.malhotra.4054@customer360.test,+1-555-554-6998,active,18-24,Kochi,IN,sms
Felix,Becker,felix.becker.4055@customer360.test,+1-555-555-7035,active,45-54,Berlin,DE,email
Gabriele,Bianchi,gabriele.bianchi.4056@customer360.test,+1-555-556-7072,active,18-24,Rome,IT,push
Taylor,Bennett,taylor.bennett.4057@customer360.test,+1-555-557-7109,active,18-24,Boston,US,sms
Rafael,Barbosa,rafael.barbosa.4058@customer360.test,+1-555-558-7146,active,55-64,Recife,BR,push
Emilia,Keller,emilia.keller.4059@customer360.test,+1-555-559-7183,inactive,18-24,Cologne,DE,email
Arthur,Lefevre,arthur.lefevre.4060@customer360.test,+1-555-560-7220,active,18-24,Toulouse,FR,email
Lucia Luis,Castillo,lucia-luis.castillo.4061@customer360.test,+1-555-561-7257,active,35-44,Puebla,MX,push
Valentina,Costa,valentina.costa.4062@customer360.test,+1-555-562-7294,active,25-34,Sao Paulo,BR,sms
Riku,Ito,riku.ito.4063@customer360.test,+1-555-563-7331,active,18-24,Nagoya,JP,sms
Ethan,Jacobs,ethan.jacobs.4064@customer360.test,+1-555-564-7368,active,55-64,Bloemfontein,ZA,push
Leonardo Anna,Romano,leonardo-anna.romano.4065@customer360.test,+1-555-565-7405,active,35-44,Rome,IT,sms
Mio,Yamada,mio.yamada.4066@customer360.test,+1-555-566-7442,active,25-34,Fukuoka,JP,sms
Clara,Keller,clara.keller.4067@customer360.test,+1-555-567-7479,active,18-24,Munich,DE,sms
Gabriele,Marino,gabriele.marino.4068@customer360.test,+1-555-568-7516,active,25-34,Palermo,IT,sms
Isla,Chapman,isla.chapman.4069@customer360.test,+1-555-569-7553,active,25-34,Leeds,GB,email
Lorenzo,Esposito,lorenzo.esposito.4070@customer360.test,+1-555-570-7590,active,55-64,Bologna,IT,push
Alice,Ferrari,alice.ferrari.4071@customer360.test,+1-555-571-7627,active,18-24,Bologna,IT,push
Mateo Luis,Vidal,mateo-luis.vidal.4072@customer360.test,+1-555-572-7664,active,18-24,Madrid,ES,sms
Lucas,Meijer,lucas.meijer.4073@customer360.test,+1-555-573-7701,active,45-54,Amsterdam,NL,email
Sophie,Lavoie,sophie.lavoie.4074@customer360.test,+1-555-574-7738,active,18-24,Vancouver,CA,email
Valeria,Molina,valeria.molina.4075@customer360.test,+1-555-575-7775,active,18-24,Malaga,ES,email
Beatriz,Ribeiro,beatriz.ribeiro.4076@customer360.test,+1-555-576-7812,active,18-24,Rio de Janeiro,BR,email
Matilda,Hughes,matilda.hughes.4077@customer360.test,+1-555-577-7849,active,35-44,Perth,AU,email
Nana,Tanaka,nana.tanaka.4078@customer360.test,+1-555-578-7886,active,35-44,Kyoto,JP,sms
Lucas,Nogueira,lucas.nogueira.4079@customer360.test,+1-555-579-7923,active,55-64,Salvador,BR,sms
Gabriele,Gallo,gabriele.gallo.4080@customer360.test,+1-555-580-7960,active,35-44,Florence,IT,push
Poppy,Harrington,poppy.harrington.4081@customer360.test,+1-555-581-7997,active,25-34,Glasgow,GB,push
Felix Johann,Keller,felix-johann.keller.4082@customer360.test,+1-555-582-8034,active,45-54,Cologne,DE,push
Harper Rose,Bailey,harper-rose.bailey.4083@customer360.test,+1-555-583-8071,inactive,45-54,Philadelphia,US,email
Meera,Kapoor,meera.kapoor.4084@customer360.test,+1-555-584-8108,active,25-34,Bengaluru,IN,email
Elliot Rose,Reid,elliot-rose.reid.4085@customer360.test,+1-555-585-8145,active,35-44,Adelaide,AU,sms
Matilda,Bennett,matilda.bennett.4086@customer360.test,+1-555-586-8182,active,35-44,Brisbane,AU,email
Tommaso,Ferrari,tommaso.ferrari.4087@customer360.test,+1-555-587-8219,active,35-44,Bologna,IT,push
Chloe,Lefevre,chloe.lefevre.4088@customer360.test,+1-555-588-8256,active,45-54,Marseille,FR,push
Isla,Griffiths,isla.griffiths.4089@customer360.test,+1-555-589-8293,active,55-64,Birmingham,GB,email
Aditya,Desai,aditya.desai.4090@customer360.test,+1-555-590-8330,active,35-44,Hyderabad,IN,email
Manon,Lefevre,manon.lefevre.4091@customer360.test,+1-555-591-8367,active,35-44,Bordeaux,FR,sms
Enzo,Teixeira,enzo.teixeira.4092@customer360.test,+1-555-592-8404,inactive,35-44,Salvador,BR,email
Elias,Gauthier,elias.gauthier.4093@customer360.test,+1-555-593-8441,active,45-54,Vancouver,CA,email
Nisha,Joshi,nisha.joshi.4094@customer360.test,+1-555-594-8478,active,18-24,Mumbai,IN,email
Taylor,Brooks,taylor.brooks.4095@customer360.test,+1-555-595-8515,active,45-54,Atlanta,US,sms
Ethan,Wong,ethan.wong.4096@customer360.test,+1-555-596-8552,active,18-24,Singapore,SG,push
Callum,Cameron,callum.cameron.4097@customer360.test,+1-555-597-8589,active,45-54,Hobart,AU,sms
Lucas,Bakker,lucas.bakker.4098@customer360.test,+1-555-598-8626,inactive,35-44,The Hague,NL,sms
Jack,McKenzie,jack.mckenzie.4099@customer360.test,+1-555-599-8663,active,45-54,Hobart,AU,push
Ethan Lee,Foster,ethan-lee.foster.4100@customer360.test,+1-555-600-8700,active,55-64,Minneapolis,US,push
Zoe Lee,Russell,zoe-lee.russell.4101@customer360.test,+1-555-601-8737,active,25-34,Austin,US,push
Maisie,Griffiths,maisie.griffiths.4102@customer360.test,+1-555-602-8774,active,45-54,Manchester,GB,push
Thabo Nia,Jacobs,thabo-nia.jacobs.4103@customer360.test,+1-555-603-8811,active,18-24,Cape Town,ZA,push
Ruby,Anderson,ruby.anderson.4104@customer360.test,+1-555-604-8848,active,45-54,Canberra,AU,email
Jack,Reid,jack.reid.4105@customer360.test,+1-555-605-8885,active,25-34,Melbourne,AU,sms
Sophie,Kruger,sophie.kruger.4106@customer360.test,+1-555-606-8922,active,25-34,Frankfurt,DE,push
Gabriel,Carvalho,gabriel.carvalho.4107@customer360.test,+1-555-607-8959,active,35-44,Recife,BR,push
Ethan Rui,Lim,ethan-rui.lim.4108@customer360.test,+1-555-608-8996,inactive,55-64,Singapore,SG,push
Jesse,Meijer,jesse.meijer.4109@customer360.test,+1-555-609-9033,active,18-24,Amsterdam,NL,push
Amelie,Mercier,amelie.mercier.4110@customer360.test,+1-555-610-9070,active,18-24,Marseille,FR,push
Diya,Chatterjee,diya.chatterjee.4111@customer360.test,+1-555-611-9107,active,18-24,Ahmedabad,IN,sms
Lena Lukas,Keller,lena-lukas.keller.4112@customer360.test,+1-555-612-9144,inactive,18-24,Hamburg,DE,push
Zara,Anderson,zara.anderson.4113@customer360.test,+1-555-613-9181,active,25-34,Brisbane,AU,push
Martin,Molina,martin.molina.4114@customer360.test,+1-555-614-9218,active,35-44,Bilbao,ES,push
Enzo,Ferreira,enzo.ferreira.4115@customer360.test,+1-555-615-9255,active,35-44,Salvador,BR,push
Maya,Morgan,maya.morgan.4116@customer360.test,+1-555-616-9292,active,18-24,San Diego,US,sms
Aurora,Romano,aurora.romano.4117@customer360.test,+1-555-617-9329,active,25-34,Florence,IT,push
Mariana,Nogueira,mariana.nogueira.4118@customer360.test,+1-555-618-9366,active,35-44,Sao Paulo,BR,push
Chloe,Poirier,chloe.poirier.4119@customer360.test,+1-555-619-9403,active,55-64,Vancouver,CA,push
Diego,Morales,diego.morales.4120@customer360.test,+1-555-620-9440,active,55-64,Mexico City,MX,email
Pedro,Martins,pedro.martins.4121@customer360.test,+1-555-621-9477,active,45-54,Recife,BR,sms
Mila,Kruger,mila.kruger.4122@customer360.test,+1-555-622-9514,active,35-44,Stuttgart,DE,email
Nora,Turner,nora.turner.4123@customer360.test,+1-555-623-9551,active,18-24,San Diego,US,email
Lorenzo,Ricci,lorenzo.ricci.4124@customer360.test,+1-555-624-9588,active,35-44,Florence,IT,push
Sofia,Mitchell,sofia.mitchell.4125@customer360.test,+1-555-625-9625,active,35-44,San Diego,US,push
Ishita Riya,Malhotra,ishita-riya.malhotra.4126@customer360.test,+1-555-626-9662,active,25-34,Delhi,IN,push
Oscar,Bennett,oscar.bennett.4127@customer360.test,+1-555-627-9699,active,35-44,London,GB,email
Nur,Rahman,nur.rahman.4128@customer360.test,+1-555-628-9736,active,55-64,Singapore,SG,email
Morgan,Carter,morgan.carter.4129@customer360.test,+1-555-629-9773,active,25-34,Portland,US,email
Sofia Kai,Brooks,sofia-kai.brooks.4130@customer360.test,+1-555-630-9810,active,25-34,Atlanta,US,email
Sienna,Morgan,sienna.morgan.4131@customer360.test,+1-555-631-9847,active,35-44,Melbourne,AU,push
Sophie,Beaulieu,sophie.beaulieu.4132@customer360.test,+1-555-632-9884,active,35-44,Calgary,CA,email
Ren,Sato,ren.sato.4133@customer360.test,+1-555-633-9921,active,35-44,Sapporo,JP,email
Aditi,Desai,aditi.desai.4134@customer360.test,+1-555-634-9958,active,45-54,Mumbai,IN,sms
Daniel Elena,Castillo,daniel-elena.castillo.4135@customer360.test,+1-555-635-9995,active,18-24,Puebla,MX,email
Oscar,Harrington,oscar.harrington.4136@customer360.test,+1-555-636-1032,active,35-44,Edinburgh,GB,email
Valeria,Castro,valeria.castro.4137@customer360.test,+1-555-637-1069,active,18-24,Barcelona,ES,push
Jordan,Carter,jordan.carter.4138@customer360.test,+1-555-638-1106,active,55-64,Denver,US,email
Hugo,Iglesias,hugo.iglesias.4139@customer360.test,+1-555-639-1143,active,25-34,Valencia,ES,sms
Julian,Lavoie,julian.lavoie.4140@customer360.test,+1-555-640-1180,active,25-34,Montreal,CA,email
Aarav,Chatterjee,aarav.chatterjee.4141@customer360.test,+1-555-641-1217,active,18-24,Pune,IN,sms
Oscar,Anderson,oscar.anderson.4142@customer360.test,+1-555-642-1254,active,45-54,Canberra,AU,push
Alfie Edward,Ellis,alfie-edward.ellis.4143@customer360.test,+1-555-643-1291,active,25-34,Edinburgh,GB,email
Riley,Bennett,riley.bennett.4144@customer360.test,+1-555-644-1328,active,35-44,Austin,US,email
Kaito Ken,Nakamura,kaito-ken.nakamura.4145@customer360.test,+1-555-645-1365,active,45-54,Nagoya,JP,sms
Kai Wen,Wong,kai-wen.wong.4146@customer360.test,+1-555-646-1402,active,25-34,Singapore,SG,sms
Tess,Bakker,tess.bakker.4147@customer360.test,+1-555-647-1439,active,35-44,Groningen,NL,push
Sakura,Tanaka,sakura.tanaka.4148@customer360.test,+1-555-648-1476,active,18-24,Sapporo,JP,sms
Arthur,Laurent,arthur.laurent.4149@customer360.test,+1-555-649-1513,active,45-54,Bordeaux,FR,email
Siti,Ng,siti.ng.4150@customer360.test,+1-555-650-1550,active,18-24,Singapore,SG,email
Jesse,Van Dijk,jesse.van-dijk.4151@customer360.test,+1-555-651-1587,active,55-64,Eindhoven,NL,sms
Baptiste,Laurent,baptiste.laurent.4152@customer360.test,+1-555-652-1624,active,25-34,Nantes,FR,push
Pablo,Navarro,pablo.navarro.4153@customer360.test,+1-555-653-1661,active,18-24,Madrid,ES,push
Mila,Mercer,mila.mercer.4154@customer360.test,+1-555-654-1698,active,35-44,Halifax,CA,email
Evie,Whitmore,evie.whitmore.4155@customer360.test,+1-555-655-1735,active,25-34,Glasgow,GB,sms
Enzo,Costa,enzo.costa.4156@customer360.test,+1-555-656-1772,active,35-44,Brasilia,BR,email
Darren Wei,Tan,darren-wei.tan.4157@customer360.test,+1-555-657-1809,active,55-64,Singapore,SG,sms
Sophie,Wagner,sophie.wagner.4158@customer360.test,+1-555-658-1846,active,35-44,Leipzig,DE,email
Kabir,Sharma,kabir.sharma.4159@customer360.test,+1-555-659-1883,inactive,25-34,Chennai,IN,push
Darren,Goh,darren.goh.4160@customer360.test,+1-555-660-1920,active,55-64,Singapore,SG,push
Mei,Tanaka,mei.tanaka.4161@customer360.test,+1-555-661-1957,active,25-34,Nagoya,JP,push
Evie Rose,Lawson,evie-rose.lawson.4162@customer360.test,+1-555-662-1994,active,35-44,Manchester,GB,email
Bram,De Vries,bram.de-vries.4163@customer360.test,+1-555-663-2031,active,25-34,Amsterdam,NL,email
Kaito,Kobayashi,kaito.kobayashi.4164@customer360.test,+1-555-664-2068,active,25-34,Osaka,JP,sms
Ines,Lefevre,ines.lefevre.4165@customer360.test,+1-555-665-2105,active,35-44,Lille,FR,email
Aditi,Rao,aditi.rao.4166@customer360.test,+1-555-666-2142,inactive,35-44,Ahmedabad,IN,push
Kavya,Sharma,kavya.sharma.4167@customer360.test,+1-555-667-2179,active,25-34,Kochi,IN,sms
Isla,Hughes,isla.hughes.4168@customer360.test,+1-555-668-2216,active,55-64,Hobart,AU,email
Chloe,Moreau,chloe.moreau.4169@customer360.test,+1-555-669-2253,active,55-64,Toulouse,FR,push
Ethan James,Bailey,ethan-james.bailey.4170@customer360.test,+1-555-670-2290,active,25-34,Portland,US,sms
Haruto,Yamada,haruto.yamada.4171@customer360.test,+1-555-671-2327,active,45-54,Tokyo,JP,sms
Rafael,Araujo,rafael.araujo.4172@customer360.test,+1-555-672-2364,active,55-64,Brasilia,BR,push
Eva,De Vries,eva.de-vries.4173@customer360.test,+1-555-673-2401,active,25-34,Eindhoven,NL,sms
Parker,Carter,parker.carter.4174@customer360.test,+1-555-674-2438,active,45-54,Philadelphia,US,email
Giulia,Rossi,giulia.rossi.4175@customer360.test,+1-555-675-2475,active,35-44,Rome,IT,push
Theo,Fraser,theo.fraser.4176@customer360.test,+1-555-676-2512,active,25-34,Calgary,CA,email
Valeria,Vega,valeria.vega.4177@customer360.test,+1-555-677-2549,active,25-34,Valencia,ES,email
Milan,Bakker,milan.bakker.4178@customer360.test,+1-555-678-2586,active,35-44,Eindhoven,NL,sms
Tara,Bhat,tara.bhat.4179@customer360.test,+1-555-679-2623,active,35-44,Ahmedabad,IN,sms
Lucas,Beaulieu,lucas.beaulieu.4180@customer360.test,+1-555-680-2660,active,25-34,Ottawa,CA,email
Maximilian Elise,Keller,maximilian-elise.keller.4181@customer360.test,+1-555-681-2697,active,25-34,Leipzig,DE,email
Naledi,Dlamini,naledi.dlamini.4182@customer360.test,+1-555-682-2734,active,18-24,Johannesburg,ZA,sms
Jia En,Tan,jia-en.tan.4183@customer360.test,+1-555-683-2771,active,35-44,Singapore,SG,email
Hui Min,Lee,hui-min.lee.4184@customer360.test,+1-555-684-2808,active,35-44,Singapore,SG,email
Santiago,Fuentes,santiago.fuentes.4185@customer360.test,+1-555-685-2845,active,25-34,Puebla,MX,email
Zoe Marie,Parker,zoe-marie.parker.4186@customer360.test,+1-555-686-2882,active,35-44,Atlanta,US,push
Siti,Tan,siti.tan.4187@customer360.test,+1-555-687-2919,active,25-34,Singapore,SG,push
Miles,Brooks,miles.brooks.4188@customer360.test,+1-555-688-2956,active,18-24,Atlanta,US,sms
Aiden,Mokoena,aiden.mokoena.4189@customer360.test,+1-555-689-2993,active,25-34,Gqeberha,ZA,email
Camila,Mendoza,camila.mendoza.4190@customer360.test,+1-555-690-3030,active,35-44,Monterrey,MX,sms
Aditya,Joshi,aditya.joshi.4191@customer360.test,+1-555-691-3067,inactive,35-44,Delhi,IN,sms
Sienna,Wallace,sienna.wallace.4192@customer360.test,+1-555-692-3104,active,45-54,Canberra,AU,sms
Mateo Jose,Navarro,mateo-jose.navarro.4193@customer360.test,+1-555-693-3141,active,35-44,Bilbao,ES,sms
Morgan Kai,Hayes,morgan-kai.hayes.4194@customer360.test,+1-555-694-3178,active,35-44,Austin,US,sms
Camila Maria,Cervantes,camila-maria.cervantes.4195@customer360.test,+1-555-695-3215,active,35-44,Guadalajara,MX,push
Nana,Kobayashi,nana.kobayashi.4196@customer360.test,+1-555-696-3252,active,45-54,Osaka,JP,push
Hugo,Mercier,hugo.mercier.4197@customer360.test,+1-555-697-3289,active,18-24,Nantes,FR,sms
Davide Luca,Bianchi,davide-luca.bianchi.4198@customer360.test,+1-555-698-3326,active,55-64,Rome,IT,push
Owen,Morrison,owen.morrison.4199@customer360.test,+1-555-699-3363,active,25-34,Montreal,CA,email
Harper Rose,Foster,harper-rose.foster.4200@customer360.test,+1-555-700-3400,active,25-34,Philadelphia,US,push
Lucas,Araujo,lucas.araujo.4201@customer360.test,+1-555-701-3437,active,55-64,Porto Alegre,BR,sms
Avery,Carter,avery.carter.4202@customer360.test,+1-555-702-3474,active,18-24,Atlanta,US,push
Daiki,Ito,daiki.ito.4203@customer360.test,+1-555-703-3511,active,25-34,Fukuoka,JP,push
Riley,Brooks,riley.brooks.4204@customer360.test,+1-555-704-3548,active,18-24,Austin,US,sms
Alejandro,Vargas,alejandro.vargas.4205@customer360.test,+1-555-705-3585,active,55-64,Guadalajara,MX,email
Miles,Mitchell,miles.mitchell.4206@customer360.test,+1-555-706-3622,active,45-54,Denver,US,sms
Amara,Van Wyk,amara.van-wyk.4207@customer360.test,+1-555-707-3659,active,25-34,Bloemfontein,ZA,sms
Chiara,Gallo,chiara.gallo.4208@customer360.test,+1-555-708-3696,active,55-64,Naples,IT,push
Sofia Luca,Costa,sofia-luca.costa.4209@customer360.test,+1-555-709-3733,active,35-44,Rome,IT,push
Leonardo,Rossi,leonardo.rossi.4210@customer360.test,+1-555-710-3770,active,35-44,Florence,IT,push
Reyansh,Nair,reyansh.nair.4211@customer360.test,+1-555-711-3807,active,18-24,Mumbai,IN,email
Miles,Collins,miles.collins.4212@customer360.test,+1-555-712-3844,active,35-44,Portland,US,push
Leo Luis,Molina,leo-luis.molina.4213@customer360.test,+1-555-713-3881,active,18-24,Seville,ES,push
Theo,Crawford,theo.crawford.4214@customer360.test,+1-555-714-3918,active,55-64,Bristol,GB,push
Sem,Meijer,sem.meijer.4215@customer360.test,+1-555-715-3955,active,35-44,Eindhoven,NL,sms
Rafael Joao,Carvalho,rafael-joao.carvalho.4216@customer360.test,+1-555-716-3992,active,45-54,Recife,BR,push
Tommaso,Conti,tommaso.conti.4217@customer360.test,+1-555-717-4029,active,55-64,Palermo,IT,email
Elliot,Hughes,elliot.hughes.4218@customer360.test,+1-555-718-4066,active,18-24,Perth,AU,push
Daniel,Marin,daniel.marin.4219@customer360.test,+1-555-719-4103,active,55-64,Malaga,ES,email
Enzo,Almeida,enzo.almeida.4220@customer360.test,+1-555-720-4140,active,25-34,Salvador,BR,email
Mateo Maria,Castillo,mateo-maria.castillo.4221@customer360.test,+1-555-721-4177,active,35-44,Merida,MX,push
Clara,Marchand,clara.marchand.4222@customer360.test,+1-555-722-4214,inactive,35-44,Bordeaux,FR,push
Mateus,Barbosa,mateus.barbosa.4223@customer360.test,+1-555-723-4251,active,25-34,Brasilia,BR,sms
Dylan,Bailey,dylan.bailey.4224@customer360.test,+1-555-724-4288,active,25-34,Denver,US,push
Theo,Laurent,theo.laurent.4225@customer360.test,+1-555-725-4325,active,45-54,Nantes,FR,push
Kaito,Kato,kaito.kato.4226@customer360.test,+1-555-726-4362,active,25-34,Tokyo,JP,email
Leonie,Blanc,leonie.blanc.4227@customer360.test,+1-555-727-4399,active,55-64,Toulouse,FR,email
Kaito,Nakamura,kaito.nakamura.4228@customer360.test,+1-555-728-4436,active,25-34,Yokohama,JP,sms
Camille,Poirier,camille.poirier.4229@customer360.test,+1-555-729-4473,active,55-64,Edmonton,CA,push
Diego,Vidal,diego.vidal.4230@customer360.test,+1-555-730-4510,active,35-44,Valencia,ES,sms
Tommaso,Ricci,tommaso.ricci.4231@customer360.test,+1-555-731-4547,active,18-24,Turin,IT,sms
Cheryl Jia,Ng,cheryl-jia.ng.4232@customer360.test,+1-555-732-4584,active,35-44,Singapore,SG,email
Elias Anne,Mercer,elias-anne.mercer.4233@customer360.test,+1-555-733-4621,active,25-34,Edmonton,CA,push
Lena,Morgan,lena.morgan.4234@customer360.test,+1-555-734-4658,active,45-54,Seattle,US,sms
Maeve Jean,Mercer,maeve-jean.mercer.4235@customer360.test,+1-555-735-4695,inactive,35-44,Montreal,CA,push
Mariana,Carvalho,mariana.carvalho.4236@customer360.test,+1-555-736-4732,inactive,18-24,Rio de Janeiro,BR,push
Milan,Bakker,milan.bakker.4237@customer360.test,+1-555-737-4769,active,35-44,The Hague,NL,push
Harper,Collins,harper.collins.4238@customer360.test,+1-555-738-4806,inactive,25-34,Minneapolis,US,email
Taylor,Parker,taylor.parker.4239@customer360.test,+1-555-739-4843,active,18-24,Chicago,US,sms
Miles,Cooper,miles.cooper.4240@customer360.test,+1-555-740-4880,active,35-44,San Diego,US,email
George,Hughes,george.hughes.4241@customer360.test,+1-555-741-4917,active,45-54,London,GB,push
Lena,Hoffmann,lena.hoffmann.4242@customer360.test,+1-555-742-4954,active,55-64,Leipzig,DE,push
Naomi,Turner,naomi.turner.4243@customer360.test,+1-555-743-4991,active,18-24,Boston,US,sms
Zoe,Ward,zoe.ward.4244@customer360.test,+1-555-744-5028,active,35-44,Denver,US,push
Finn,Hughes,finn.hughes.4245@customer360.test,+1-555-745-5065,active,35-44,Melbourne,AU,email
Ryan,Lim,ryan.lim.4246@customer360.test,+1-555-746-5102,active,35-44,Singapore,SG,push
Sanne Jan,Meijer,sanne-jan.meijer.4247@customer360.test,+1-555-747-5139,active,25-34,Rotterdam,NL,sms
Rohan Neel,Bhat,rohan-neel.bhat.4248@customer360.test,+1-555-748-5176,active,35-44,Mumbai,IN,sms
Ishita,Malhotra,ishita.malhotra.4249@customer360.test,+1-555-749-5213,active,25-34,Delhi,IN,push
Theo,Bennett,theo.bennett.4250@customer360.test,+1-555-750-5250,inactive,18-24,Ottawa,CA,sms
Oscar,Wallace,oscar.wallace.4251@customer360.test,+1-555-751-5287,active,25-34,Adelaide,AU,sms
Miles,Cooper,miles.cooper.4252@customer360.test,+1-555-752-5324,active,35-44,Chicago,US,sms
Owen,Lavoie,owen.lavoie.4253@customer360.test,+1-555-753-5361,inactive,18-24,Vancouver,CA,email
Rin,Sato,rin.sato.4254@customer360.test,+1-555-754-5398,active,18-24,Yokohama,JP,sms
Hui Min,Tan,hui-min.tan.4255@customer360.test,+1-555-755-5435,active,55-64,Singapore,SG,sms
Isla,Ellis,isla.ellis.4256@customer360.test,+1-555-756-5472,active,25-34,London,GB,sms
Sofia,Vargas,sofia.vargas.4257@customer360.test,+1-555-757-5509,active,35-44,Queretaro,MX,push
Camille,Blanc,camille.blanc.4258@customer360.test,+1-555-758-5546,active,55-64,Lyon,FR,sms
Hamish,Hughes,hamish.hughes.4259@customer360.test,+1-555-759-5583,active,18-24,Melbourne,AU,email
Marie,Schneider,marie.schneider.4260@customer360.test,+1-555-760-5620,active,25-34,Berlin,DE,push
Amelie,Blanc,amelie.blanc.4261@customer360.test,+1-555-761-5657,active,25-34,Toulouse,FR,email
Mariana,Teixeira,mariana.teixeira.4262@customer360.test,+1-555-762-5694,active,18-24,Porto Alegre,BR,sms
Naomi Lee,Reed,naomi-lee.reed.4263@customer360.test,+1-555-763-5731,active,25-34,Austin,US,sms
Isla Lee,Cameron,isla-lee.cameron.4264@customer360.test,+1-555-764-5768,active,25-34,Sydney,AU,sms
Marco,Bianchi,marco.bianchi.4265@customer360.test,+1-555-765-5805,active,45-54,Bologna,IT,email
Riku,Watanabe,riku.watanabe.4266@customer360.test,+1-555-766-5842,active,45-54,Nagoya,JP,email
Lucas,Fraser,lucas.fraser.4267@customer360.test,+1-555-767-5879,active,25-34,Edmonton,CA,email
Arjun,Joshi,arjun.joshi.4268@customer360.test,+1-555-768-5916,active,25-34,Ahmedabad,IN,email
Elliot,Anderson,elliot.anderson.4269@customer360.test,+1-555-769-5953,active,45-54,Adelaide,AU,sms
Parker,Hayes,parker.hayes.4270@customer360.test,+1-555-770-5990,active,35-44,Denver,US,email
Sophie,Hoffmann,sophie.hoffmann.4271@customer360.test,+1-555-771-6027,active,35-44,Frankfurt,DE,email
Ryan,Teo,ryan.teo.4272@customer360.test,+1-555-772-6064,active,35-44,Singapore,SG,push
Nana,Yoshida,nana.yoshida.4273@customer360.test,+1-555-773-6101,inactive,18-24,Sapporo,JP,push
Cheryl,Ismail,cheryl.ismail.4274@customer360.test,+1-555-774-6138,active,25-34,Singapore,SG,push
Owen,Sinclair,owen.sinclair.4275@customer360.test,+1-555-775-6175,active,35-44,Toronto,CA,push
Naomi,Parker,naomi.parker.4276@customer360.test,+1-555-776-6212,active,45-54,Boston,US,push
Mei,Yoshida,mei.yoshida.4277@customer360.test,+1-555-777-6249,active,55-64,Kyoto,JP,email
Diya,Kapoor,diya.kapoor.4278@customer360.test,+1-555-778-6286,inactive,35-44,Kochi,IN,push
Baptiste,Girard,baptiste.girard.4279@customer360.test,+1-555-779-6323,active,18-24,Paris,FR,sms
Beatrice,Marino,beatrice.marino.4280@customer360.test,+1-555-780-6360,active,45-54,Palermo,IT,sms
Lotte,Smit,lotte.smit.4281@customer360.test,+1-555-781-6397,active,35-44,Groningen,NL,sms
Mei Lin,Ong,mei-lin.ong.4282@customer360.test,+1-555-782-6434,active,45-54,Singapore,SG,email
Amelie,Kruger,amelie.kruger.4283@customer360.test,+1-555-783-6471,active,45-54,Berlin,DE,email
Milan,De Vries,milan.de-vries.4284@customer360.test,+1-555-784-6508,active,55-64,Groningen,NL,sms
Lucas,Meijer,lucas.meijer.4285@customer360.test,+1-555-785-6545,active,45-54,Utrecht,NL,push
Noah,Lavoie,noah.lavoie.4286@customer360.test,+1-555-786-6582,active,55-64,Ottawa,CA,email
Hamish,Anderson,hamish.anderson.4287@customer360.test,+1-555-787-6619,active,25-34,Sydney,AU,email
Finn,Vogel,finn.vogel.4288@customer360.test,+1-555-788-6656,active,55-64,Stuttgart,DE,sms
Ayanda,Maseko,ayanda.maseko.4289@customer360.test,+1-555-789-6693,active,25-34,Durban,ZA,email
Ruby,Chapman,ruby.chapman.4290@customer360.test,+1-555-790-6730,active,45-54,Leeds,GB,push
Rohan,Chatterjee,rohan.chatterjee.4291@customer360.test,+1-555-791-6767,active,25-34,Kochi,IN,push
Leon Lukas,Becker,leon-lukas.becker.4292@customer360.test,+1-555-792-6804,active,18-24,Munich,DE,sms
Dylan,Collins,dylan.collins.4293@customer360.test,+1-555-793-6841,active,55-64,Seattle,US,push
Nandi,Mabena,nandi.mabena.4294@customer360.test,+1-555-794-6878,active,35-44,Gqeberha,ZA,email
Thabo,Pillay,thabo.pillay.4295@customer360.test,+1-555-795-6915,active,25-34,Johannesburg,ZA,email
Felix,Neumann,felix.neumann.4296@customer360.test,+1-555-796-6952,active,55-64,Leipzig,DE,email
Caleb,Collins,caleb.collins.4297@customer360.test,+1-555-797-6989,active,25-34,Boston,US,email
Nana,Ito,nana.ito.4298@customer360.test,+1-555-798-7026,active,45-54,Yokohama,JP,email
Grace,Cameron,grace.cameron.4299@customer360.test,+1-555-799-7063,active,45-54,Adelaide,AU,email
Alejandro Maria,Fuentes,alejandro-maria.fuentes.4300@customer360.test,+1-555-800-7100,active,25-34,Queretaro,MX,sms
Amelia,Hughes,amelia.hughes.4301@customer360.test,+1-555-801-7137,active,55-64,Manchester,GB,email
Elena Luis,Vargas,elena-luis.vargas.4302@customer360.test,+1-555-802-7174,active,25-34,Queretaro,MX,email
Amelie,Mercier,amelie.mercier.4303@customer360.test,+1-555-803-7211,active,45-54,Nantes,FR,sms
Ishita,Pillai,ishita.pillai.4304@customer360.test,+1-555-804-7248,active,35-44,Hyderabad,IN,push
Arjun,Menon,arjun.menon.4305@customer360.test,+1-555-805-7285,active,25-34,Kolkata,IN,push
Ishita,Joshi,ishita.joshi.4306@customer360.test,+1-555-806-7322,active,35-44,Mumbai,IN,email
Emilia,Vogel,emilia.vogel.4307@customer360.test,+1-555-807-7359,active,25-34,Munich,DE,sms
Tara,Mehta,tara.mehta.4308@customer360.test,+1-555-808-7396,active,25-34,Chennai,IN,push
Sienna,Sullivan,sienna.sullivan.4309@customer360.test,+1-555-809-7433,active,18-24,Canberra,AU,sms
Neo Lee,Pillay,neo-lee.pillay.4310@customer360.test,+1-555-810-7470,active,35-44,Durban,ZA,email
Riku,Yoshida,riku.yoshida.4311@customer360.test,+1-555-811-7507,active,25-34,Tokyo,JP,sms
Mathis,Lefevre,mathis.lefevre.4312@customer360.test,+1-555-812-7544,active,25-34,Marseille,FR,email
Hugo,Fontaine,hugo.fontaine.4313@customer360.test,+1-555-813-7581,active,25-34,Lille,FR,email
Noor Pieter,Bakker,noor-pieter.bakker.4314@customer360.test,+1-555-814-7618,active,18-24,Rotterdam,NL,push
Oscar,Morgan,oscar.morgan.4315@customer360.test,+1-555-815-7655,active,55-64,Brisbane,AU,email
Caleb,Russell,caleb.russell.4316@customer360.test,+1-555-816-7692,inactive,18-24,Denver,US,sms
Fleur Marie,Meijer,fleur-marie.meijer.4317@customer360.test,+1-555-817-7729,active,35-44,Rotterdam,NL,push
Maya,Maseko,maya.maseko.4318@customer360.test,+1-555-818-7766,active,25-34,Durban,ZA,email
Riley,Reed,riley.reed.4319@customer360.test,+1-555-819-7803,active,25-34,Chicago,US,email
Vega,Serrano,vega.serrano.4320@customer360.test,+1-555-820-7840,active,18-24,Seville,ES,sms
Camille,Fournier,camille.fournier.4321@customer360.test,+1-555-821-7877,active,25-34,Halifax,CA,email
Beatriz,Ribeiro,beatriz.ribeiro.4322@customer360.test,+1-555-822-7914,active,18-24,Brasilia,BR,push
Camille,Marchand,camille.marchand.4323@customer360.test,+1-555-823-7951,active,45-54,Bordeaux,FR,push
Elisa,Costa,elisa.costa.4324@customer360.test,+1-555-824-7988,active,45-54,Milan,IT,push
Matteo Giovanni,Lombardi,matteo-giovanni.lombardi.4325@customer360.test,+1-555-825-8025,active,35-44,Milan,IT,email
Chloe,Blanc,chloe.blanc.4326@customer360.test,+1-555-826-8062,active,18-24,Paris,FR,email
Hugo,Girard,hugo.girard.4327@customer360.test,+1-555-827-8099,inactive,55-64,Bordeaux,FR,push
Naomi,Cooper,naomi.cooper.4328@customer360.test,+1-555-828-8136,active,35-44,Chicago,US,email
Martin,Cabrera,martin.cabrera.4329@customer360.test,+1-555-829-8173,active,35-44,Valencia,ES,sms
Yui Hiro,Yamamoto,yui-hiro.yamamoto.4330@customer360.test,+1-555-830-8210,active,18-24,Kyoto,JP,push
Oscar James,Reid,oscar-james.reid.4331@customer360.test,+1-555-831-8247,active,25-34,Adelaide,AU,sms
Maya,Mabena,maya.mabena.4332@customer360.test,+1-555-832-8284,active,25-34,Gqeberha,ZA,email
Clara,Fontaine,clara.fontaine.4333@customer360.test,+1-555-833-8321,active,18-24,Bordeaux,FR,email
Fleur,Van Dijk,fleur.van-dijk.4334@customer360.test,+1-555-834-8358,active,25-34,Utrecht,NL,push
Kavya,Malhotra,kavya.malhotra.4335@customer360.test,+1-555-835-8395,active,45-54,Bengaluru,IN,push
Callum,McKenzie,callum.mckenzie.4336@customer360.test,+1-555-836-8432,active,18-24,Perth,AU,sms
Sophie,Campbell,sophie.campbell.4337@customer360.test,+1-555-837-8469,active,18-24,Halifax,CA,email
Lucas,Beaulieu,lucas.beaulieu.4338@customer360.test,+1-555-838-8506,active,25-34,Toronto,CA,sms
Ishita,Bhat,ishita.bhat.4339@customer360.test,+1-555-839-8543,inactive,55-64,Jaipur,IN,sms
Finn,Keller,finn.keller.4340@customer360.test,+1-555-840-8580,active,25-34,Cologne,DE,sms
Nur,Chua,nur.chua.4341@customer360.test,+1-555-841-8617,active,18-24,Singapore,SG,email
Quinn,Collins,quinn.collins.4342@customer360.test,+1-555-842-8654,active,18-24,Chicago,US,sms
Amelia,Griffiths,amelia.griffiths.4343@customer360.test,+1-555-843-8691,active,35-44,Leeds,GB,sms
Leon,Hoffmann,leon.hoffmann.4344@customer360.test,+1-555-844-8728,active,35-44,Munich,DE,email
Kaito,Yoshida,kaito.yoshida.4345@customer360.test,+1-555-845-8765,inactive,45-54,Nagoya,JP,push
Yui,Yoshida,yui.yoshida.4346@customer360.test,+1-555-846-8802,active,25-34,Sapporo,JP,push
Grace,Anderson,grace.anderson.4347@customer360.test,+1-555-847-8839,active,25-34,Perth,AU,email
Camille,Renard,camille.renard.4348@customer360.test,+1-555-848-8876,active,55-64,Nantes,FR,sms
Gabriele,Ferrari,gabriele.ferrari.4349@customer360.test,+1-555-849-8913,active,18-24,Palermo,IT,sms
Marie,Fischer,marie.fischer.4350@customer360.test,+1-555-850-8950,active,25-34,Munich,DE,push
Ishita,Chatterjee,ishita.chatterjee.4351@customer360.test,+1-555-851-8987,active,25-34,Jaipur,IN,sms
Parker Marie,Bailey,parker-marie.bailey.4352@customer360.test,+1-555-852-9024,inactive,45-54,Minneapolis,US,sms
Harper,Ward,harper.ward.4353@customer360.test,+1-555-853-9061,active,25-34,Austin,US,push
Jonas,Wagner,jonas.wagner.4354@customer360.test,+1-555-854-9098,active,35-44,Frankfurt,DE,email
Rin,Kato,rin.kato.4355@customer360.test,+1-555-855-9135,active,25-34,Yokohama,JP,sms
Noah Anne,Keller,noah-anne.keller.4356@customer360.test,+1-555-856-9172,active,25-34,Leipzig,DE,push
Camila,Carvalho,camila.carvalho.4357@customer360.test,+1-555-857-9209,active,18-24,Porto Alegre,BR,email
Elias,Poirier,elias.poirier.4358@customer360.test,+1-555-858-9246,active,25-34,Montreal,CA,email
Nisha,Pillai,nisha.pillai.4359@customer360.test,+1-555-859-9283,inactive,25-34,Chennai,IN,email
Ines,Laurent,ines.laurent.4360@customer360.test,+1-555-860-9320,inactive,18-24,Bordeaux,FR,push
Sofia,Morales,sofia.morales.4361@customer360.test,+1-555-861-9357,active,55-64,Monterrey,MX,push
Tara,Bhat,tara.bhat.4362@customer360.test,+1-555-862-9394,active,18-24,Hyderabad,IN,email
Imogen,Whitmore,imogen.whitmore.4363@customer360.test,+1-555-863-9431,active,45-54,Manchester,GB,push
Aditi Raj,Malhotra,aditi-raj.malhotra.4364@customer360.test,+1-555-864-9468,inactive,25-34,Kolkata,IN,email
Matteo Anna,Ferrari,matteo-anna.ferrari.4365@customer360.test,+1-555-865-9505,active,35-44,Turin,IT,email
Daniel Carmen,Cabrera,daniel-carmen.cabrera.4366@customer360.test,+1-555-866-9542,active,45-54,Seville,ES,email
Nora,Turner,nora.turner.4367@customer360.test,+1-555-867-9579,active,25-34,Denver,US,email
Meera Priya,Rao,meera-priya.rao.4368@customer360.test,+1-555-868-9616,active,45-54,Hyderabad,IN,email
Zoe,Ward,zoe.ward.4369@customer360.test,+1-555-869-9653,active,35-44,Portland,US,push
Clara,Gauthier,clara.gauthier.4370@customer360.test,+1-555-870-9690,active,35-44,Vancouver,CA,push
Reyansh,Kulkarni,reyansh.kulkarni.4371@customer360.test,+1-555-871-9727,active,25-34,Jaipur,IN,email
Freya Edward,Bennett,freya-edward.bennett.4372@customer360.test,+1-555-872-9764,active,45-54,London,GB,push
Nisha,Pillai,nisha.pillai.4373@customer360.test,+1-555-873-9801,active,25-34,Bengaluru,IN,sms
Yuto,Sato,yuto.sato.4374@customer360.test,+1-555-874-9838,active,25-34,Yokohama,JP,sms
Juliette,Chevalier,juliette.chevalier.4375@customer360.test,+1-555-875-9875,inactive,55-64,Toulouse,FR,push
Tommaso,Moretti,tommaso.moretti.4376@customer360.test,+1-555-876-9912,active,35-44,Florence,IT,push
Aoi,Yamada,aoi.yamada.4377@customer360.test,+1-555-877-9949,active,45-54,Nagoya,JP,push
Mila,Hartmann,mila.hartmann.4378@customer360.test,+1-555-878-9986,active,25-34,Hamburg,DE,sms
Marie,Schneider,marie.schneider.4379@customer360.test,+1-555-879-1023,active,25-34,Stuttgart,DE,email
Amara,Mokoena,amara.mokoena.4380@customer360.test,+1-555-880-1060,active,45-54,Durban,ZA,email
Hugo Jean,Laurent,hugo-jean.laurent.4381@customer360.test,+1-555-881-1097,active,25-34,Paris,FR,sms
Amelia Jane,Bennett,amelia-jane.bennett.4382@customer360.test,+1-555-882-1134,active,25-34,Leeds,GB,email
Caleb,Turner,caleb.turner.4383@customer360.test,+1-555-883-1171,active,25-34,San Diego,US,push
Ishita,Nair,ishita.nair.4384@customer360.test,+1-555-884-1208,active,25-34,Jaipur,IN,push
Zoe,Parker,zoe.parker.4385@customer360.test,+1-555-885-1245,active,35-44,Philadelphia,US,sms
Jia En Jia,Lim,jia-en-jia.lim.4386@customer360.test,+1-555-886-1282,active,35-44,Singapore,SG,push
Ryan,Ismail,ryan.ismail.4387@customer360.test,+1-555-887-1319,active,45-54,Singapore,SG,sms
Grace,Anderson,grace.anderson.4388@customer360.test,+1-555-888-1356,active,35-44,Hobart,AU,push
Lachlan,Morgan,lachlan.morgan.4389@customer360.test,+1-555-889-1393,active,35-44,Canberra,AU,sms
Ishita,Sharma,ishita.sharma.4390@customer360.test,+1-555-890-1430,inactive,35-44,Kochi,IN,email
Mariana,Oliveira,mariana.oliveira.4391@customer360.test,+1-555-891-1467,active,25-34,Recife,BR,sms
Arthur,Fontaine,arthur.fontaine.4392@customer360.test,+1-555-892-1504,active,55-64,Paris,FR,sms
Sanne,Bakker,sanne.bakker.4393@customer360.test,+1-555-893-1541,active,35-44,Eindhoven,NL,sms
Nana,Tanaka,nana.tanaka.4394@customer360.test,+1-555-894-1578,active,45-54,Nagoya,JP,push
Hugo,Ellis,hugo.ellis.4395@customer360.test,+1-555-895-1615,active,25-34,Glasgow,GB,push
Yuto,Ito,yuto.ito.4396@customer360.test,+1-555-896-1652,active,55-64,Fukuoka,JP,email
Mariana Luiz,Barbosa,mariana-luiz.barbosa.4397@customer360.test,+1-555-897-1689,active,45-54,Curitiba,BR,push
Finn,Hughes,finn.hughes.4398@customer360.test,+1-555-898-1726,active,25-34,Adelaide,AU,push
Sem,Jansen,sem.jansen.4399@customer360.test,+1-555-899-1763,inactive,45-54,Utrecht,NL,sms
Harper,Russell,harper.russell.4400@customer360.test,+1-555-900-1800,active,35-44,Philadelphia,US,email
Ruby,Hughes,ruby.hughes.4401@customer360.test,+1-555-901-1837,active,35-44,Sydney,AU,email
Sofia Anna,Lombardi,sofia-anna.lombardi.4402@customer360.test,+1-555-902-1874,active,25-34,Rome,IT,email
Riku,Tanaka,riku.tanaka.4403@customer360.test,+1-555-903-1911,active,35-44,Yokohama,JP,sms
Emiliano,Ortega,emiliano.ortega.4404@customer360.test,+1-555-904-1948,active,25-34,Guadalajara,MX,sms
Camila,Mendoza,camila.mendoza.4405@customer360.test,+1-555-905-1985,active,45-54,Guadalajara,MX,sms
Callum,Sullivan,callum.sullivan.4406@customer360.test,+1-555-906-2022,inactive,35-44,Sydney,AU,push
Lena,Morgan,lena.morgan.4407@customer360.test,+1-555-907-2059,active,18-24,Denver,US,email
Elena,Rojas,elena.rojas.4408@customer360.test,+1-555-908-2096,active,45-54,Valencia,ES,email
Caleb,Bailey,caleb.bailey.4409@customer360.test,+1-555-909-2133,active,55-64,Portland,US,push
Enzo,Ferreira,enzo.ferreira.4410@customer360.test,+1-555-910-2170,active,25-34,Porto Alegre,BR,sms
Liam Marie,Bennett,liam-marie.bennett.4411@customer360.test,+1-555-911-2207,active,35-44,Vancouver,CA,sms
Leo,Marin,leo.marin.4412@customer360.test,+1-555-912-2244,active,55-64,Seville,ES,push
Vivaan,Saxena,vivaan.saxena.4413@customer360.test,+1-555-913-2281,active,18-24,Jaipur,IN,sms
Fleur,Smit,fleur.smit.4414@customer360.test,+1-555-914-2318,active,25-34,Amsterdam,NL,push
Matteo Maria,Romano,matteo-maria.romano.4415@customer360.test,+1-555-915-2355,active,25-34,Rome,IT,email
Oscar,Hughes,oscar.hughes.4416@customer360.test,+1-555-916-2392,active,35-44,Perth,AU,push
Diya,Kapoor,diya.kapoor.4417@customer360.test,+1-555-917-2429,active,45-54,Delhi,IN,email
Santiago,Vargas,santiago.vargas.4418@customer360.test,+1-555-918-2466,active,35-44,Guadalajara,MX,sms
Louis Jean,Chevalier,louis-jean.chevalier.4419@customer360.test,+1-555-919-2503,active,35-44,Marseille,FR,email
Mio,Sato,mio.sato.4420@customer360.test,+1-555-920-2540,active,35-44,Nagoya,JP,push
Jia En,Ong,jia-en.ong.4421@customer360.test,+1-555-921-2577,active,35-44,Singapore,SG,sms
Tess,De Boer,tess.de-boer.4422@customer360.test,+1-555-922-2614,active,45-54,Eindhoven,NL,email
Lucas,Carvalho,lucas.carvalho.4423@customer360.test,+1-555-923-2651,active,25-34,Rio de Janeiro,BR,push
Emilia Lukas,Kruger,emilia-lukas.kruger.4424@customer360.test,+1-555-924-2688,active,45-54,Stuttgart,DE,email
Vega,Castro,vega.castro.4425@customer360.test,+1-555-925-2725,active,25-34,Malaga,ES,sms
Mia,Hayes,mia.hayes.4426@customer360.test,+1-555-926-2762,active,55-64,Canberra,AU,email
Noor Pieter,Visser,noor-pieter.visser.4427@customer360.test,+1-555-927-2799,active,18-24,Eindhoven,NL,sms
Vega Carmen,Cabrera,vega-carmen.cabrera.4428@customer360.test,+1-555-928-2836,active,45-54,Bilbao,ES,email
Logan,Russell,logan.russell.4429@customer360.test,+1-555-929-2873,active,25-34,Portland,US,email
Lwazi Lee,Mabena,lwazi-lee.mabena.4430@customer360.test,+1-555-930-2910,active,35-44,Bloemfontein,ZA,push
Darren,Koh,darren.koh.4431@customer360.test,+1-555-931-2947,active,18-24,Singapore,SG,push
Lena,Brooks,lena.brooks.4432@customer360.test,+1-555-932-2984,active,35-44,San Diego,US,sms
Vihaan,Saxena,vihaan.saxena.4433@customer360.test,+1-555-933-3021,active,45-54,Chennai,IN,push
Matilda,Reid,matilda.reid.4434@customer360.test,+1-555-934-3058,active,25-34,Sydney,AU,email
Amelie,Lavoie,amelie.lavoie.4435@customer360.test,+1-555-935-3095,inactive,45-54,Calgary,CA,email
Tess Sofie,Mulder,tess-sofie.mulder.4436@customer360.test,+1-555-936-3132,active,35-44,Groningen,NL,push
Alfie,Lawson,alfie.lawson.4437@customer360.test,+1-555-937-3169,active,18-24,Edinburgh,GB,sms
Oscar James,Sinclair,oscar-james.sinclair.4438@customer360.test,+1-555-938-3206,active,18-24,Leeds,GB,email
Sakura,Takahashi,sakura.takahashi.4439@customer360.test,+1-555-939-3243,active,18-24,Nagoya,JP,email
Naomi,Collins,naomi.collins.4440@customer360.test,+1-555-940-3280,active,18-24,San Diego,US,sms
Maximilian,Keller,maximilian.keller.4441@customer360.test,+1-555-941-3317,inactive,45-54,Munich,DE,email
Ruby,Chapman,ruby.chapman.4442@customer360.test,+1-555-942-3354,active,45-54,Bristol,GB,email
Hamish Lee,Hughes,hamish-lee.hughes.4443@customer360.test,+1-555-943-3391,active,18-24,Brisbane,AU,sms
Milan,De Vries,milan.de-vries.4444@customer360.test,+1-555-944-3428,active,35-44,The Hague,NL,push
Thabo,Mokoena,thabo.mokoena.4445@customer360.test,+1-555-945-3465,active,18-24,Cape Town,ZA,push
Sakura,Yamada,sakura.yamada.4446@customer360.test,+1-555-946-3502,active,35-44,Nagoya,JP,email
Freya Louise,Griffiths,freya-louise.griffiths.4447@customer360.test,+1-555-947-3539,inactive,25-34,Leeds,GB,push
Rohan,Mehta,rohan.mehta.4448@customer360.test,+1-555-948-3576,inactive,25-34,Chennai,IN,email
Milan,De Vries,milan.de-vries.4449@customer360.test,+1-555-949-3613,active,55-64,The Hague,NL,email
Ishaan,Nair,ishaan.nair.4450@customer360.test,+1-555-950-3650,active,35-44,Bengaluru,IN,email
Kavya,Chatterjee,kavya.chatterjee.4451@customer360.test,+1-555-951-3687,active,18-24,Ahmedabad,IN,push
Aoi,Ito,aoi.ito.4452@customer360.test,+1-555-952-3724,active,25-34,Nagoya,JP,sms
Eva Pieter,De Vries,eva-pieter.de-vries.4453@customer360.test,+1-555-953-3761,active,35-44,Groningen,NL,email
Sana,Sharma,sana.sharma.4454@customer360.test,+1-555-954-3798,active,25-34,Bengaluru,IN,sms
Naledi,Mokoena,naledi.mokoena.4455@customer360.test,+1-555-955-3835,active,18-24,Pretoria,ZA,push
Renata,Morales,renata.morales.4456@customer360.test,+1-555-956-3872,active,18-24,Merida,MX,sms
Parker,Morgan,parker.morgan.4457@customer360.test,+1-555-957-3909,active,18-24,Atlanta,US,sms
Aarav,Desai,aarav.desai.4458@customer360.test,+1-555-958-3946,active,18-24,Pune,IN,sms
Diego,Castro,diego.castro.4459@customer360.test,+1-555-959-3983,active,25-34,Malaga,ES,email
Arthur,Fletcher,arthur.fletcher.4460@customer360.test,+1-555-960-4020,active,35-44,Bristol,GB,email
Tara,Pillai,tara.pillai.4461@customer360.test,+1-555-961-4057,active,35-44,Bengaluru,IN,email
Tommaso,Lombardi,tommaso.lombardi.4462@customer360.test,+1-555-962-4094,active,45-54,Turin,IT,sms
Vihaan,Malhotra,vihaan.malhotra.4463@customer360.test,+1-555-963-4131,active,35-44,Jaipur,IN,sms
Ruby,Fletcher,ruby.fletcher.4464@customer360.test,+1-555-964-4168,active,35-44,Canberra,AU,email
Fleur,Vos,fleur.vos.4465@customer360.test,+1-555-965-4205,active,25-34,The Hague,NL,push
Leah,Bouchard,leah.bouchard.4466@customer360.test,+1-555-966-4242,active,18-24,Toronto,CA,sms
Riku,Watanabe,riku.watanabe.4467@customer360.test,+1-555-967-4279,active,55-64,Sapporo,JP,email
Lucas Marie,Mercer,lucas-marie.mercer.4468@customer360.test,+1-555-968-4316,active,18-24,Ottawa,CA,push
Elisa,Esposito,elisa.esposito.4469@customer360.test,+1-555-969-4353,active,55-64,Milan,IT,email
Leah,Poirier,leah.poirier.4470@customer360.test,+1-555-970-4390,active,35-44,Vancouver,CA,sms
Vihaan,Mehta,vihaan.mehta.4471@customer360.test,+1-555-971-4427,active,45-54,Chennai,IN,push
Eva,Meijer,eva.meijer.4472@customer360.test,+1-555-972-4464,active,18-24,Utrecht,NL,email
Dylan,Morgan,dylan.morgan.4473@customer360.test,+1-555-973-4501,active,45-54,Chicago,US,sms
Pablo,Garcia,pablo.garcia.4474@customer360.test,+1-555-974-4538,active,35-44,Bilbao,ES,push
Aditi,Saxena,aditi.saxena.4475@customer360.test,+1-555-975-4575,active,45-54,Pune,IN,push
Zoe,Morgan,zoe.morgan.4476@customer360.test,+1-555-976-4612,active,55-64,Atlanta,US,email
Kavya,Nair,kavya.nair.4477@customer360.test,+1-555-977-4649,active,45-54,Bengaluru,IN,sms
Riley,Bailey,riley.bailey.4478@customer360.test,+1-555-978-4686,active,35-44,San Diego,US,email
Ethan,Koh,ethan.koh.4479@customer360.test,+1-555-979-4723,active,35-44,Singapore,SG,sms
Ruby,Crawford,ruby.crawford.4480@customer360.test,+1-555-980-4760,active,55-64,Glasgow,GB,sms
Nandi,Dlamini,nandi.dlamini.4481@customer360.test,+1-555-981-4797,active,55-64,Pretoria,ZA,push
Caio,Ribeiro,caio.ribeiro.4482@customer360.test,+1-555-982-4834,active,18-24,Recife,BR,push
Zinhle,Jacobs,zinhle.jacobs.4483@customer360.test,+1-555-983-4871,active,25-34,Cape Town,ZA,email
Valeria,Ortega,valeria.ortega.4484@customer360.test,+1-555-984-4908,active,45-54,Puebla,MX,push
Elena,Ortega,elena.ortega.4485@customer360.test,+1-555-985-4945,active,55-64,Bilbao,ES,email
Mateo,Serrano,mateo.serrano.4486@customer360.test,+1-555-986-4982,active,35-44,Guadalajara,MX,email
Yuto,Takahashi,yuto.takahashi.4487@customer360.test,+1-555-987-5019,active,45-54,Yokohama,JP,email
Ethan,Tan,ethan.tan.4488@customer360.test,+1-555-988-5056,active,18-24,Singapore,SG,sms
Alejandro Maria,Fuentes,alejandro-maria.fuentes.4489@customer360.test,+1-555-989-5093,active,35-44,Queretaro,MX,sms
Lucas,Jansen,lucas.jansen.4490@customer360.test,+1-555-990-5130,active,25-34,Amsterdam,NL,email
Noah Louis,Bennett,noah-louis.bennett.4491@customer360.test,+1-555-991-5167,active,45-54,Vancouver,CA,push
Enzo,Araujo,enzo.araujo.4492@customer360.test,+1-555-992-5204,inactive,25-34,Curitiba,BR,email
Noah,Richter,noah.richter.4493@customer360.test,+1-555-993-5241,active,25-34,Frankfurt,DE,email
Alice,Esposito,alice.esposito.4494@customer360.test,+1-555-994-5278,active,25-34,Florence,IT,email
Felix,Vogel,felix.vogel.4495@customer360.test,+1-555-995-5315,inactive,35-44,Stuttgart,DE,email
Sana Raj,Desai,sana-raj.desai.4496@customer360.test,+1-555-996-5352,active,55-64,Pune,IN,sms
Valentina,Almeida,valentina.almeida.4497@customer360.test,+1-555-997-5389,active,45-54,Curitiba,BR,push
Kavya,Mehta,kavya.mehta.4498@customer360.test,+1-555-998-5426,active,18-24,Bengaluru,IN,sms
Kavya,Nair,kavya.nair.4499@customer360.test,+1-555-999-5463,active,35-44,Pune,IN,push
Noor Marie,Smit,noor-marie.smit.4500@customer360.test,+1-555-100-5500,active,25-34,Utrecht,NL,email
Morgan Lee,Morgan,morgan-lee.morgan.4501@customer360.test,+1-555-101-5537,active,55-64,Austin,US,push
Clara,Kruger,clara.kruger.4502@customer360.test,+1-555-102-5574,inactive,35-44,Frankfurt,DE,email
Nur,Ng,nur.ng.4503@customer360.test,+1-555-103-5611,active,55-64,Singapore,SG,push
Ethan,Rahman,ethan.rahman.4504@customer360.test,+1-555-104-5648,inactive,25-34,Singapore,SG,email
Finn,Visser,finn.visser.4505@customer360.test,+1-555-105-5685,active,55-64,Amsterdam,NL,email
Mateo,Marin,mateo.marin.4506@customer360.test,+1-555-106-5722,active,25-34,Bilbao,ES,sms
Maeve Marie,Fraser,maeve-marie.fraser.4507@customer360.test,+1-555-107-5759,active,35-44,Ottawa,CA,email
Ruby,Fletcher,ruby.fletcher.4508@customer360.test,+1-555-108-5796,active,25-34,Birmingham,GB,sms
Alfie,Whitmore,alfie.whitmore.4509@customer360.test,+1-555-109-5833,active,25-34,Glasgow,GB,sms
Sienna,Hughes,sienna.hughes.4510@customer360.test,+1-555-110-5870,active,35-44,Brisbane,AU,sms
Bram Jan,Jansen,bram-jan.jansen.4511@customer360.test,+1-555-111-5907,inactive,45-54,Groningen,NL,sms
Jesse,Mulder,jesse.mulder.4512@customer360.test,+1-555-112-5944,active,25-34,Amsterdam,NL,email
Mateus,Ferreira,mateus.ferreira.4513@customer360.test,+1-555-113-5981,active,25-34,Recife,BR,push
Gabriele,Costa,gabriele.costa.4514@customer360.test,+1-555-114-6018,active,25-34,Milan,IT,email
Jia En,Koh,jia-en.koh.4515@customer360.test,+1-555-115-6055,active,45-54,Singapore,SG,sms
Caleb Alex,Parker,caleb-alex.parker.4516@customer360.test,+1-555-116-6092,active,45-54,Boston,US,sms
Amelie,Girard,amelie.girard.4517@customer360.test,+1-555-117-6129,active,18-24,Paris,FR,push
Thiago,Nogueira,thiago.nogueira.4518@customer360.test,+1-555-118-6166,active,25-34,Brasilia,BR,sms
Beatriz,Barbosa,beatriz.barbosa.4519@customer360.test,+1-555-119-6203,active,45-54,Curitiba,BR,email
Arjun,Sharma,arjun.sharma.4520@customer360.test,+1-555-120-6240,active,35-44,Delhi,IN,email
Lucas,De Vries,lucas.de-vries.4521@customer360.test,+1-555-121-6277,active,18-24,Eindhoven,NL,push
Maya,Reed,maya.reed.4522@customer360.test,+1-555-122-6314,active,35-44,Minneapolis,US,sms
Lotte Jan,Smit,lotte-jan.smit.4523@customer360.test,+1-555-123-6351,active,25-34,The Hague,NL,sms
Liam,Lavoie,liam.lavoie.4524@customer360.test,+1-555-124-6388,active,25-34,Edmonton,CA,sms
Hugo,Castro,hugo.castro.4525@customer360.test,+1-555-125-6425,active,25-34,Seville,ES,sms
Nur,Ong,nur.ong.4526@customer360.test,+1-555-126-6462,active,35-44,Singapore,SG,email
Kavya,Saxena,kavya.saxena.4527@customer360.test,+1-555-127-6499,inactive,18-24,Kolkata,IN,sms
Theo,Crawford,theo.crawford.4528@customer360.test,+1-555-128-6536,active,35-44,Glasgow,GB,email
Arthur James,Ellis,arthur-james.ellis.4529@customer360.test,+1-555-129-6573,active,35-44,Glasgow,GB,email
Mateo,Mendoza,mateo.mendoza.4530@customer360.test,+1-555-130-6610,active,25-34,Guadalajara,MX,sms
Diya Raj,Menon,diya-raj.menon.4531@customer360.test,+1-555-131-6647,active,35-44,Pune,IN,email
Evie,Lawson,evie.lawson.4532@customer360.test,+1-555-132-6684,active,35-44,Leeds,GB,sms
Leah,Morrison,leah.morrison.4533@customer360.test,+1-555-133-6721,active,35-44,Ottawa,CA,email
Caio,Barbosa,caio.barbosa.4534@customer360.test,+1-555-134-6758,active,35-44,Recife,BR,sms
Diego,Delgado,diego.delgado.4535@customer360.test,+1-555-135-6795,active,45-54,Merida,MX,sms
Daniel Luis,Vargas,daniel-luis.vargas.4536@customer360.test,+1-555-136-6832,active,18-24,Mexico City,MX,sms
Eva,Bos,eva.bos.4537@customer360.test,+1-555-137-6869,active,25-34,Groningen,NL,push
Quinn Kai,Carter,quinn-kai.carter.4538@customer360.test,+1-555-138-6906,active,55-64,Portland,US,email
Clara Jean,Bouchard,clara-jean.bouchard.4539@customer360.test,+1-555-139-6943,active,35-44,Ottawa,CA,email
Caleb,Foster,caleb.foster.4540@customer360.test,+1-555-140-6980,active,55-64,Philadelphia,US,email
Leonardo,Esposito,leonardo.esposito.4541@customer360.test,+1-555-141-7017,active,55-64,Bologna,IT,sms
Finn,Morgan,finn.morgan.4542@customer360.test,+1-555-142-7054,active,45-54,Sydney,AU,push
Chloe,Fontaine,chloe.fontaine.4543@customer360.test,+1-555-143-7091,active,25-34,Lyon,FR,email
Noah,Beaulieu,noah.beaulieu.4544@customer360.test,+1-555-144-7128,active,18-24,Edmonton,CA,email
Parker,Russell,parker.russell.4545@customer360.test,+1-555-145-7165,active,35-44,Atlanta,US,email
Daniel,Molina,daniel.molina.4546@customer360.test,+1-555-146-7202,active,18-24,Barcelona,ES,sms
Matteo,Ferrari,matteo.ferrari.4547@customer360.test,+1-555-147-7239,active,35-44,Rome,IT,sms
Arjun,Bhat,arjun.bhat.4548@customer360.test,+1-555-148-7276,active,45-54,Mumbai,IN,sms
Milan,Vos,milan.vos.4549@customer360.test,+1-555-149-7313,active,45-54,Utrecht,NL,email
George Rose,Chapman,george-rose.chapman.4550@customer360.test,+1-555-150-7350,active,55-64,Leeds,GB,email
Hugo,Laurent,hugo.laurent.4551@customer360.test,+1-555-151-7387,active,35-44,Paris,FR,push
Clara,Beaulieu,clara.beaulieu.4552@customer360.test,+1-555-152-7424,active,35-44,Montreal,CA,sms
Owen,Morrison,owen.morrison.4553@customer360.test,+1-555-153-7461,active,25-34,Montreal,CA,push
Arjun,Malhotra,arjun.malhotra.4554@customer360.test,+1-555-154-7498,active,35-44,Bengaluru,IN,sms
Mateus Luiz,Costa,mateus-luiz.costa.4555@customer360.test,+1-555-155-7535,active,35-44,Salvador,BR,sms
Valeria Elena,Serrano,valeria-elena.serrano.4556@customer360.test,+1-555-156-7572,active,35-44,Merida,MX,sms
Nisha,Joshi,nisha.joshi.4557@customer360.test,+1-555-157-7609,inactive,55-64,Pune,IN,email
Camila,Martins,camila.martins.4558@customer360.test,+1-555-158-7646,active,25-34,Salvador,BR,sms
Emiliano,Fuentes,emiliano.fuentes.4559@customer360.test,+1-555-159-7683,active,35-44,Queretaro,MX,push
Sophie Johann,Vogel,sophie-johann.vogel.4560@customer360.test,+1-555-160-7720,active,18-24,Stuttgart,DE,push
Nisha Riya,Iyer,nisha-riya.iyer.4561@customer360.test,+1-555-161-7757,active,25-34,Kochi,IN,sms
Avery,Mitchell,avery.mitchell.4562@customer360.test,+1-555-162-7794,active,35-44,Philadelphia,US,push
Sophie,Schneider,sophie.schneider.4563@customer360.test,+1-555-163-7831,active,55-64,Berlin,DE,push
Lotte Jan,Smit,lotte-jan.smit.4564@customer360.test,+1-555-164-7868,active,18-24,Groningen,NL,email
Valeria,Vargas,valeria.vargas.4565@customer360.test,+1-555-165-7905,active,35-44,Guadalajara,MX,email
Anaya,Saxena,anaya.saxena.4566@customer360.test,+1-555-166-7942,active,18-24,Kolkata,IN,email
Ishaan,Iyer,ishaan.iyer.4567@customer360.test,+1-555-167-7979,active,18-24,Chennai,IN,sms
Daniel,Ortega,daniel.ortega.4568@customer360.test,+1-555-168-8016,active,45-54,Malaga,ES,push
Noor,Bakker,noor.bakker.4569@customer360.test,+1-555-169-8053,active,25-34,Rotterdam,NL,email
Theo,Dubois,theo.dubois.4570@customer360.test,+1-555-170-8090,active,45-54,Lille,FR,email
Amelie Marie,Girard,amelie-marie.girard.4571@customer360.test,+1-555-171-8127,active,35-44,Toulouse,FR,email
Leah,Beaulieu,leah.beaulieu.4572@customer360.test,+1-555-172-8164,active,25-34,Montreal,CA,sms
Sana Kiran,Bhat,sana-kiran.bhat.4573@customer360.test,+1-555-173-8201,active,25-34,Kolkata,IN,push
Rafael,Carvalho,rafael.carvalho.4574@customer360.test,+1-555-174-8238,active,18-24,Salvador,BR,sms
Daniel,Hernandez,daniel.hernandez.4575@customer360.test,+1-555-175-8275,active,55-64,Monterrey,MX,push
Ruby,Harrington,ruby.harrington.4576@customer360.test,+1-555-176-8312,inactive,25-34,Birmingham,GB,sms
Mia,Fletcher,mia.fletcher.4577@customer360.test,+1-555-177-8349,active,18-24,Canberra,AU,email
Julian,Sinclair,julian.sinclair.4578@customer360.test,+1-555-178-8386,active,35-44,Toronto,CA,sms
Aditya Riya,Mehta,aditya-riya.mehta.4579@customer360.test,+1-555-179-8423,active,35-44,Jaipur,IN,sms
Marie,Schneider,marie.schneider.4580@customer360.test,+1-555-180-8460,active,25-34,Munich,DE,push
Davide,Ferrari,davide.ferrari.4581@customer360.test,+1-555-181-8497,active,45-54,Rome,IT,email
Elisa,Moretti,elisa.moretti.4582@customer360.test,+1-555-182-8534,active,25-34,Rome,IT,sms
Lucas,Mendes,lucas.mendes.4583@customer360.test,+1-555-183-8571,active,35-44,Curitiba,BR,email
Mia James,Hughes,mia-james.hughes.4584@customer360.test,+1-555-184-8608,inactive,18-24,Canberra,AU,email
Marco,Ricci,marco.ricci.4585@customer360.test,+1-555-185-8645,active,25-34,Turin,IT,email
Mateo,Castillo,mateo.castillo.4586@customer360.test,+1-555-186-8682,active,35-44,Queretaro,MX,email
Meera Neel,Kulkarni,meera-neel.kulkarni.4587@customer360.test,+1-555-187-8719,active,25-34,Kolkata,IN,email
Beatriz,Ribeiro,beatriz.ribeiro.4588@customer360.test,+1-555-188-8756,active,55-64,Rio de Janeiro,BR,sms
Daniel,Iglesias,daniel.iglesias.4589@customer360.test,+1-555-189-8793,active,45-54,Valencia,ES,push
Leonie,Laurent,leonie.laurent.4590@customer360.test,+1-555-190-8830,active,18-24,Lille,FR,push
Zoe,Foster,zoe.foster.4591@customer360.test,+1-555-191-8867,active,18-24,Austin,US,push
Clara,Vogel,clara.vogel.4592@customer360.test,+1-555-192-8904,active,55-64,Leipzig,DE,push
Lucas,Poirier,lucas.poirier.4593@customer360.test,+1-555-193-8941,active,35-44,Edmonton,CA,sms
Nora,Cooper,nora.cooper.4594@customer360.test,+1-555-194-8978,active,55-64,Denver,US,email
Lachlan,Clarke,lachlan.clarke.4595@customer360.test,+1-555-195-9015,active,25-34,Sydney,AU,sms
Rin,Kato,rin.kato.4596@customer360.test,+1-555-196-9052,active,25-34,Tokyo,JP,push
Ishaan Neel,Chatterjee,ishaan-neel.chatterjee.4597@customer360.test,+1-555-197-9089,active,55-64,Jaipur,IN,email
Hugo,Renard,hugo.renard.4598@customer360.test,+1-555-198-9126,active,18-24,Bordeaux,FR,sms
Milan,Bos,milan.bos.4599@customer360.test,+1-555-199-9163,active,55-64,Amsterdam,NL,push
Clara,Vogel,clara.vogel.4600@customer360.test,+1-555-200-9200,active,25-34,Berlin,DE,sms
Nadia,Lim,nadia.lim.4601@customer360.test,+1-555-201-9237,active,35-44,Singapore,SG,email
Sipho,Maseko,sipho.maseko.4602@customer360.test,+1-555-202-9274,active,35-44,Durban,ZA,sms
Alejandro,Fuentes,alejandro.fuentes.4603@customer360.test,+1-555-203-9311,active,45-54,Monterrey,MX,push
Sem,De Vries,sem.de-vries.4604@customer360.test,+1-555-204-9348,active,45-54,Utrecht,NL,push
Alice,Bianchi,alice.bianchi.4605@customer360.test,+1-555-205-9385,active,25-34,Turin,IT,sms
Nisha Kiran,Chatterjee,nisha-kiran.chatterjee.4606@customer360.test,+1-555-206-9422,active,18-24,Hyderabad,IN,push
Maximilian,Hoffmann,maximilian.hoffmann.4607@customer360.test,+1-555-207-9459,active,45-54,Berlin,DE,push
Mia,Wallace,mia.wallace.4608@customer360.test,+1-555-208-9496,active,45-54,Hobart,AU,sms
Mila,Beaulieu,mila.beaulieu.4609@customer360.test,+1-555-209-9533,active,25-34,Edmonton,CA,sms
Sophie,Fischer,sophie.fischer.4610@customer360.test,+1-555-210-9570,active,45-54,Munich,DE,email
Maya Lee,Mitchell,maya-lee.mitchell.4611@customer360.test,+1-555-211-9607,active,25-34,Boston,US,push
Ethan Marie,Cooper,ethan-marie.cooper.4612@customer360.test,+1-555-212-9644,active,25-34,Philadelphia,US,push
Ruby,Sinclair,ruby.sinclair.4613@customer360.test,+1-555-213-9681,active,45-54,Bristol,GB,push
Cameron,Carter,cameron.carter.4614@customer360.test,+1-555-214-9718,active,35-44,Chicago,US,push
Isla Grace,Sullivan,isla-grace.sullivan.4615@customer360.test,+1-555-215-9755,active,55-64,Perth,AU,email
Camila Clara,Almeida,camila-clara.almeida.4616@customer360.test,+1-555-216-9792,inactive,55-64,Porto Alegre,BR,sms
Thiago,Mendes,thiago.mendes.4617@customer360.test,+1-555-217-9829,active,35-44,Recife,BR,push
Vivaan,Iyer,vivaan.iyer.4618@customer360.test,+1-555-218-9866,active,45-54,Chennai,IN,email
Dylan,Turner,dylan.turner.4619@customer360.test,+1-555-219-9903,active,25-34,Chicago,US,sms
Theo,Renard,theo.renard.4620@customer360.test,+1-555-220-9940,active,25-34,Nantes,FR,push
Amelie Johann,Hoffmann,amelie-johann.hoffmann.4621@customer360.test,+1-555-221-9977,active,45-54,Berlin,DE,sms
Vihaan,Menon,vihaan.menon.4622@customer360.test,+1-555-222-1014,active,35-44,Bengaluru,IN,sms
Zara,Anderson,zara.anderson.4623@customer360.test,+1-555-223-1051,active,55-64,Melbourne,AU,sms
Tommaso,Marino,tommaso.marino.4624@customer360.test,+1-555-224-1088,active,18-24,Turin,IT,email
Julian Louis,Morrison,julian-louis.morrison.4625@customer360.test,+1-555-225-1125,active,35-44,Edmonton,CA,push
Arjun,Wong,arjun.wong.4626@customer360.test,+1-555-226-1162,active,55-64,Singapore,SG,email
Lena,Brandt,lena.brandt.4627@customer360.test,+1-555-227-1199,active,18-24,Cologne,DE,email
Jia En,Ng,jia-en.ng.4628@customer360.test,+1-555-228-1236,active,45-54,Singapore,SG,sms
Mateus,Oliveira,mateus.oliveira.4629@customer360.test,+1-555-229-1273,active,25-34,Porto Alegre,BR,sms
Arthur,Mercier,arthur.mercier.4630@customer360.test,+1-555-230-1310,active,18-24,Nantes,FR,push
Darren,Wong,darren.wong.4631@customer360.test,+1-555-231-1347,active,55-64,Singapore,SG,email
Freya,Mercer,freya.mercer.4632@customer360.test,+1-555-232-1384,active,25-34,Glasgow,GB,email
Beatrice,Costa,beatrice.costa.4633@customer360.test,+1-555-233-1421,active,25-34,Naples,IT,sms
Morgan,Russell,morgan.russell.4634@customer360.test,+1-555-234-1458,inactive,35-44,Portland,US,sms
Rafael,Costa,rafael.costa.4635@customer360.test,+1-555-235-1495,inactive,35-44,Recife,BR,sms
Julian,Morrison,julian.morrison.4636@customer360.test,+1-555-236-1532,active,35-44,Montreal,CA,push
Miles,Collins,miles.collins.4637@customer360.test,+1-555-237-1569,active,35-44,Portland,US,email
Darren,Koh,darren.koh.4638@customer360.test,+1-555-238-1606,active,35-44,Singapore,SG,sms
Theo Marie,Gauthier,theo-marie.gauthier.4639@customer360.test,+1-555-239-1643,active,35-44,Halifax,CA,email
Theo,Dubois,theo.dubois.4640@customer360.test,+1-555-240-1680,active,35-44,Lille,FR,email
Sophie Marie,Beaulieu,sophie-marie.beaulieu.4641@customer360.test,+1-555-241-1717,active,35-44,Edmonton,CA,email
Vivaan,Saxena,vivaan.saxena.4642@customer360.test,+1-555-242-1754,active,35-44,Kochi,IN,push
Amelia,Bennett,amelia.bennett.4643@customer360.test,+1-555-243-1791,active,25-34,Leeds,GB,push
Gabriel,Almeida,gabriel.almeida.4644@customer360.test,+1-555-244-1828,active,55-64,Porto Alegre,BR,sms
Riley,Cooper,riley.cooper.4645@customer360.test,+1-555-245-1865,active,18-24,Seattle,US,sms
Theo,Fournier,theo.fournier.4646@customer360.test,+1-555-246-1902,active,35-44,Edmonton,CA,sms
Paul,Kruger,paul.kruger.4647@customer360.test,+1-555-247-1939,active,25-34,Cologne,DE,sms
Cameron,Mitchell,cameron.mitchell.4648@customer360.test,+1-555-248-1976,active,25-34,Atlanta,US,sms
Daiki,Suzuki,daiki.suzuki.4649@customer360.test,+1-555-249-2013,active,45-54,Nagoya,JP,push
Alejandro,Vargas,alejandro.vargas.4650@customer360.test,+1-555-250-2050,active,35-44,Puebla,MX,email
Amara,Mabena,amara.mabena.4651@customer360.test,+1-555-251-2087,active,18-24,Cape Town,ZA,email
Jordan Lee,Bailey,jordan-lee.bailey.4652@customer360.test,+1-555-252-2124,active,35-44,Austin,US,push
Darren,Teo,darren.teo.4653@customer360.test,+1-555-253-2161,active,18-24,Singapore,SG,email
Carmen Jose,Cabrera,carmen-jose.cabrera.4654@customer360.test,+1-555-254-2198,active,25-34,Bilbao,ES,push
Sofia,Hayes,sofia.hayes.4655@customer360.test,+1-555-255-2235,active,25-34,Boston,US,push
Mateo,Serrano,mateo.serrano.4656@customer360.test,+1-555-256-2272,active,35-44,Guadalajara,MX,sms
Cheryl,Lim,cheryl.lim.4657@customer360.test,+1-555-257-2309,active,45-54,Singapore,SG,email
Amara,Botha,amara.botha.4658@customer360.test,+1-555-258-2346,active,25-34,Gqeberha,ZA,email
Gabriele,Moretti,gabriele.moretti.4659@customer360.test,+1-555-259-2383,active,25-34,Milan,IT,email
Leah,Bouchard,leah.bouchard.4660@customer360.test,+1-555-260-2420,active,25-34,Calgary,CA,email
Nina,De Vries,nina.de-vries.4661@customer360.test,+1-555-261-2457,active,25-34,Utrecht,NL,sms
Aiden,Nkosi,aiden.nkosi.4662@customer360.test,+1-555-262-2494,active,35-44,Bloemfontein,ZA,push
Nandi,Jacobs,nandi.jacobs.4663@customer360.test,+1-555-263-2531,active,35-44,Durban,ZA,email
Caio Luiz,Almeida,caio-luiz.almeida.4664@customer360.test,+1-555-264-2568,active,25-34,Recife,BR,email
Lena Rose,Brooks,lena-rose.brooks.4665@customer360.test,+1-555-265-2605,active,55-64,Seattle,US,sms
Camille,Blanc,camille.blanc.4666@customer360.test,+1-555-266-2642,active,25-34,Toulouse,FR,email
Aarav,Iyer,aarav.iyer.4667@customer360.test,+1-555-267-2679,active,35-44,Pune,IN,sms
Yuto Hiro,Kato,yuto-hiro.kato.4668@customer360.test,+1-555-268-2716,active,25-34,Fukuoka,JP,email
Haruto,Tanaka,haruto.tanaka.4669@customer360.test,+1-555-269-2753,active,18-24,Sapporo,JP,sms
Poppy,Mercer,poppy.mercer.4670@customer360.test,+1-555-270-2790,active,35-44,London,GB,email
Miles,Parker,miles.parker.4671@customer360.test,+1-555-271-2827,active,45-54,Atlanta,US,sms
Aurora,Lombardi,aurora.lombardi.4672@customer360.test,+1-555-272-2864,active,35-44,Rome,IT,push
Taylor Grace,Parker,taylor-grace.parker.4673@customer360.test,+1-555-273-2901,active,25-34,Boston,US,email
Theo,Morrison,theo.morrison.4674@customer360.test,+1-555-274-2938,active,18-24,Toronto,CA,email
Jesse Marie,Meijer,jesse-marie.meijer.4675@customer360.test,+1-555-275-2975,active,25-34,Amsterdam,NL,email
Valentina,Araujo,valentina.araujo.4676@customer360.test,+1-555-276-3012,active,25-34,Porto Alegre,BR,sms
Noah Marie,Hartmann,noah-marie.hartmann.4677@customer360.test,+1-555-277-3049,active,18-24,Munich,DE,push
Clara,Wagner,clara.wagner.4678@customer360.test,+1-555-278-3086,active,55-64,Stuttgart,DE,push
Vivaan,Kapoor,vivaan.kapoor.4679@customer360.test,+1-555-279-3123,active,35-44,Jaipur,IN,email
Enzo,Teixeira,enzo.teixeira.4680@customer360.test,+1-555-280-3160,active,35-44,Rio de Janeiro,BR,email
Jordan Grace,Bailey,jordan-grace.bailey.4681@customer360.test,+1-555-281-3197,active,35-44,Minneapolis,US,push
Meera,Kulkarni,meera.kulkarni.4682@customer360.test,+1-555-282-3234,active,45-54,Pune,IN,push
Alejandro,Rios,alejandro.rios.4683@customer360.test,+1-555-283-3271,active,35-44,Guadalajara,MX,email
Alice,Costa,alice.costa.4684@customer360.test,+1-555-284-3308,active,45-54,Rome,IT,sms
Hina Hiro,Kobayashi,hina-hiro.kobayashi.4685@customer360.test,+1-555-285-3345,active,25-34,Nagoya,JP,email
Sanne,Van Dijk,sanne.van-dijk.4686@customer360.test,+1-555-286-3382,active,55-64,The Hague,NL,push
Kabir,Desai,kabir.desai.4687@customer360.test,+1-555-287-3419,active,25-34,Bengaluru,IN,email
Sofia,Reed,sofia.reed.4688@customer360.test,+1-555-288-3456,active,35-44,Minneapolis,US,push
Vivaan Riya,Nair,vivaan-riya.nair.4689@customer360.test,+1-555-289-3493,active,25-34,Kochi,IN,email
Sophie Johann,Vogel,sophie-johann.vogel.4690@customer360.test,+1-555-290-3530,active,45-54,Stuttgart,DE,push
Amelie,Dubois,amelie.dubois.4691@customer360.test,+1-555-291-3567,active,45-54,Lyon,FR,email
Lucas,Oliveira,lucas.oliveira.4692@customer360.test,+1-555-292-3604,active,25-34,Sao Paulo,BR,email
Clara,Wagner,clara.wagner.4693@customer360.test,+1-555-293-3641,active,25-34,Frankfurt,DE,sms
Vega Maria,Vidal,vega-maria.vidal.4694@customer360.test,+1-555-294-3678,active,18-24,Malaga,ES,push
Kai Wen Jia,Wong,kai-wen-jia.wong.4695@customer360.test,+1-555-295-3715,active,25-34,Singapore,SG,push
Meera,Saxena,meera.saxena.4696@customer360.test,+1-555-296-3752,inactive,55-64,Delhi,IN,sms
Beatrice,Ricci,beatrice.ricci.4697@customer360.test,+1-555-297-3789,active,45-54,Rome,IT,push
Nandi,Jacobs,nandi.jacobs.4698@customer360.test,+1-555-298-3826,active,18-24,Gqeberha,ZA,push
Chloe Jean,Fraser,chloe-jean.fraser.4699@customer360.test,+1-555-299-3863,active,45-54,Vancouver,CA,push
Sofia,Iglesias,sofia.iglesias.4700@customer360.test,+1-555-300-3900,inactive,25-34,Madrid,ES,push
Mila,Fournier,mila.fournier.4701@customer360.test,+1-555-301-3937,active,25-34,Toronto,CA,email
Kavya Kiran,Mehta,kavya-kiran.mehta.4702@customer360.test,+1-555-302-3974,active,35-44,Jaipur,IN,email
Dylan,Brooks,dylan.brooks.4703@customer360.test,+1-555-303-4011,active,18-24,Seattle,US,push
Ishita,Pillai,ishita.pillai.4704@customer360.test,+1-555-304-4048,active,25-34,Kochi,IN,push
Chiara,Bianchi,chiara.bianchi.4705@customer360.test,+1-555-305-4085,active,35-44,Naples,IT,email
Yuto Ken,Suzuki,yuto-ken.suzuki.4706@customer360.test,+1-555-306-4122,active,45-54,Tokyo,JP,push
Amelia James,Lawson,amelia-james.lawson.4707@customer360.test,+1-555-307-4159,inactive,35-44,Leeds,GB,sms
Cooper,Anderson,cooper.anderson.4708@customer360.test,+1-555-308-4196,active,35-44,Perth,AU,email
Logan,Cooper,logan.cooper.4709@customer360.test,+1-555-309-4233,active,35-44,Portland,US,email
Matilda,Sullivan,matilda.sullivan.4710@customer360.test,+1-555-310-4270,active,18-24,Hobart,AU,email
Naledi,Mabena,naledi.mabena.4711@customer360.test,+1-555-311-4307,active,18-24,Durban,ZA,sms
Paul,Hoffmann,paul.hoffmann.4712@customer360.test,+1-555-312-4344,active,18-24,Hamburg,DE,email
Mio,Watanabe,mio.watanabe.4713@customer360.test,+1-555-313-4381,active,55-64,Tokyo,JP,email
Rin,Sato,rin.sato.4714@customer360.test,+1-555-314-4418,active,55-64,Osaka,JP,email
Mateo,Delgado,mateo.delgado.4715@customer360.test,+1-555-315-4455,active,18-24,Monterrey,MX,sms
Arjun,Sharma,arjun.sharma.4716@customer360.test,+1-555-316-4492,active,18-24,Bengaluru,IN,email
Isabela Luiz,Ferreira,isabela-luiz.ferreira.4717@customer360.test,+1-555-317-4529,inactive,25-34,Porto Alegre,BR,email
Zoe,Hayes,zoe.hayes.4718@customer360.test,+1-555-318-4566,active,18-24,Denver,US,sms
Diego,Garcia,diego.garcia.4719@customer360.test,+1-555-319-4603,active,55-64,Bilbao,ES,push
Juliette Paul,Dubois,juliette-paul.dubois.4720@customer360.test,+1-555-320-4640,active,35-44,Marseille,FR,sms
Arthur,Blanc,arthur.blanc.4721@customer360.test,+1-555-321-4677,active,55-64,Nantes,FR,push
Sofia Maria,Vargas,sofia-maria.vargas.4722@customer360.test,+1-555-322-4714,active,35-44,Guadalajara,MX,sms
Morgan,Brooks,morgan.brooks.4723@customer360.test,+1-555-323-4751,active,25-34,Boston,US,push
Logan,Reed,logan.reed.4724@customer360.test,+1-555-324-4788,active,45-54,Denver,US,push
Nana,Kobayashi,nana.kobayashi.4725@customer360.test,+1-555-325-4825,active,35-44,Nagoya,JP,push
Daan Marie,Mulder,daan-marie.mulder.4726@customer360.test,+1-555-326-4862,active,45-54,Eindhoven,NL,push
Camila,Ferreira,camila.ferreira.4727@customer360.test,+1-555-327-4899,active,25-34,Salvador,BR,sms
Alejandro,Rios,alejandro.rios.4728@customer360.test,+1-555-328-4936,active,45-54,Queretaro,MX,push
Amelie,Schneider,amelie.schneider.4729@customer360.test,+1-555-329-4973,active,25-34,Cologne,DE,push
Riley,Morgan,riley.morgan.4730@customer360.test,+1-555-330-5010,active,18-24,Seattle,US,email
Cameron,Brooks,cameron.brooks.4731@customer360.test,+1-555-331-5047,active,35-44,Minneapolis,US,email
Helena Luiz,Oliveira,helena-luiz.oliveira.4732@customer360.test,+1-555-332-5084,active,45-54,Brasilia,BR,email
Owen,Fournier,owen.fournier.4733@customer360.test,+1-555-333-5121,active,18-24,Toronto,CA,push
Lucas Marie,Gauthier,lucas-marie.gauthier.4734@customer360.test,+1-555-334-5158,active,25-34,Halifax,CA,sms
Maximilian Johann,Fischer,maximilian-johann.fischer.4735@customer360.test,+1-555-335-5195,active,18-24,Frankfurt,DE,email
Marco,Rossi,marco.rossi.4736@customer360.test,+1-555-336-5232,active,35-44,Milan,IT,email
Sota,Kato,sota.kato.4737@customer360.test,+1-555-337-5269,active,45-54,Fukuoka,JP,push
Mariana,Ortega,mariana.ortega.4738@customer360.test,+1-555-338-5306,active,35-44,Guadalajara,MX,sms
Lena,Bailey,lena.bailey.4739@customer360.test,+1-555-339-5343,active,45-54,San Diego,US,sms
Caleb Marie,Morgan,caleb-marie.morgan.4740@customer360.test,+1-555-340-5380,active,25-34,Atlanta,US,push
Morgan,Reed,morgan.reed.4741@customer360.test,+1-555-341-5417,active,55-64,Seattle,US,push
Amara,Nkosi,amara.nkosi.4742@customer360.test,+1-555-342-5454,active,45-54,Pretoria,ZA,push
Arthur,Crawford,arthur.crawford.4743@customer360.test,+1-555-343-5491,active,45-54,Manchester,GB,sms
Vivaan,Pillai,vivaan.pillai.4744@customer360.test,+1-555-344-5528,active,25-34,Hyderabad,IN,email
Valeria,Navarro,valeria.navarro.4745@customer360.test,+1-555-345-5565,active,35-44,Queretaro,MX,sms
Aarav,Saxena,aarav.saxena.4746@customer360.test,+1-555-346-5602,active,45-54,Hyderabad,IN,sms
Clara,Mercier,clara.mercier.4747@customer360.test,+1-555-347-5639,active,45-54,Lille,FR,email
Tara,Menon,tara.menon.4748@customer360.test,+1-555-348-5676,active,25-34,Kochi,IN,push
Miles,Turner,miles.turner.4749@customer360.test,+1-555-349-5713,active,45-54,Portland,US,push
Aarav,Malhotra,aarav.malhotra.4750@customer360.test,+1-555-350-5750,active,35-44,Pune,IN,email
Daniel,Fuentes,daniel.fuentes.4751@customer360.test,+1-555-351-5787,active,25-34,Merida,MX,push
Finn,Hoffmann,finn.hoffmann.4752@customer360.test,+1-555-352-5824,active,25-34,Hamburg,DE,sms
Thabo,Botha,thabo.botha.4753@customer360.test,+1-555-353-5861,active,25-34,Johannesburg,ZA,sms
Lucas,De Boer,lucas.de-boer.4754@customer360.test,+1-555-354-5898,active,45-54,Amsterdam,NL,sms
Logan,Bennett,logan.bennett.4755@customer360.test,+1-555-355-5935,active,35-44,Chicago,US,push
Emiliano,Castillo,emiliano.castillo.4756@customer360.test,+1-555-356-5972,active,45-54,Monterrey,MX,push
Reyansh,Pillai,reyansh.pillai.4757@customer360.test,+1-555-357-6009,active,18-24,Kolkata,IN,sms
Luiza Luiz,Ferreira,luiza-luiz.ferreira.4758@customer360.test,+1-555-358-6046,active,45-54,Sao Paulo,BR,push
Darren,Lim,darren.lim.4759@customer360.test,+1-555-359-6083,active,25-34,Singapore,SG,push
Eva,Meijer,eva.meijer.4760@customer360.test,+1-555-360-6120,active,25-34,The Hague,NL,email
Liam,Fournier,liam.fournier.4761@customer360.test,+1-555-361-6157,active,25-34,Toronto,CA,email
Mateo,Serrano,mateo.serrano.4762@customer360.test,+1-555-362-6194,active,18-24,Queretaro,MX,push
Lachlan,Fletcher,lachlan.fletcher.4763@customer360.test,+1-555-363-6231,active,25-34,Adelaide,AU,email
Sakura,Kobayashi,sakura.kobayashi.4764@customer360.test,+1-555-364-6268,active,25-34,Tokyo,JP,push
Martin,Castro,martin.castro.4765@customer360.test,+1-555-365-6305,active,25-34,Madrid,ES,push
Alba,Serrano,alba.serrano.4766@customer360.test,+1-555-366-6342,active,45-54,Seville,ES,email
Caleb,Brooks,caleb.brooks.4767@customer360.test,+1-555-367-6379,active,18-24,Portland,US,push
Hannah,Keller,hannah.keller.4768@customer360.test,+1-555-368-6416,inactive,25-34,Munich,DE,email
Aarav,Joshi,aarav.joshi.4769@customer360.test,+1-555-369-6453,active,45-54,Mumbai,IN,push
Daniel,Fuentes,daniel.fuentes.4770@customer360.test,+1-555-370-6490,active,55-64,Mexico City,MX,push
Lena,Parker,lena.parker.4771@customer360.test,+1-555-371-6527,active,25-34,Austin,US,sms
Isabela,Oliveira,isabela.oliveira.4772@customer360.test,+1-555-372-6564,active,55-64,Brasilia,BR,email
Mia,Fletcher,mia.fletcher.4773@customer360.test,+1-555-373-6601,active,35-44,Perth,AU,email
Amelie,Lefevre,amelie.lefevre.4774@customer360.test,+1-555-374-6638,active,25-34,Paris,FR,email
Taylor,Morgan,taylor.morgan.4775@customer360.test,+1-555-375-6675,active,25-34,Minneapolis,US,email
Lerato,Mthembu,lerato.mthembu.4776@customer360.test,+1-555-376-6712,active,45-54,Durban,ZA,sms
Amelia,Mercer,amelia.mercer.4777@customer360.test,+1-555-377-6749,active,25-34,Birmingham,GB,sms
Aoi,Kobayashi,aoi.kobayashi.4778@customer360.test,+1-555-378-6786,active,55-64,Sapporo,JP,sms
Mariana,Ribeiro,mariana.ribeiro.4779@customer360.test,+1-555-379-6823,active,35-44,Porto Alegre,BR,push
Ishaan,Kapoor,ishaan.kapoor.4780@customer360.test,+1-555-380-6860,active,55-64,Chennai,IN,email
Daniel,Ortega,daniel.ortega.4781@customer360.test,+1-555-381-6897,active,25-34,Seville,ES,push
Haruto,Suzuki,haruto.suzuki.4782@customer360.test,+1-555-382-6934,active,25-34,Nagoya,JP,push
Theo,Griffiths,theo.griffiths.4783@customer360.test,+1-555-383-6971,active,55-64,Leeds,GB,email
Neo,Jacobs,neo.jacobs.4784@customer360.test,+1-555-384-7008,active,35-44,Pretoria,ZA,sms
Sana,Sharma,sana.sharma.4785@customer360.test,+1-555-385-7045,active,45-54,Jaipur,IN,email
Ethan Kai,Ismail,ethan-kai.ismail.4786@customer360.test,+1-555-386-7082,active,35-44,Singapore,SG,email
Isabela,Barbosa,isabela.barbosa.4787@customer360.test,+1-555-387-7119,active,25-34,Rio de Janeiro,BR,email
Cooper,Morgan,cooper.morgan.4788@customer360.test,+1-555-388-7156,active,35-44,Sydney,AU,sms
Naomi,Parker,naomi.parker.4789@customer360.test,+1-555-389-7193,active,45-54,San Diego,US,email
Sipho,Nkosi,sipho.nkosi.4790@customer360.test,+1-555-390-7230,active,35-44,Johannesburg,ZA,push
Theo Jean,Campbell,theo-jean.campbell.4791@customer360.test,+1-555-391-7267,active,45-54,Halifax,CA,sms
Aurora,Costa,aurora.costa.4792@customer360.test,+1-555-392-7304,active,25-34,Palermo,IT,push
Louis,Marchand,louis.marchand.4793@customer360.test,+1-555-393-7341,active,45-54,Bordeaux,FR,email
Sota,Suzuki,sota.suzuki.4794@customer360.test,+1-555-394-7378,active,18-24,Fukuoka,JP,push
Ines Jean,Marchand,ines-jean.marchand.4795@customer360.test,+1-555-395-7415,active,55-64,Bordeaux,FR,email
Jonas,Richter,jonas.richter.4796@customer360.test,+1-555-396-7452,active,55-64,Berlin,DE,sms
Ayanda,Van Wyk,ayanda.van-wyk.4797@customer360.test,+1-555-397-7489,active,25-34,Cape Town,ZA,sms
Clara,Chevalier,clara.chevalier.4798@customer360.test,+1-555-398-7526,active,25-34,Bordeaux,FR,push
Tommaso,Esposito,tommaso.esposito.4799@customer360.test,+1-555-399-7563,active,25-34,Naples,IT,email
Oliver Jane,Lawson,oliver-jane.lawson.4800@customer360.test,+1-555-400-7600,active,35-44,Manchester,GB,push
Morgan,Hayes,morgan.hayes.4801@customer360.test,+1-555-401-7637,active,45-54,Seattle,US,sms
Daniel,Navarro,daniel.navarro.4802@customer360.test,+1-555-402-7674,active,55-64,Queretaro,MX,push
Mathis,Laurent,mathis.laurent.4803@customer360.test,+1-555-403-7711,active,45-54,Toulouse,FR,email
Alejandro,Hernandez,alejandro.hernandez.4804@customer360.test,+1-555-404-7748,inactive,18-24,Monterrey,MX,push
Valeria Carmen,Iglesias,valeria-carmen.iglesias.4805@customer360.test,+1-555-405-7785,inactive,25-34,Barcelona,ES,email
Isabela,Carvalho,isabela.carvalho.4806@customer360.test,+1-555-406-7822,active,18-24,Recife,BR,push
Anaya,Desai,anaya.desai.4807@customer360.test,+1-555-407-7859,active,35-44,Chennai,IN,sms
Noah Marie,Wagner,noah-marie.wagner.4808@customer360.test,+1-555-408-7896,active,25-34,Stuttgart,DE,sms
Avery Marie,Parker,avery-marie.parker.4809@customer360.test,+1-555-409-7933,active,18-24,Denver,US,email
Alejandro,Mendoza,alejandro.mendoza.4810@customer360.test,+1-555-410-7970,active,45-54,Merida,MX,push
Emiliano Maria,Fuentes,emiliano-maria.fuentes.4811@customer360.test,+1-555-411-8007,active,25-34,Mexico City,MX,email
Beatrice Luca,Costa,beatrice-luca.costa.4812@customer360.test,+1-555-412-8044,active,25-34,Rome,IT,push
Taylor,Reed,taylor.reed.4813@customer360.test,+1-555-413-8081,active,18-24,San Diego,US,sms
Maximilian,Keller,maximilian.keller.4814@customer360.test,+1-555-414-8118,active,55-64,Cologne,DE,email
Leonie Marie,Mercier,leonie-marie.mercier.4815@customer360.test,+1-555-415-8155,active,25-34,Toulouse,FR,email
Nina,Bakker,nina.bakker.4816@customer360.test,+1-555-416-8192,active,45-54,Rotterdam,NL,sms
Enzo,Araujo,enzo.araujo.4817@customer360.test,+1-555-417-8229,active,25-34,Brasilia,BR,push
Clara,Poirier,clara.poirier.4818@customer360.test,+1-555-418-8266,active,55-64,Toronto,CA,sms
Ruby,Morgan,ruby.morgan.4819@customer360.test,+1-555-419-8303,active,25-34,Adelaide,AU,push
Sofia,Russell,sofia.russell.4820@customer360.test,+1-555-420-8340,active,25-34,Atlanta,US,push
Amelie Claire,Sinclair,amelie-claire.sinclair.4821@customer360.test,+1-555-421-8377,active,18-24,Calgary,CA,sms
Leon Anne,Hartmann,leon-anne.hartmann.4822@customer360.test,+1-555-422-8414,active,25-34,Hamburg,DE,push
Naomi Marie,Collins,naomi-marie.collins.4823@customer360.test,+1-555-423-8451,active,25-34,Denver,US,email
Arjun Wei,Rahman,arjun-wei.rahman.4824@customer360.test,+1-555-424-8488,active,18-24,Singapore,SG,push
Noah,Sinclair,noah.sinclair.4825@customer360.test,+1-555-425-8525,active,18-24,Calgary,CA,push
Morgan,Turner,morgan.turner.4826@customer360.test,+1-555-426-8562,inactive,55-64,Seattle,US,push
Elias,Mercer,elias.mercer.4827@customer360.test,+1-555-427-8599,active,35-44,Vancouver,CA,sms
Oscar,Clarke,oscar.clarke.4828@customer360.test,+1-555-428-8636,active,55-64,Adelaide,AU,sms
Nandi,Nkosi,nandi.nkosi.4829@customer360.test,+1-555-429-8673,active,25-34,Bloemfontein,ZA,sms
Sanne,De Boer,sanne.de-boer.4830@customer360.test,+1-555-430-8710,active,25-34,Utrecht,NL,push
Rin,Sato,rin.sato.4831@customer360.test,+1-555-431-8747,active,25-34,Sapporo,JP,email
Amara,Pillay,amara.pillay.4832@customer360.test,+1-555-432-8784,active,45-54,Pretoria,ZA,push
Cheryl,Koh,cheryl.koh.4833@customer360.test,+1-555-433-8821,active,18-24,Singapore,SG,push
Finn,De Boer,finn.de-boer.4834@customer360.test,+1-555-434-8858,active,55-64,Utrecht,NL,email
Alfie,Griffiths,alfie.griffiths.4835@customer360.test,+1-555-435-8895,active,18-24,London,GB,sms
Sem,Bakker,sem.bakker.4836@customer360.test,+1-555-436-8932,active,25-34,Rotterdam,NL,push
Alfie,Harrington,alfie.harrington.4837@customer360.test,+1-555-437-8969,active,45-54,Bristol,GB,sms
Riley,Bailey,riley.bailey.4838@customer360.test,+1-555-438-9006,active,25-34,Minneapolis,US,push
Ethan,Wong,ethan.wong.4839@customer360.test,+1-555-439-9043,active,25-34,Singapore,SG,sms
Jesse,Smit,jesse.smit.4840@customer360.test,+1-555-440-9080,active,55-64,Groningen,NL,email
Siti,Tan,siti.tan.4841@customer360.test,+1-555-441-9117,active,45-54,Singapore,SG,email
Isabela,Martins,isabela.martins.4842@customer360.test,+1-555-442-9154,active,55-64,Recife,BR,push
Aurora,Rossi,aurora.rossi.4843@customer360.test,+1-555-443-9191,active,18-24,Naples,IT,sms
Amelia,Mercer,amelia.mercer.4844@customer360.test,+1-555-444-9228,inactive,35-44,Leeds,GB,sms
Naomi James,Ward,naomi-james.ward.4845@customer360.test,+1-555-445-9265,active,35-44,Seattle,US,sms
Mei,Watanabe,mei.watanabe.4846@customer360.test,+1-555-446-9302,active,45-54,Fukuoka,JP,push
Camille Luc,Moreau,camille-luc.moreau.4847@customer360.test,+1-555-447-9339,active,55-64,Bordeaux,FR,push
Amelia,Griffiths,amelia.griffiths.4848@customer360.test,+1-555-448-9376,inactive,55-64,Birmingham,GB,email
Matilda,Hughes,matilda.hughes.4849@customer360.test,+1-555-449-9413,active,25-34,Brisbane,AU,sms
Chloe,Fournier,chloe.fournier.4850@customer360.test,+1-555-450-9450,active,25-34,Halifax,CA,push
Matteo,Costa,matteo.costa.4851@customer360.test,+1-555-451-9487,active,25-34,Naples,IT,push
Chloe,Mercer,chloe.mercer.4852@customer360.test,+1-555-452-9524,active,45-54,Ottawa,CA,sms
Quinn,Russell,quinn.russell.4853@customer360.test,+1-555-453-9561,active,35-44,Austin,US,sms
Vivaan,Nair,vivaan.nair.4854@customer360.test,+1-555-454-9598,active,25-34,Ahmedabad,IN,email
Camila,Navarro,camila.navarro.4855@customer360.test,+1-555-455-9635,active,55-64,Queretaro,MX,push
Enzo,Almeida,enzo.almeida.4856@customer360.test,+1-555-456-9672,active,55-64,Curitiba,BR,sms
Quinn,Brooks,quinn.brooks.4857@customer360.test,+1-555-457-9709,active,45-54,Chicago,US,sms
Valeria,Vargas,valeria.vargas.4858@customer360.test,+1-555-458-9746,active,55-64,Monterrey,MX,email
Baptiste,Mercier,baptiste.mercier.4859@customer360.test,+1-555-459-9783,inactive,35-44,Marseille,FR,push
Mariana,Barbosa,mariana.barbosa.4860@customer360.test,+1-555-460-9820,active,25-34,Sao Paulo,BR,push
Emilia,Hoffmann,emilia.hoffmann.4861@customer360.test,+1-555-461-9857,active,55-64,Frankfurt,DE,push
Hugo,Marin,hugo.marin.4862@customer360.test,+1-555-462-9894,active,25-34,Malaga,ES,push
Cheryl Wei,Rahman,cheryl-wei.rahman.4863@customer360.test,+1-555-463-9931,active,25-34,Singapore,SG,sms
Oscar,Bennett,oscar.bennett.4864@customer360.test,+1-555-464-9968,active,18-24,Manchester,GB,sms
Grace,Anderson,grace.anderson.4865@customer360.test,+1-555-465-1005,active,35-44,Sydney,AU,email
Mariana Luiz,Barbosa,mariana-luiz.barbosa.4866@customer360.test,+1-555-466-1042,active,55-64,Brasilia,BR,sms
Pablo,Vega,pablo.vega.4867@customer360.test,+1-555-467-1079,active,25-34,Valencia,ES,sms
Alfie,Mercer,alfie.mercer.4868@customer360.test,+1-555-468-1116,active,25-34,Manchester,GB,email
Nandi,Jacobs,nandi.jacobs.4869@customer360.test,+1-555-469-1153,active,18-24,Bloemfontein,ZA,email
Riley,Turner,riley.turner.4870@customer360.test,+1-555-470-1190,active,25-34,Atlanta,US,email
Louis,Lefevre,louis.lefevre.4871@customer360.test,+1-555-471-1227,active,35-44,Nantes,FR,email
Riley,Turner,riley.turner.4872@customer360.test,+1-555-472-1264,active,35-44,Boston,US,email
Thiago Joao,Almeida,thiago-joao.almeida.4873@customer360.test,+1-555-473-1301,inactive,55-64,Rio de Janeiro,BR,sms
Beatriz,Mendes,beatriz.mendes.4874@customer360.test,+1-555-474-1338,active,25-34,Sao Paulo,BR,push
Grace,Clarke,grace.clarke.4875@customer360.test,+1-555-475-1375,active,35-44,Adelaide,AU,email
Pedro,Oliveira,pedro.oliveira.4876@customer360.test,+1-555-476-1412,active,25-34,Porto Alegre,BR,sms
Riku Ken,Sato,riku-ken.sato.4877@customer360.test,+1-555-477-1449,active,18-24,Tokyo,JP,push
Gabriel,Fontaine,gabriel.fontaine.4878@customer360.test,+1-555-478-1486,active,25-34,Lille,FR,email
Mio,Kato,mio.kato.4879@customer360.test,+1-555-479-1523,inactive,45-54,Sapporo,JP,push
Zoe,Reed,zoe.reed.4880@customer360.test,+1-555-480-1560,active,35-44,Denver,US,sms
Lena,Brandt,lena.brandt.4881@customer360.test,+1-555-481-1597,active,55-64,Hamburg,DE,push
Leonie,Rousseau,leonie.rousseau.4882@customer360.test,+1-555-482-1634,active,18-24,Bordeaux,FR,push
Sofia Giovanni,Esposito,sofia-giovanni.esposito.4883@customer360.test,+1-555-483-1671,active,18-24,Florence,IT,email
Beatriz,Ribeiro,beatriz.ribeiro.4884@customer360.test,+1-555-484-1708,active,35-44,Recife,BR,email
Lorenzo,Romano,lorenzo.romano.4885@customer360.test,+1-555-485-1745,active,25-34,Turin,IT,push
Mei,Ito,mei.ito.4886@customer360.test,+1-555-486-1782,active,35-44,Tokyo,JP,email
Mila,Neumann,mila.neumann.4887@customer360.test,+1-555-487-1819,active,25-34,Cologne,DE,sms
Nur,Chua,nur.chua.4888@customer360.test,+1-555-488-1856,active,35-44,Singapore,SG,sms
Davide,Lombardi,davide.lombardi.4889@customer360.test,+1-555-489-1893,active,35-44,Bologna,IT,email
Oscar,Sinclair,oscar.sinclair.4890@customer360.test,+1-555-490-1930,active,35-44,Manchester,GB,push
Lucia,Ortega,lucia.ortega.4891@customer360.test,+1-555-491-1967,inactive,45-54,Queretaro,MX,push
Nandi,Dlamini,nandi.dlamini.4892@customer360.test,+1-555-492-2004,active,35-44,Cape Town,ZA,sms
Daiki,Ito,daiki.ito.4893@customer360.test,+1-555-493-2041,inactive,25-34,Sapporo,JP,email
Miles Lee,Morgan,miles-lee.morgan.4894@customer360.test,+1-555-494-2078,active,45-54,Austin,US,push
Arjun,Sharma,arjun.sharma.4895@customer360.test,+1-555-495-2115,active,55-64,Kochi,IN,email
Kai Wen,Teo,kai-wen.teo.4896@customer360.test,+1-555-496-2152,active,25-34,Singapore,SG,push
Matilda,Reid,matilda.reid.4897@customer360.test,+1-555-497-2189,active,35-44,Canberra,AU,push
Isla,Ellis,isla.ellis.4898@customer360.test,+1-555-498-2226,active,45-54,Edinburgh,GB,sms
Sakura,Yamamoto,sakura.yamamoto.4899@customer360.test,+1-555-499-2263,active,35-44,Kyoto,JP,email
Amelie,Bouchard,amelie.bouchard.4900@customer360.test,+1-555-500-2300,inactive,18-24,Calgary,CA,sms
Lorenzo,Moretti,lorenzo.moretti.4901@customer360.test,+1-555-501-2337,active,45-54,Milan,IT,sms
Owen,Poirier,owen.poirier.4902@customer360.test,+1-555-502-2374,active,25-34,Toronto,CA,sms
Maya,Morgan,maya.morgan.4903@customer360.test,+1-555-503-2411,active,18-24,Philadelphia,US,email
Giulia,Bianchi,giulia.bianchi.4904@customer360.test,+1-555-504-2448,active,25-34,Milan,IT,sms
Lucas,Beaulieu,lucas.beaulieu.4905@customer360.test,+1-555-505-2485,active,35-44,Vancouver,CA,push
Hui Min,Koh,hui-min.koh.4906@customer360.test,+1-555-506-2522,active,25-34,Singapore,SG,sms
Reyansh,Kapoor,reyansh.kapoor.4907@customer360.test,+1-555-507-2559,active,25-34,Delhi,IN,push
Aarav Neel,Joshi,aarav-neel.joshi.4908@customer360.test,+1-555-508-2596,inactive,25-34,Pune,IN,push
Dylan,Bailey,dylan.bailey.4909@customer360.test,+1-555-509-2633,active,35-44,Philadelphia,US,push
Sofia,Hernandez,sofia.hernandez.4910@customer360.test,+1-555-510-2670,active,55-64,Merida,MX,sms
Amelia Jane,Crawford,amelia-jane.crawford.4911@customer360.test,+1-555-511-2707,inactive,45-54,Leeds,GB,sms
Chloe,Dubois,chloe.dubois.4912@customer360.test,+1-555-512-2744,active,25-34,Bordeaux,FR,email
Kavya,Nair,kavya.nair.4913@customer360.test,+1-555-513-2781,active,45-54,Kolkata,IN,email
Avery,Collins,avery.collins.4914@customer360.test,+1-555-514-2818,inactive,18-24,Philadelphia,US,push
Lena,Richter,lena.richter.4915@customer360.test,+1-555-515-2855,active,18-24,Frankfurt,DE,push
Cooper,Hughes,cooper.hughes.4916@customer360.test,+1-555-516-2892,active,35-44,Canberra,AU,email
Alice,Costa,alice.costa.4917@customer360.test,+1-555-517-2929,active,35-44,Turin,IT,push
Miles,Bennett,miles.bennett.4918@customer360.test,+1-555-518-2966,active,18-24,Atlanta,US,push
Cheryl,Koh,cheryl.koh.4919@customer360.test,+1-555-519-3003,inactive,25-34,Singapore,SG,sms
Riley James,Mitchell,riley-james.mitchell.4920@customer360.test,+1-555-520-3040,active,45-54,Philadelphia,US,sms
Javier,Fuentes,javier.fuentes.4921@customer360.test,+1-555-521-3077,active,55-64,Merida,MX,push
Kian,Naidoo,kian.naidoo.4922@customer360.test,+1-555-522-3114,active,18-24,Gqeberha,ZA,email
Chloe,Beaulieu,chloe.beaulieu.4923@customer360.test,+1-555-523-3151,active,35-44,Calgary,CA,email
Lwazi Grace,Mokoena,lwazi-grace.mokoena.4924@customer360.test,+1-555-524-3188,active,35-44,Pretoria,ZA,email
Carmen,Navarro,carmen.navarro.4925@customer360.test,+1-555-525-3225,active,18-24,Madrid,ES,push
Aurora,Lombardi,aurora.lombardi.4926@customer360.test,+1-555-526-3262,active,18-24,Milan,IT,sms
Riley,Morgan,riley.morgan.4927@customer360.test,+1-555-527-3299,inactive,45-54,Seattle,US,sms
Logan Grace,Foster,logan-grace.foster.4928@customer360.test,+1-555-528-3336,active,45-54,Boston,US,email
Oscar Jane,Sinclair,oscar-jane.sinclair.4929@customer360.test,+1-555-529-3373,active,18-24,Birmingham,GB,sms
Kavya,Kapoor,kavya.kapoor.4930@customer360.test,+1-555-530-3410,active,35-44,Chennai,IN,push
Ryan,Ong,ryan.ong.4931@customer360.test,+1-555-531-3447,active,35-44,Singapore,SG,push
Cameron,Collins,cameron.collins.4932@customer360.test,+1-555-532-3484,inactive,18-24,San Diego,US,sms
Hugo,Cabrera,hugo.cabrera.4933@customer360.test,+1-555-533-3521,active,25-34,Madrid,ES,email
Dylan,Hayes,dylan.hayes.4934@customer360.test,+1-555-534-3558,active,55-64,Atlanta,US,push
Oscar,Ellis,oscar.ellis.4935@customer360.test,+1-555-535-3595,inactive,25-34,Edinburgh,GB,push
Zara,Wallace,zara.wallace.4936@customer360.test,+1-555-536-3632,active,35-44,Adelaide,AU,email
Diego,Rios,diego.rios.4937@customer360.test,+1-555-537-3669,active,25-34,Guadalajara,MX,push
Lachlan,Bennett,lachlan.bennett.4938@customer360.test,+1-555-538-3706,active,35-44,Sydney,AU,email
Lorenzo,Bianchi,lorenzo.bianchi.4939@customer360.test,+1-555-539-3743,active,35-44,Rome,IT,push
Martin,Marin,martin.marin.4940@customer360.test,+1-555-540-3780,active,25-34,Valencia,ES,email
Juliette,Chevalier,juliette.chevalier.4941@customer360.test,+1-555-541-3817,active,25-34,Lyon,FR,push
Elena,Cervantes,elena.cervantes.4942@customer360.test,+1-555-542-3854,active,45-54,Monterrey,MX,push
Camille,Rousseau,camille.rousseau.4943@customer360.test,+1-555-543-3891,inactive,25-34,Nantes,FR,email
Reyansh,Saxena,reyansh.saxena.4944@customer360.test,+1-555-544-3928,inactive,35-44,Ahmedabad,IN,email
Nora Alex,Russell,nora-alex.russell.4945@customer360.test,+1-555-545-3965,active,35-44,Boston,US,push
Camille,Mercer,camille.mercer.4946@customer360.test,+1-555-546-4002,active,18-24,Toronto,CA,push
Jonas,Hartmann,jonas.hartmann.4947@customer360.test,+1-555-547-4039,active,25-34,Frankfurt,DE,email
Aoi,Sato,aoi.sato.4948@customer360.test,+1-555-548-4076,active,45-54,Nagoya,JP,email
Louis Claire,Moreau,louis-claire.moreau.4949@customer360.test,+1-555-549-4113,active,45-54,Toulouse,FR,sms
Lorenzo,Conti,lorenzo.conti.4950@customer360.test,+1-555-550-4150,active,25-34,Turin,IT,push
Haruto,Watanabe,haruto.watanabe.4951@customer360.test,+1-555-551-4187,active,45-54,Fukuoka,JP,push
Yui,Nakamura,yui.nakamura.4952@customer360.test,+1-555-552-4224,active,55-64,Nagoya,JP,push
Noah,Campbell,noah.campbell.4953@customer360.test,+1-555-553-4261,active,55-64,Montreal,CA,sms
Miles,Turner,miles.turner.4954@customer360.test,+1-555-554-4298,active,35-44,Philadelphia,US,email
Poppy,Crawford,poppy.crawford.4955@customer360.test,+1-555-555-4335,active,25-34,Glasgow,GB,push
Freya,Fletcher,freya.fletcher.4956@customer360.test,+1-555-556-4372,active,35-44,Birmingham,GB,sms
Harper,Morgan,harper.morgan.4957@customer360.test,+1-555-557-4409,active,35-44,Chicago,US,email
Mei Lin,Tan,mei-lin.tan.4958@customer360.test,+1-555-558-4446,active,25-34,Singapore,SG,sms
Naledi,Botha,naledi.botha.4959@customer360.test,+1-555-559-4483,active,55-64,Bloemfontein,ZA,push
Mila,Fournier,mila.fournier.4960@customer360.test,+1-555-560-4520,active,25-34,Calgary,CA,sms
Beatrice,Lombardi,beatrice.lombardi.4961@customer360.test,+1-555-561-4557,inactive,18-24,Bologna,IT,email
Milan,Vos,milan.vos.4962@customer360.test,+1-555-562-4594,active,45-54,Eindhoven,NL,push
Amelie,Marchand,amelie.marchand.4963@customer360.test,+1-555-563-4631,active,18-24,Lille,FR,email
Thiago,Barbosa,thiago.barbosa.4964@customer360.test,+1-555-564-4668,active,35-44,Curitiba,BR,push
Dylan,Cooper,dylan.cooper.4965@customer360.test,+1-555-565-4705,active,25-34,Portland,US,sms
Ishita Priya,Bhat,ishita-priya.bhat.4966@customer360.test,+1-555-566-4742,active,45-54,Ahmedabad,IN,sms
Isabela,Ribeiro,isabela.ribeiro.4967@customer360.test,+1-555-567-4779,active,25-34,Salvador,BR,email
Mei,Yamada,mei.yamada.4968@customer360.test,+1-555-568-4816,inactive,25-34,Sapporo,JP,sms
Daniel Maria,Marin,daniel-maria.marin.4969@customer360.test,+1-555-569-4853,active,25-34,Bilbao,ES,push
Anaya,Nair,anaya.nair.4970@customer360.test,+1-555-570-4890,active,35-44,Hyderabad,IN,email
Avery,Ward,avery.ward.4971@customer360.test,+1-555-571-4927,active,45-54,Denver,US,push
Avery,Brooks,avery.brooks.4972@customer360.test,+1-555-572-4964,active,35-44,Philadelphia,US,push
Wei Ming,Wong,wei-ming.wong.4973@customer360.test,+1-555-573-5001,active,25-34,Singapore,SG,sms
Louis,Marchand,louis.marchand.4974@customer360.test,+1-555-574-5038,active,45-54,Lille,FR,push
Sienna,McKenzie,sienna.mckenzie.4975@customer360.test,+1-555-575-5075,active,45-54,Adelaide,AU,push
Mathis Jean,Chevalier,mathis-jean.chevalier.4976@customer360.test,+1-555-576-5112,inactive,18-24,Marseille,FR,email
Elliot,Bennett,elliot.bennett.4977@customer360.test,+1-555-577-5149,active,35-44,Hobart,AU,push
Aiden,Naidoo,aiden.naidoo.4978@customer360.test,+1-555-578-5186,active,25-34,Johannesburg,ZA,push
Evie,Mercer,evie.mercer.4979@customer360.test,+1-555-579-5223,active,35-44,Glasgow,GB,sms
Aurora,Marino,aurora.marino.4980@customer360.test,+1-555-580-5260,active,18-24,Naples,IT,push
Tess,Bos,tess.bos.4981@customer360.test,+1-555-581-5297,active,55-64,Groningen,NL,push
Aurora,Romano,aurora.romano.4982@customer360.test,+1-555-582-5334,active,18-24,Milan,IT,email
Tess,De Vries,tess.de-vries.4983@customer360.test,+1-555-583-5371,active,25-34,Eindhoven,NL,sms
Luiza,Araujo,luiza.araujo.4984@customer360.test,+1-555-584-5408,active,18-24,Brasilia,BR,sms
Callum,Wallace,callum.wallace.4985@customer360.test,+1-555-585-5445,active,25-34,Perth,AU,email
Sofia,Cervantes,sofia.cervantes.4986@customer360.test,+1-555-586-5482,active,25-34,Guadalajara,MX,sms
Amelia,Whitmore,amelia.whitmore.4987@customer360.test,+1-555-587-5519,inactive,18-24,Manchester,GB,sms
Mariana,Ribeiro,mariana.ribeiro.4988@customer360.test,+1-555-588-5556,active,18-24,Sao Paulo,BR,email
Aditya,Rao,aditya.rao.4989@customer360.test,+1-555-589-5593,active,35-44,Hyderabad,IN,push
Theo,Bennett,theo.bennett.4990@customer360.test,+1-555-590-5630,active,45-54,London,GB,push
Hui Min Rui,Teo,hui-min-rui.teo.4991@customer360.test,+1-555-591-5667,active,35-44,Singapore,SG,push
Lucia,Serrano,lucia.serrano.4992@customer360.test,+1-555-592-5704,active,35-44,Barcelona,ES,email
Kabir,Desai,kabir.desai.4993@customer360.test,+1-555-593-5741,inactive,25-34,Mumbai,IN,push
Riley,Cooper,riley.cooper.4994@customer360.test,+1-555-594-5778,active,45-54,Atlanta,US,sms
Evie,Fletcher,evie.fletcher.4995@customer360.test,+1-555-595-5815,active,25-34,Birmingham,GB,sms
Jack,Sullivan,jack.sullivan.4996@customer360.test,+1-555-596-5852,active,18-24,Adelaide,AU,push
Milan Jan,Visser,milan-jan.visser.4997@customer360.test,+1-555-597-5889,active,25-34,Rotterdam,NL,email
Chloe,Campbell,chloe.campbell.4998@customer360.test,+1-555-598-5926,active,55-64,Ottawa,CA,email
Hugo,Lawson,hugo.lawson.4999@customer360.test,+1-555-599-5963,active,45-54,Manchester,GB,email
Vihaan,Desai,vihaan.desai.5000@customer360.test,+1-555-600-6000,active,25-34,Kochi,IN,email
Sakura,Kato,sakura.kato.5001@customer360.test,+1-555-601-6037,active,35-44,Tokyo,JP,email
Finn Marie,Smit,finn-marie.smit.5002@customer360.test,+1-555-602-6074,active,55-64,Rotterdam,NL,push
Naledi,Mthembu,naledi.mthembu.5003@customer360.test,+1-555-603-6111,inactive,35-44,Bloemfontein,ZA,email
Ayanda,Nkosi,ayanda.nkosi.5004@customer360.test,+1-555-604-6148,active,45-54,Cape Town,ZA,push
Marco Luca,Rossi,marco-luca.rossi.5005@customer360.test,+1-555-605-6185,active,35-44,Palermo,IT,email
Leonie Paul,Dubois,leonie-paul.dubois.5006@customer360.test,+1-555-606-6222,active,25-34,Nantes,FR,push
Sienna,McKenzie,sienna.mckenzie.5007@customer360.test,+1-555-607-6259,active,55-64,Canberra,AU,push
Tess Pieter,Jansen,tess-pieter.jansen.5008@customer360.test,+1-555-608-6296,active,25-34,Rotterdam,NL,sms
Kavya Dev,Joshi,kavya-dev.joshi.5009@customer360.test,+1-555-609-6333,active,25-34,Kochi,IN,push
Lucas,Ferreira,lucas.ferreira.5010@customer360.test,+1-555-610-6370,active,35-44,Brasilia,BR,email
Finn James,Anderson,finn-james.anderson.5011@customer360.test,+1-555-611-6407,active,25-34,Sydney,AU,push
Emilia,Hartmann,emilia.hartmann.5012@customer360.test,+1-555-612-6444,active,25-34,Frankfurt,DE,sms
Naomi,Brooks,naomi.brooks.5013@customer360.test,+1-555-613-6481,active,35-44,San Diego,US,sms
Felix,Brandt,felix.brandt.5014@customer360.test,+1-555-614-6518,active,25-34,Stuttgart,DE,email
Kian,Dlamini,kian.dlamini.5015@customer360.test,+1-555-615-6555,active,45-54,Durban,ZA,push
Caio,Carvalho,caio.carvalho.5016@customer360.test,+1-555-616-6592,active,18-24,Recife,BR,sms
Diya,Sharma,diya.sharma.5017@customer360.test,+1-555-617-6629,active,45-54,Ahmedabad,IN,email
Caleb,Ward,caleb.ward.5018@customer360.test,+1-555-618-6666,active,18-24,Atlanta,US,email
Matilda,Morgan,matilda.morgan.5019@customer360.test,+1-555-619-6703,active,45-54,Perth,AU,push
Grace,Wallace,grace.wallace.5020@customer360.test,+1-555-620-6740,active,25-34,Perth,AU,email
Yuto,Yoshida,yuto.yoshida.5021@customer360.test,+1-555-621-6777,active,35-44,Fukuoka,JP,sms
Zoe,Russell,zoe.russell.5022@customer360.test,+1-555-622-6814,active,35-44,Seattle,US,sms
Valeria,Ortega,valeria.ortega.5023@customer360.test,+1-555-623-6851,active,35-44,Valencia,ES,push
Parker,Carter,parker.carter.5024@customer360.test,+1-555-624-6888,active,25-34,Boston,US,email
Mila,Morrison,mila.morrison.5025@customer360.test,+1-555-625-6925,active,55-64,Ottawa,CA,push
Paul,Hoffmann,paul.hoffmann.5026@customer360.test,+1-555-626-6962,active,25-34,Munich,DE,email
Elena,Rios,elena.rios.5027@customer360.test,+1-555-627-6999,active,25-34,Puebla,MX,email
Lena,Reed,lena.reed.5028@customer360.test,+1-555-628-7036,active,25-34,Austin,US,push
Lena,Richter,lena.richter.5029@customer360.test,+1-555-629-7073,active,35-44,Leipzig,DE,email
Alice,Esposito,alice.esposito.5030@customer360.test,+1-555-630-7110,active,45-54,Milan,IT,sms
Lena,Turner,lena.turner.5031@customer360.test,+1-555-631-7147,active,35-44,Chicago,US,email
Sota,Ito,sota.ito.5032@customer360.test,+1-555-632-7184,active,25-34,Kyoto,JP,sms
Freya,Hughes,freya.hughes.5033@customer360.test,+1-555-633-7221,active,55-64,Bristol,GB,email
Sofia,Ortega,sofia.ortega.5034@customer360.test,+1-555-634-7258,active,45-54,Seville,ES,push
Lucas,Van Dijk,lucas.van-dijk.5035@customer360.test,+1-555-635-7295,active,18-24,Utrecht,NL,sms
Camille,Lefevre,camille.lefevre.5036@customer360.test,+1-555-636-7332,active,18-24,Lyon,FR,sms
Alfie Rose,Hughes,alfie-rose.hughes.5037@customer360.test,+1-555-637-7369,active,35-44,Manchester,GB,email
Jordan,Ward,jordan.ward.5038@customer360.test,+1-555-638-7406,active,45-54,Minneapolis,US,push
Callum,Reid,callum.reid.5039@customer360.test,+1-555-639-7443,active,25-34,Melbourne,AU,sms
Dylan,Russell,dylan.russell.5040@customer360.test,+1-555-640-7480,active,25-34,Atlanta,US,sms
Maeve,Gauthier,maeve.gauthier.5041@customer360.test,+1-555-641-7517,active,25-34,Vancouver,CA,sms
Kabir Priya,Chatterjee,kabir-priya.chatterjee.5042@customer360.test,+1-555-642-7554,active,35-44,Mumbai,IN,push
Lotte,Vos,lotte.vos.5043@customer360.test,+1-555-643-7591,active,25-34,The Hague,NL,sms
Valeria,Cervantes,valeria.cervantes.5044@customer360.test,+1-555-644-7628,active,35-44,Guadalajara,MX,push
Hugo,Marin,hugo.marin.5045@customer360.test,+1-555-645-7665,active,35-44,Seville,ES,email
Daiki Hiro,Nakamura,daiki-hiro.nakamura.5046@customer360.test,+1-555-646-7702,active,45-54,Tokyo,JP,push
Quinn,Cooper,quinn.cooper.5047@customer360.test,+1-555-647-7739,active,35-44,Boston,US,sms
Vihaan,Saxena,vihaan.saxena.5048@customer360.test,+1-555-648-7776,active,55-64,Hyderabad,IN,email
Elliot,Fletcher,elliot.fletcher.5049@customer360.test,+1-555-649-7813,active,25-34,Melbourne,AU,sms
Amelie,Lavoie,amelie.lavoie.5050@customer360.test,+1-555-650-7850,active,25-34,Edmonton,CA,email
Caio,Mendes,caio.mendes.5051@customer360.test,+1-555-651-7887,active,25-34,Sao Paulo,BR,push
Yui,Watanabe,yui.watanabe.5052@customer360.test,+1-555-652-7924,active,35-44,Osaka,JP,sms
Mateo,Castro,mateo.castro.5053@customer360.test,+1-555-653-7961,active,25-34,Bilbao,ES,sms
Elisa,Ferrari,elisa.ferrari.5054@customer360.test,+1-555-654-7998,active,35-44,Palermo,IT,email
Ishaan,Malhotra,ishaan.malhotra.5055@customer360.test,+1-555-655-8035,active,35-44,Hyderabad,IN,email
Arthur,Bennett,arthur.bennett.5056@customer360.test,+1-555-656-8072,active,25-34,Glasgow,GB,push
Hamish,Fletcher,hamish.fletcher.5057@customer360.test,+1-555-657-8109,active,45-54,Canberra,AU,sms
Lucas,Bakker,lucas.bakker.5058@customer360.test,+1-555-658-8146,active,35-44,The Hague,NL,email
Carmen,Vega,carmen.vega.5059@customer360.test,+1-555-659-8183,active,35-44,Valencia,ES,push
Rafael,Teixeira,rafael.teixeira.5060@customer360.test,+1-555-660-8220,active,55-64,Curitiba,BR,sms
Felix,Schneider,felix.schneider.5061@customer360.test,+1-555-661-8257,active,18-24,Leipzig,DE,email
Miles,Russell,miles.russell.5062@customer360.test,+1-555-662-8294,inactive,35-44,Boston,US,push
Lerato,Pillay,lerato.pillay.5063@customer360.test,+1-555-663-8331,active,25-34,Durban,ZA,push
Maya,Morgan,maya.morgan.5064@customer360.test,+1-555-664-8368,active,45-54,Seattle,US,sms
Mateus,Araujo,mateus.araujo.5065@customer360.test,+1-555-665-8405,active,55-64,Salvador,BR,email
Pablo,Vega,pablo.vega.5066@customer360.test,+1-555-666-8442,active,35-44,Malaga,ES,sms
Sana,Bhat,sana.bhat.5067@customer360.test,+1-555-667-8479,active,55-64,Hyderabad,IN,email
Camila,Hernandez,camila.hernandez.5068@customer360.test,+1-555-668-8516,active,18-24,Merida,MX,sms
Sana,Rao,sana.rao.5069@customer360.test,+1-555-669-8553,active,18-24,Kolkata,IN,sms
Matilda,Wallace,matilda.wallace.5070@customer360.test,+1-555-670-8590,active,25-34,Hobart,AU,push
Cooper,Fletcher,cooper.fletcher.5071@customer360.test,+1-555-671-8627,active,35-44,Canberra,AU,sms
Parker Alex,Turner,parker-alex.turner.5072@customer360.test,+1-555-672-8664,active,25-34,Austin,US,sms
Oscar Lee,Fletcher,oscar-lee.fletcher.5073@customer360.test,+1-555-673-8701,active,45-54,Hobart,AU,email
Theo,Beaulieu,theo.beaulieu.5074@customer360.test,+1-555-674-8738,active,45-54,Toronto,CA,sms
Caio,Ribeiro,caio.ribeiro.5075@customer360.test,+1-555-675-8775,active,18-24,Brasilia,BR,push
Gabriel,Dubois,gabriel.dubois.5076@customer360.test,+1-555-676-8812,active,25-34,Nantes,FR,email
Diego,Castro,diego.castro.5077@customer360.test,+1-555-677-8849,active,35-44,Bilbao,ES,sms
Elisa,Lombardi,elisa.lombardi.5078@customer360.test,+1-555-678-8886,active,45-54,Palermo,IT,sms
Anaya,Iyer,anaya.iyer.5079@customer360.test,+1-555-679-8923,active,25-34,Delhi,IN,email
Elena,Vidal,elena.vidal.5080@customer360.test,+1-555-680-8960,active,18-24,Malaga,ES,push
Mila,Brandt,mila.brandt.5081@customer360.test,+1-555-681-8997,inactive,25-34,Hamburg,DE,sms
Ethan,Tan,ethan.tan.5082@customer360.test,+1-555-682-9034,active,35-44,Singapore,SG,sms
Arjun,Goh,arjun.goh.5083@customer360.test,+1-555-683-9071,inactive,45-54,Singapore,SG,email
Naledi Grace,Pillay,naledi-grace.pillay.5084@customer360.test,+1-555-684-9108,active,25-34,Bloemfontein,ZA,email
Morgan,Parker,morgan.parker.5085@customer360.test,+1-555-685-9145,active,55-64,Chicago,US,email
Theo,Hughes,theo.hughes.5086@customer360.test,+1-555-686-9182,active,45-54,Birmingham,GB,sms
Camila,Fuentes,camila.fuentes.5087@customer360.test,+1-555-687-9219,active,45-54,Guadalajara,MX,email
Milan Sofie,De Vries,milan-sofie.de-vries.5088@customer360.test,+1-555-688-9256,active,25-34,Eindhoven,NL,sms
Lachlan,Wallace,lachlan.wallace.5089@customer360.test,+1-555-689-9293,active,18-24,Perth,AU,sms
Helena Luiz,Teixeira,helena-luiz.teixeira.5090@customer360.test,+1-555-690-9330,active,55-64,Salvador,BR,sms
Aarav,Kapoor,aarav.kapoor.5091@customer360.test,+1-555-691-9367,inactive,25-34,Pune,IN,push
Darren,Wong,darren.wong.5092@customer360.test,+1-555-692-9404,active,25-34,Singapore,SG,push
Elena,Serrano,elena.serrano.5093@customer360.test,+1-555-693-9441,active,25-34,Madrid,ES,email
Daiki,Tanaka,daiki.tanaka.5094@customer360.test,+1-555-694-9478,active,45-54,Sapporo,JP,push
Theo,Whitmore,theo.whitmore.5095@customer360.test,+1-555-695-9515,active,25-34,Birmingham,GB,sms
Ishita,Iyer,ishita.iyer.5096@customer360.test,+1-555-696-9552,active,35-44,Bengaluru,IN,email
Hugo,Laurent,hugo.laurent.5097@customer360.test,+1-555-697-9589,active,25-34,Bordeaux,FR,push
Rohan,Pillai,rohan.pillai.5098@customer360.test,+1-555-698-9626,active,25-34,Bengaluru,IN,sms
Ethan Grace,Mitchell,ethan-grace.mitchell.5099@customer360.test,+1-555-699-9663,active,55-64,Atlanta,US,sms
Riley,Hayes,riley.hayes.5100@customer360.test,+1-555-700-9700,active,35-44,Minneapolis,US,sms
Zoe,Bennett,zoe.bennett.5101@customer360.test,+1-555-701-9737,inactive,35-44,Philadelphia,US,email
Maya Lee,Hayes,maya-lee.hayes.5102@customer360.test,+1-555-702-9774,active,25-34,Portland,US,email
Sofia,Parker,sofia.parker.5103@customer360.test,+1-555-703-9811,active,35-44,Denver,US,sms
Yuto,Sato,yuto.sato.5104@customer360.test,+1-555-704-9848,active,35-44,Nagoya,JP,push
Leo Maria,Navarro,leo-maria.navarro.5105@customer360.test,+1-555-705-9885,active,25-34,Malaga,ES,email
Aoi,Yamamoto,aoi.yamamoto.5106@customer360.test,+1-555-706-9922,active,18-24,Yokohama,JP,push
Isla,Whitmore,isla.whitmore.5107@customer360.test,+1-555-707-9959,active,25-34,London,GB,email
Siti,Goh,siti.goh.5108@customer360.test,+1-555-708-9996,active,45-54,Singapore,SG,email
Isla,Hayes,isla.hayes.5109@customer360.test,+1-555-709-1033,active,45-54,Adelaide,AU,sms
Manon,Marchand,manon.marchand.5110@customer360.test,+1-555-710-1070,active,18-24,Paris,FR,push
Aoi,Yamamoto,aoi.yamamoto.5111@customer360.test,+1-555-711-1107,active,55-64,Nagoya,JP,email
Hina,Yoshida,hina.yoshida.5112@customer360.test,+1-555-712-1144,active,35-44,Tokyo,JP,email
Cheryl,Chua,cheryl.chua.5113@customer360.test,+1-555-713-1181,active,25-34,Singapore,SG,push
Giulia,Ferrari,giulia.ferrari.5114@customer360.test,+1-555-714-1218,active,25-34,Rome,IT,email
Lucia,Rojas,lucia.rojas.5115@customer360.test,+1-555-715-1255,active,18-24,Malaga,ES,email
Clara Jean,Chevalier,clara-jean.chevalier.5116@customer360.test,+1-555-716-1292,active,25-34,Paris,FR,email
Jack,McKenzie,jack.mckenzie.5117@customer360.test,+1-555-717-1329,active,25-34,Canberra,AU,email
Lucas,Fraser,lucas.fraser.5118@customer360.test,+1-555-718-1366,active,35-44,Edmonton,CA,sms
Jonas,Richter,jonas.richter.5119@customer360.test,+1-555-719-1403,inactive,35-44,Berlin,DE,push
Amelie,Campbell,amelie.campbell.5120@customer360.test,+1-555-720-1440,active,25-34,Montreal,CA,email
Lwazi,Maseko,lwazi.maseko.5121@customer360.test,+1-555-721-1477,active,35-44,Durban,ZA,sms
Reyansh,Malhotra,reyansh.malhotra.5122@customer360.test,+1-555-722-1514,inactive,25-34,Jaipur,IN,push
Freya,Crawford,freya.crawford.5123@customer360.test,+1-555-723-1551,active,45-54,Edinburgh,GB,push
Amelia,Fletcher,amelia.fletcher.5124@customer360.test,+1-555-724-1588,active,45-54,Birmingham,GB,push
Felix,Schneider,felix.schneider.5125@customer360.test,+1-555-725-1625,active,35-44,Leipzig,DE,push
Ishita Kiran,Joshi,ishita-kiran.joshi.5126@customer360.test,+1-555-726-1662,inactive,35-44,Ahmedabad,IN,push
Pedro,Costa,pedro.costa.5127@customer360.test,+1-555-727-1699,active,18-24,Recife,BR,email
Valeria,Fuentes,valeria.fuentes.5128@customer360.test,+1-555-728-1736,active,18-24,Monterrey,MX,sms
Parker,Cooper,parker.cooper.5129@customer360.test,+1-555-729-1773,active,18-24,Austin,US,sms
Noah,Hartmann,noah.hartmann.5130@customer360.test,+1-555-730-1810,active,45-54,Cologne,DE,push
Clara,Kruger,clara.kruger.5131@customer360.test,+1-555-731-1847,active,18-24,Berlin,DE,push
Theo,Fraser,theo.fraser.5132@customer360.test,+1-555-732-1884,active,25-34,Calgary,CA,sms
Tara,Menon,tara.menon.5133@customer360.test,+1-555-733-1921,active,18-24,Jaipur,IN,email
Clara,Laurent,clara.laurent.5134@customer360.test,+1-555-734-1958,active,55-64,Bordeaux,FR,push
Davide,Costa,davide.costa.5135@customer360.test,+1-555-735-1995,active,25-34,Milan,IT,sms
Caleb,Morgan,caleb.morgan.5136@customer360.test,+1-555-736-2032,active,35-44,Chicago,US,push
Sofia,Serrano,sofia.serrano.5137@customer360.test,+1-555-737-2069,active,35-44,Queretaro,MX,email
Oscar Lee,Sullivan,oscar-lee.sullivan.5138@customer360.test,+1-555-738-2106,active,35-44,Canberra,AU,push
Morgan,Russell,morgan.russell.5139@customer360.test,+1-555-739-2143,active,35-44,Denver,US,sms
Finn,Wagner,finn.wagner.5140@customer360.test,+1-555-740-2180,active,35-44,Cologne,DE,push
Zoe,Brooks,zoe.brooks.5141@customer360.test,+1-555-741-2217,active,35-44,Atlanta,US,sms
Thiago,Oliveira,thiago.oliveira.5142@customer360.test,+1-555-742-2254,active,35-44,Rio de Janeiro,BR,sms
Milan,Vos,milan.vos.5143@customer360.test,+1-555-743-2291,active,35-44,Amsterdam,NL,sms
Sophie,Brandt,sophie.brandt.5144@customer360.test,+1-555-744-2328,active,18-24,Cologne,DE,sms
Ethan,Bailey,ethan.bailey.5145@customer360.test,+1-555-745-2365,active,35-44,San Diego,US,push
Riley,Mitchell,riley.mitchell.5146@customer360.test,+1-555-746-2402,active,25-34,Austin,US,email
Aarav Riya,Pillai,aarav-riya.pillai.5147@customer360.test,+1-555-747-2439,active,45-54,Bengaluru,IN,push
Gabriel Marie,Dubois,gabriel-marie.dubois.5148@customer360.test,+1-555-748-2476,active,25-34,Lyon,FR,push
Nora,Morgan,nora.morgan.5149@customer360.test,+1-555-749-2513,active,55-64,Austin,US,push
Nora,Carter,nora.carter.5150@customer360.test,+1-555-750-2550,active,35-44,Austin,US,email
Pablo Luis,Cabrera,pablo-luis.cabrera.5151@customer360.test,+1-555-751-2587,active,55-64,Malaga,ES,push
Aarav,Rao,aarav.rao.5152@customer360.test,+1-555-752-2624,active,18-24,Kochi,IN,push
Aoi,Watanabe,aoi.watanabe.5153@customer360.test,+1-555-753-2661,active,45-54,Fukuoka,JP,sms
Noah,Lavoie,noah.lavoie.5154@customer360.test,+1-555-754-2698,active,18-24,Halifax,CA,sms
Mei,Suzuki,mei.suzuki.5155@customer360.test,+1-555-755-2735,active,45-54,Osaka,JP,push
Finn,De Vries,finn.de-vries.5156@customer360.test,+1-555-756-2772,active,25-34,The Hague,NL,sms
Eva,Vos,eva.vos.5157@customer360.test,+1-555-757-2809,active,18-24,Rotterdam,NL,email
Aditi,Saxena,aditi.saxena.5158@customer360.test,+1-555-758-2846,inactive,25-34,Hyderabad,IN,push
Nana,Watanabe,nana.watanabe.5159@customer360.test,+1-555-759-2883,active,25-34,Tokyo,JP,email
Ruby,Clarke,ruby.clarke.5160@customer360.test,+1-555-760-2920,active,25-34,Hobart,AU,sms
Hugo,Ellis,hugo.ellis.5161@customer360.test,+1-555-761-2957,active,55-64,Manchester,GB,email
Aditya,Saxena,aditya.saxena.5162@customer360.test,+1-555-762-2994,active,25-34,Ahmedabad,IN,email
Alfie,Bennett,alfie.bennett.5163@customer360.test,+1-555-763-3031,active,18-24,Leeds,GB,push
Diego,Hernandez,diego.hernandez.5164@customer360.test,+1-555-764-3068,active,25-34,Merida,MX,push
Hamish,Anderson,hamish.anderson.5165@customer360.test,+1-555-765-3105,active,35-44,Perth,AU,push
Clara Johann,Fischer,clara-johann.fischer.5166@customer360.test,+1-555-766-3142,active,25-34,Munich,DE,sms
Morgan,Turner,morgan.turner.5167@customer360.test,+1-555-767-3179,active,18-24,San Diego,US,email
Wei Ming,Goh,wei-ming.goh.5168@customer360.test,+1-555-768-3216,active,25-34,Singapore,SG,email
Ines,Blanc,ines.blanc.5169@customer360.test,+1-555-769-3253,active,18-24,Bordeaux,FR,email
Mila Louis,Bouchard,mila-louis.bouchard.5170@customer360.test,+1-555-770-3290,active,18-24,Calgary,CA,sms
Kavya Priya,Sharma,kavya-priya.sharma.5171@customer360.test,+1-555-771-3327,active,25-34,Jaipur,IN,sms
Rin Miki,Watanabe,rin-miki.watanabe.5172@customer360.test,+1-555-772-3364,inactive,55-64,Tokyo,JP,email
Yuto,Kobayashi,yuto.kobayashi.5173@customer360.test,+1-555-773-3401,active,35-44,Nagoya,JP,email
Daiki,Kato,daiki.kato.5174@customer360.test,+1-555-774-3438,active,55-64,Fukuoka,JP,push
Mariana Jose,Delgado,mariana-jose.delgado.5175@customer360.test,+1-555-775-3475,inactive,18-24,Merida,MX,push
Sofia,Reed,sofia.reed.5176@customer360.test,+1-555-776-3512,active,45-54,Austin,US,email
Camille Anne,Beaulieu,camille-anne.beaulieu.5177@customer360.test,+1-555-777-3549,active,18-24,Halifax,CA,email
Lotte,Mulder,lotte.mulder.5178@customer360.test,+1-555-778-3586,active,45-54,Eindhoven,NL,email
Elliot,Sullivan,elliot.sullivan.5179@customer360.test,+1-555-779-3623,inactive,18-24,Brisbane,AU,push
Tara,Kulkarni,tara.kulkarni.5180@customer360.test,+1-555-780-3660,active,25-34,Hyderabad,IN,push
Noah Johann,Becker,noah-johann.becker.5181@customer360.test,+1-555-781-3697,active,35-44,Cologne,DE,push
Reyansh,Sharma,reyansh.sharma.5182@customer360.test,+1-555-782-3734,active,25-34,Bengaluru,IN,push
Taylor,Hayes,taylor.hayes.5183@customer360.test,+1-555-783-3771,active,25-34,Atlanta,US,sms
Naomi,Cooper,naomi.cooper.5184@customer360.test,+1-555-784-3808,active,25-34,Chicago,US,sms
Sofia,Ortega,sofia.ortega.5185@customer360.test,+1-555-785-3845,active,35-44,Puebla,MX,email
Matilda,Wallace,matilda.wallace.5186@customer360.test,+1-555-786-3882,active,35-44,Brisbane,AU,email
Meera,Nair,meera.nair.5187@customer360.test,+1-555-787-3919,active,55-64,Mumbai,IN,push
George James,Mercer,george-james.mercer.5188@customer360.test,+1-555-788-3956,active,45-54,Edinburgh,GB,push
Theo,Mercier,theo.mercier.5189@customer360.test,+1-555-789-3993,active,35-44,Marseille,FR,email
Eva,De Boer,eva.de-boer.5190@customer360.test,+1-555-790-4030,active,18-24,Rotterdam,NL,push
Elisa Anna,Conti,elisa-anna.conti.5191@customer360.test,+1-555-791-4067,active,25-34,Turin,IT,push
Logan,Bailey,logan.bailey.5192@customer360.test,+1-555-792-4104,active,25-34,Minneapolis,US,push
Lucas,De Vries,lucas.de-vries.5193@customer360.test,+1-555-793-4141,active,35-44,Eindhoven,NL,sms
Camila,Fuentes,camila.fuentes.5194@customer360.test,+1-555-794-4178,active,35-44,Queretaro,MX,sms
Riley Lee,Brooks,riley-lee.brooks.5195@customer360.test,+1-555-795-4215,active,25-34,Chicago,US,email
Davide,Ferrari,davide.ferrari.5196@customer360.test,+1-555-796-4252,active,35-44,Turin,IT,email
Poppy,Harrington,poppy.harrington.5197@customer360.test,+1-555-797-4289,active,55-64,Bristol,GB,sms
Mariana,Araujo,mariana.araujo.5198@customer360.test,+1-555-798-4326,active,45-54,Rio de Janeiro,BR,email
Mila Jean,Bouchard,mila-jean.bouchard.5199@customer360.test,+1-555-799-4363,active,35-44,Calgary,CA,push
Finn,McKenzie,finn.mckenzie.5200@customer360.test,+1-555-800-4400,active,25-34,Sydney,AU,email
Arjun Neel,Bhat,arjun-neel.bhat.5201@customer360.test,+1-555-801-4437,active,18-24,Delhi,IN,email
Nora,Morgan,nora.morgan.5202@customer360.test,+1-555-802-4474,active,25-34,Chicago,US,sms
Lucas,Gauthier,lucas.gauthier.5203@customer360.test,+1-555-803-4511,active,45-54,Edmonton,CA,email
Yui Aya,Ito,yui-aya.ito.5204@customer360.test,+1-555-804-4548,active,45-54,Yokohama,JP,email
Nora,Morgan,nora.morgan.5205@customer360.test,+1-555-805-4585,active,18-24,Austin,US,email
Vihaan,Rao,vihaan.rao.5206@customer360.test,+1-555-806-4622,active,55-64,Kochi,IN,push
Leah,Gauthier,leah.gauthier.5207@customer360.test,+1-555-807-4659,active,18-24,Ottawa,CA,sms
Zoe,Bennett,zoe.bennett.5208@customer360.test,+1-555-808-4696,active,55-64,San Diego,US,sms
Cameron,Bennett,cameron.bennett.5209@customer360.test,+1-555-809-4733,inactive,35-44,Minneapolis,US,sms
Harper,Collins,harper.collins.5210@customer360.test,+1-555-810-4770,active,45-54,Chicago,US,push
Elisa,Ferrari,elisa.ferrari.5211@customer360.test,+1-555-811-4807,active,25-34,Rome,IT,email
Pablo,Marin,pablo.marin.5212@customer360.test,+1-555-812-4844,active,45-54,Bilbao,ES,email
Mariana,Araujo,mariana.araujo.5213@customer360.test,+1-555-813-4881,active,25-34,Curitiba,BR,sms
Amelie,Fournier,amelie.fournier.5214@customer360.test,+1-555-814-4918,active,35-44,Ottawa,CA,email
Camila,Ortega,camila.ortega.5215@customer360.test,+1-555-815-4955,active,18-24,Guadalajara,MX,email
Sipho,Van Wyk,sipho.van-wyk.5216@customer360.test,+1-555-816-4992,active,45-54,Gqeberha,ZA,sms
Juliette,Blanc,juliette.blanc.5217@customer360.test,+1-555-817-5029,active,55-64,Nantes,FR,sms
Camille,Marchand,camille.marchand.5218@customer360.test,+1-555-818-5066,active,18-24,Paris,FR,sms
Mateo Luis,Serrano,mateo-luis.serrano.5219@customer360.test,+1-555-819-5103,active,35-44,Barcelona,ES,email
Parker,Carter,parker.carter.5220@customer360.test,+1-555-820-5140,active,45-54,Philadelphia,US,push
Kavya,Rao,kavya.rao.5221@customer360.test,+1-555-821-5177,active,25-34,Mumbai,IN,email
Dylan,Bailey,dylan.bailey.5222@customer360.test,+1-555-822-5214,active,25-34,Portland,US,email
Lorenzo,Ferrari,lorenzo.ferrari.5223@customer360.test,+1-555-823-5251,active,55-64,Bologna,IT,sms
Neo,Pillay,neo.pillay.5224@customer360.test,+1-555-824-5288,active,18-24,Johannesburg,ZA,push
Elias,Sinclair,elias.sinclair.5225@customer360.test,+1-555-825-5325,active,25-34,Vancouver,CA,sms
Jonas,Hoffmann,jonas.hoffmann.5226@customer360.test,+1-555-826-5362,active,18-24,Berlin,DE,push
Sota,Tanaka,sota.tanaka.5227@customer360.test,+1-555-827-5399,active,35-44,Osaka,JP,push
Marcus,Koh,marcus.koh.5228@customer360.test,+1-555-828-5436,inactive,25-34,Singapore,SG,push
Gabriel Luiz,Araujo,gabriel-luiz.araujo.5229@customer360.test,+1-555-829-5473,active,35-44,Curitiba,BR,push
Logan,Turner,logan.turner.5230@customer360.test,+1-555-830-5510,active,45-54,Philadelphia,US,sms
Daniel,Navarro,daniel.navarro.5231@customer360.test,+1-555-831-5547,active,45-54,Valencia,ES,push
Mariana Jose,Navarro,mariana-jose.navarro.5232@customer360.test,+1-555-832-5584,active,35-44,Monterrey,MX,sms
Elena,Navarro,elena.navarro.5233@customer360.test,+1-555-833-5621,active,25-34,Bilbao,ES,push
Isabela Clara,Oliveira,isabela-clara.oliveira.5234@customer360.test,+1-555-834-5658,active,25-34,Sao Paulo,BR,sms
Hugo,Lawson,hugo.lawson.5235@customer360.test,+1-555-835-5695,active,45-54,Glasgow,GB,email
Jia En,Teo,jia-en.teo.5236@customer360.test,+1-555-836-5732,active,25-34,Singapore,SG,email
Isla James,Sullivan,isla-james.sullivan.5237@customer360.test,+1-555-837-5769,inactive,25-34,Sydney,AU,email
Marcus,Ismail,marcus.ismail.5238@customer360.test,+1-555-838-5806,active,25-34,Singapore,SG,email
Alfie,Hughes,alfie.hughes.5239@customer360.test,+1-555-839-5843,active,55-64,London,GB,email
Mila,Morrison,mila.morrison.5240@customer360.test,+1-555-840-5880,active,25-34,Vancouver,CA,email
Oscar,McKenzie,oscar.mckenzie.5241@customer360.test,+1-555-841-5917,active,35-44,Adelaide,AU,sms
Amara,Dlamini,amara.dlamini.5242@customer360.test,+1-555-842-5954,active,25-34,Johannesburg,ZA,sms
Cooper,Fletcher,cooper.fletcher.5243@customer360.test,+1-555-843-5991,active,45-54,Melbourne,AU,sms
Tara,Iyer,tara.iyer.5244@customer360.test,+1-555-844-6028,active,35-44,Pune,IN,email
Diego,Serrano,diego.serrano.5245@customer360.test,+1-555-845-6065,active,18-24,Madrid,ES,sms
Beatriz,Ferreira,beatriz.ferreira.5246@customer360.test,+1-555-846-6102,active,25-34,Salvador,BR,push
Manon,Lefevre,manon.lefevre.5247@customer360.test,+1-555-847-6139,active,18-24,Bordeaux,FR,push
Daan,Mulder,daan.mulder.5248@customer360.test,+1-555-848-6176,active,25-34,Rotterdam,NL,push
Thiago,Carvalho,thiago.carvalho.5249@customer360.test,+1-555-849-6213,active,35-44,Brasilia,BR,sms
Marcus Wei,Ng,marcus-wei.ng.5250@customer360.test,+1-555-850-6250,inactive,25-34,Singapore,SG,sms
Isla,Fletcher,isla.fletcher.5251@customer360.test,+1-555-851-6287,inactive,35-44,Perth,AU,sms
Ishaan,Joshi,ishaan.joshi.5252@customer360.test,+1-555-852-6324,active,25-34,Ahmedabad,IN,sms
Alejandro Elena,Hernandez,alejandro-elena.hernandez.5253@customer360.test,+1-555-853-6361,active,35-44,Mexico City,MX,email
Javier,Fuentes,javier.fuentes.5254@customer360.test,+1-555-854-6398,active,18-24,Queretaro,MX,sms
Camille Marie,Poirier,camille-marie.poirier.5255@customer360.test,+1-555-855-6435,active,25-34,Calgary,CA,push
Grace,Hayes,grace.hayes.5256@customer360.test,+1-555-856-6472,active,18-24,Brisbane,AU,email
Rohan,Pillai,rohan.pillai.5257@customer360.test,+1-555-857-6509,active,35-44,Mumbai,IN,push
Aoi,Yamada,aoi.yamada.5258@customer360.test,+1-555-858-6546,active,35-44,Yokohama,JP,email
Thiago,Costa,thiago.costa.5259@customer360.test,+1-555-859-6583,active,18-24,Salvador,BR,sms
Sota,Kobayashi,sota.kobayashi.5260@customer360.test,+1-555-860-6620,active,45-54,Sapporo,JP,sms
Naledi,Naidoo,naledi.naidoo.5261@customer360.test,+1-555-861-6657,active,18-24,Johannesburg,ZA,sms
Rin,Sato,rin.sato.5262@customer360.test,+1-555-862-6694,active,25-34,Sapporo,JP,sms
Sofia Luca,Bianchi,sofia-luca.bianchi.5263@customer360.test,+1-555-863-6731,active,25-34,Milan,IT,push
Harper,Turner,harper.turner.5264@customer360.test,+1-555-864-6768,active,55-64,Philadelphia,US,push
Manon,Marchand,manon.marchand.5265@customer360.test,+1-555-865-6805,active,25-34,Lyon,FR,email
Liam,Campbell,liam.campbell.5266@customer360.test,+1-555-866-6842,active,55-64,Calgary,CA,push
Zoe Grace,Bennett,zoe-grace.bennett.5267@customer360.test,+1-555-867-6879,active,35-44,Philadelphia,US,sms
Gabriel,Oliveira,gabriel.oliveira.5268@customer360.test,+1-555-868-6916,active,45-54,Rio de Janeiro,BR,email
Aarav,Desai,aarav.desai.5269@customer360.test,+1-555-869-6953,inactive,45-54,Kolkata,IN,email
Alejandro Luis,Castillo,alejandro-luis.castillo.5270@customer360.test,+1-555-870-6990,active,45-54,Merida,MX,push
Harper,Turner,harper.turner.5271@customer360.test,+1-555-871-7027,active,25-34,Denver,US,sms
Ethan,Lim,ethan.lim.5272@customer360.test,+1-555-872-7064,active,18-24,Singapore,SG,email
Miles,Mitchell,miles.mitchell.5273@customer360.test,+1-555-873-7101,active,25-34,Atlanta,US,push
Siti,Ismail,siti.ismail.5274@customer360.test,+1-555-874-7138,active,35-44,Singapore,SG,push
Amelie,Kruger,amelie.kruger.5275@customer360.test,+1-555-875-7175,active,18-24,Stuttgart,DE,push
Theo James,Mercer,theo-james.mercer.5276@customer360.test,+1-555-876-7212,inactive,35-44,London,GB,sms
Maximilian,Schneider,maximilian.schneider.5277@customer360.test,+1-555-877-7249,active,18-24,Hamburg,DE,push
Sofia Alex,Turner,sofia-alex.turner.5278@customer360.test,+1-555-878-7286,inactive,55-64,Boston,US,push
Daniel,Molina,daniel.molina.5279@customer360.test,+1-555-879-7323,active,35-44,Madrid,ES,sms
Naomi James,Hayes,naomi-james.hayes.5280@customer360.test,+1-555-880-7360,active,25-34,Minneapolis,US,push
Hui Min Jia,Rahman,hui-min-jia.rahman.5281@customer360.test,+1-555-881-7397,active,25-34,Singapore,SG,sms
Grace,Bennett,grace.bennett.5282@customer360.test,+1-555-882-7434,active,35-44,Brisbane,AU,sms
Camila Luiz,Carvalho,camila-luiz.carvalho.5283@customer360.test,+1-555-883-7471,active,25-34,Recife,BR,sms
Sofia Maria,Navarro,sofia-maria.navarro.5284@customer360.test,+1-555-884-7508,active,45-54,Seville,ES,sms
Vivaan,Mehta,vivaan.mehta.5285@customer360.test,+1-555-885-7545,active,25-34,Bengaluru,IN,email
Imogen James,Hughes,imogen-james.hughes.5286@customer360.test,+1-555-886-7582,active,45-54,Bristol,GB,push
Taylor,Cooper,taylor.cooper.5287@customer360.test,+1-555-887-7619,active,35-44,Philadelphia,US,email
Logan Kai,Foster,logan-kai.foster.5288@customer360.test,+1-555-888-7656,active,25-34,Minneapolis,US,push
Ishita,Pillai,ishita.pillai.5289@customer360.test,+1-555-889-7693,active,35-44,Bengaluru,IN,push
Juliette Luc,Moreau,juliette-luc.moreau.5290@customer360.test,+1-555-890-7730,active,25-34,Nantes,FR,sms
Aditya Raj,Malhotra,aditya-raj.malhotra.5291@customer360.test,+1-555-891-7767,active,18-24,Mumbai,IN,sms
Javier,Navarro,javier.navarro.5292@customer360.test,+1-555-892-7804,active,25-34,Guadalajara,MX,sms
Elias,Mercer,elias.mercer.5293@customer360.test,+1-555-893-7841,active,35-44,Calgary,CA,email
Rohan,Joshi,rohan.joshi.5294@customer360.test,+1-555-894-7878,inactive,45-54,Chennai,IN,push
Noah,Bennett,noah.bennett.5295@customer360.test,+1-555-895-7915,active,25-34,Vancouver,CA,push
Cameron Kai,Brooks,cameron-kai.brooks.5296@customer360.test,+1-555-896-7952,active,45-54,Boston,US,email
Darren,Ong,darren.ong.5297@customer360.test,+1-555-897-7989,active,55-64,Singapore,SG,sms
Mila,Bennett,mila.bennett.5298@customer360.test,+1-555-898-8026,active,25-34,Vancouver,CA,sms
Nandi Grace,Jacobs,nandi-grace.jacobs.5299@customer360.test,+1-555-899-8063,active,35-44,Johannesburg,ZA,email
Kaito,Takahashi,kaito.takahashi.5300@customer360.test,+1-555-900-8100,active,25-34,Sapporo,JP,sms
Elena,Fuentes,elena.fuentes.5301@customer360.test,+1-555-901-8137,active,25-34,Puebla,MX,email
Yui,Kobayashi,yui.kobayashi.5302@customer360.test,+1-555-902-8174,active,35-44,Tokyo,JP,sms
Enzo,Mendes,enzo.mendes.5303@customer360.test,+1-555-903-8211,active,45-54,Salvador,BR,push
Mia,Sullivan,mia.sullivan.5304@customer360.test,+1-555-904-8248,active,25-34,Adelaide,AU,email
Sofia,Ortega,sofia.ortega.5305@customer360.test,+1-555-905-8285,active,25-34,Mexico City,MX,email
Lucas,Poirier,lucas.poirier.5306@customer360.test,+1-555-906-8322,active,25-34,Vancouver,CA,push
Maya,Parker,maya.parker.5307@customer360.test,+1-555-907-8359,active,35-44,Denver,US,push
Tommaso,Moretti,tommaso.moretti.5308@customer360.test,+1-555-908-8396,active,18-24,Naples,IT,sms
Sofia,Parker,sofia.parker.5309@customer360.test,+1-555-909-8433,active,45-54,San Diego,US,sms
Tess,Bos,tess.bos.5310@customer360.test,+1-555-910-8470,inactive,25-34,The Hague,NL,email
Amelie Marie,Mercer,amelie-marie.mercer.5311@customer360.test,+1-555-911-8507,active,25-34,Halifax,CA,sms
Bram,Vos,bram.vos.5312@customer360.test,+1-555-912-8544,active,25-34,Amsterdam,NL,email
Daan,Van Dijk,daan.van-dijk.5313@customer360.test,+1-555-913-8581,active,35-44,The Hague,NL,email
Siti Jia,Ong,siti-jia.ong.5314@customer360.test,+1-555-914-8618,active,55-64,Singapore,SG,sms
Gabriel Marie,Fontaine,gabriel-marie.fontaine.5315@customer360.test,+1-555-915-8655,active,35-44,Nantes,FR,sms
Jesse,De Boer,jesse.de-boer.5316@customer360.test,+1-555-916-8692,active,35-44,The Hague,NL,email
Louis,Girard,louis.girard.5317@customer360.test,+1-555-917-8729,active,25-34,Bordeaux,FR,sms
Lena,Reed,lena.reed.5318@customer360.test,+1-555-918-8766,active,45-54,Chicago,US,sms
Harper,Parker,harper.parker.5319@customer360.test,+1-555-919-8803,active,18-24,Boston,US,push
Sofia Anna,Ferrari,sofia-anna.ferrari.5320@customer360.test,+1-555-920-8840,active,35-44,Naples,IT,push
Dylan,Ward,dylan.ward.5321@customer360.test,+1-555-921-8877,active,25-34,Chicago,US,push
Mei Lin,Lee,mei-lin.lee.5322@customer360.test,+1-555-922-8914,active,18-24,Singapore,SG,sms
Nina,Van Dijk,nina.van-dijk.5323@customer360.test,+1-555-923-8951,active,25-34,The Hague,NL,push
Liam,Poirier,liam.poirier.5324@customer360.test,+1-555-924-8988,inactive,18-24,Halifax,CA,sms
Ruby,Cameron,ruby.cameron.5325@customer360.test,+1-555-925-9025,active,18-24,Melbourne,AU,email
Isla,Sullivan,isla.sullivan.5326@customer360.test,+1-555-926-9062,active,25-34,Adelaide,AU,push
Helena,Nogueira,helena.nogueira.5327@customer360.test,+1-555-927-9099,active,18-24,Brasilia,BR,sms
Dylan,Bailey,dylan.bailey.5328@customer360.test,+1-555-928-9136,active,18-24,Boston,US,sms
Renata,Ortega,renata.ortega.5329@customer360.test,+1-555-929-9173,active,35-44,Guadalajara,MX,push
Valeria,Molina,valeria.molina.5330@customer360.test,+1-555-930-9210,active,35-44,Seville,ES,push
Lucia Jose,Rios,lucia-jose.rios.5331@customer360.test,+1-555-931-9247,active,25-34,Queretaro,MX,push
Rafael Clara,Ribeiro,rafael-clara.ribeiro.5332@customer360.test,+1-555-932-9284,active,35-44,Recife,BR,sms
Rohan,Pillai,rohan.pillai.5333@customer360.test,+1-555-933-9321,active,18-24,Chennai,IN,push
Hannah,Richter,hannah.richter.5334@customer360.test,+1-555-934-9358,active,25-34,Hamburg,DE,push
Emiliano,Serrano,emiliano.serrano.5335@customer360.test,+1-555-935-9395,active,18-24,Guadalajara,MX,push
Mateo,Hernandez,mateo.hernandez.5336@customer360.test,+1-555-936-9432,active,25-34,Mexico City,MX,email
Jack,Hayes,jack.hayes.5337@customer360.test,+1-555-937-9469,active,25-34,Canberra,AU,sms
Aditya,Iyer,aditya.iyer.5338@customer360.test,+1-555-938-9506,active,25-34,Jaipur,IN,push
Nana,Nakamura,nana.nakamura.5339@customer360.test,+1-555-939-9543,active,45-54,Tokyo,JP,email
Daniel,Cervantes,daniel.cervantes.5340@customer360.test,+1-555-940-9580,active,45-54,Monterrey,MX,push
Elias,Sinclair,elias.sinclair.5341@customer360.test,+1-555-941-9617,active,35-44,Toronto,CA,push
Rafael,Costa,rafael.costa.5342@customer360.test,+1-555-942-9654,inactive,45-54,Brasilia,BR,email
Sana,Menon,sana.menon.5343@customer360.test,+1-555-943-9691,active,55-64,Chennai,IN,email
Tess,Van Dijk,tess.van-dijk.5344@customer360.test,+1-555-944-9728,active,35-44,Eindhoven,NL,push
Ren,Yoshida,ren.yoshida.5345@customer360.test,+1-555-945-9765,active,25-34,Yokohama,JP,sms
Theo,Lawson,theo.lawson.5346@customer360.test,+1-555-946-9802,active,25-34,London,GB,push
Neo,Pillay,neo.pillay.5347@customer360.test,+1-555-947-9839,active,25-34,Cape Town,ZA,email
Caleb,Collins,caleb.collins.5348@customer360.test,+1-555-948-9876,inactive,45-54,San Diego,US,sms
Baptiste,Renard,baptiste.renard.5349@customer360.test,+1-555-949-9913,active,45-54,Nantes,FR,email
Nana,Kobayashi,nana.kobayashi.5350@customer360.test,+1-555-950-9950,active,55-64,Fukuoka,JP,push
Harper,Hayes,harper.hayes.5351@customer360.test,+1-555-951-9987,active,35-44,Boston,US,push
Yui,Yamamoto,yui.yamamoto.5352@customer360.test,+1-555-952-1024,active,45-54,Fukuoka,JP,email
Sienna,Fletcher,sienna.fletcher.5353@customer360.test,+1-555-953-1061,inactive,35-44,Adelaide,AU,push
Meera Dev,Desai,meera-dev.desai.5354@customer360.test,+1-555-954-1098,active,55-64,Ahmedabad,IN,sms
Vihaan,Chatterjee,vihaan.chatterjee.5355@customer360.test,+1-555-955-1135,active,55-64,Hyderabad,IN,push
Imogen,Harrington,imogen.harrington.5356@customer360.test,+1-555-956-1172,active,55-64,London,GB,push
Louis,Marchand,louis.marchand.5357@customer360.test,+1-555-957-1209,active,25-34,Marseille,FR,email
Ruby Lee,Fletcher,ruby-lee.fletcher.5358@customer360.test,+1-555-958-1246,active,25-34,Brisbane,AU,email
Nadia,Ong,nadia.ong.5359@customer360.test,+1-555-959-1283,inactive,35-44,Singapore,SG,push
Santiago,Vargas,santiago.vargas.5360@customer360.test,+1-555-960-1320,inactive,18-24,Guadalajara,MX,push
Chloe,Lavoie,chloe.lavoie.5361@customer360.test,+1-555-961-1357,inactive,55-64,Montreal,CA,push
Mateo,Vargas,mateo.vargas.5362@customer360.test,+1-555-962-1394,active,25-34,Queretaro,MX,push
Davide,Lombardi,davide.lombardi.5363@customer360.test,+1-555-963-1431,active,25-34,Naples,IT,push
Reyansh,Rao,reyansh.rao.5364@customer360.test,+1-555-964-1468,active,18-24,Jaipur,IN,sms
Dylan,Ward,dylan.ward.5365@customer360.test,+1-555-965-1505,active,45-54,Chicago,US,sms
Nana,Yamamoto,nana.yamamoto.5366@customer360.test,+1-555-966-1542,active,18-24,Tokyo,JP,email
Matteo,Rossi,matteo.rossi.5367@customer360.test,+1-555-967-1579,active,35-44,Turin,IT,push
Tara,Mehta,tara.mehta.5368@customer360.test,+1-555-968-1616,active,55-64,Chennai,IN,email
Riley,Mitchell,riley.mitchell.5369@customer360.test,+1-555-969-1653,active,25-34,Atlanta,US,sms
Caleb,Bennett,caleb.bennett.5370@customer360.test,+1-555-970-1690,active,45-54,Portland,US,sms
Sem,Smit,sem.smit.5371@customer360.test,+1-555-971-1727,active,35-44,Eindhoven,NL,sms
Quinn Grace,Cooper,quinn-grace.cooper.5372@customer360.test,+1-555-972-1764,active,18-24,San Diego,US,email
Jesse Sofie,Van Dijk,jesse-sofie.van-dijk.5373@customer360.test,+1-555-973-1801,active,25-34,Eindhoven,NL,email
Aarav,Joshi,aarav.joshi.5374@customer360.test,+1-555-974-1838,active,55-64,Ahmedabad,IN,email
Ryan,Lim,ryan.lim.5375@customer360.test,+1-555-975-1875,active,35-44,Singapore,SG,sms
Poppy Jane,Bennett,poppy-jane.bennett.5376@customer360.test,+1-555-976-1912,active,25-34,Manchester,GB,sms
Elliot,Hughes,elliot.hughes.5377@customer360.test,+1-555-977-1949,active,25-34,Canberra,AU,push
Jack,Reid,jack.reid.5378@customer360.test,+1-555-978-1986,active,35-44,Perth,AU,email
Mateo Carmen,Serrano,mateo-carmen.serrano.5379@customer360.test,+1-555-979-2023,active,25-34,Valencia,ES,sms
Meera,Nair,meera.nair.5380@customer360.test,+1-555-980-2060,active,35-44,Delhi,IN,email
Ishita Priya,Mehta,ishita-priya.mehta.5381@customer360.test,+1-555-981-2097,active,35-44,Kolkata,IN,email
Amelia,Ellis,amelia.ellis.5382@customer360.test,+1-555-982-2134,active,25-34,Manchester,GB,push
Maximilian,Hoffmann,maximilian.hoffmann.5383@customer360.test,+1-555-983-2171,active,55-64,Cologne,DE,sms
Vega,Garcia,vega.garcia.5384@customer360.test,+1-555-984-2208,active,25-34,Malaga,ES,email
Sofia,Reed,sofia.reed.5385@customer360.test,+1-555-985-2245,active,25-34,Chicago,US,email
Mariana,Hernandez,mariana.hernandez.5386@customer360.test,+1-555-986-2282,active,35-44,Guadalajara,MX,sms
Leo,Castro,leo.castro.5387@customer360.test,+1-555-987-2319,active,55-64,Barcelona,ES,email
Finn,Clarke,finn.clarke.5388@customer360.test,+1-555-988-2356,active,45-54,Sydney,AU,push
Morgan,Cooper,morgan.cooper.5389@customer360.test,+1-555-989-2393,inactive,45-54,Atlanta,US,push
Sipho,Jacobs,sipho.jacobs.5390@customer360.test,+1-555-990-2430,active,55-64,Cape Town,ZA,push
Imogen,Whitmore,imogen.whitmore.5391@customer360.test,+1-555-991-2467,active,35-44,Bristol,GB,email
Elena,Ortega,elena.ortega.5392@customer360.test,+1-555-992-2504,active,35-44,Guadalajara,MX,push
Enzo,Almeida,enzo.almeida.5393@customer360.test,+1-555-993-2541,active,25-34,Porto Alegre,BR,sms
Aarav,Bhat,aarav.bhat.5394@customer360.test,+1-555-994-2578,active,35-44,Kochi,IN,sms
Hina,Watanabe,hina.watanabe.5395@customer360.test,+1-555-995-2615,active,45-54,Tokyo,JP,sms
Juliette,Laurent,juliette.laurent.5396@customer360.test,+1-555-996-2652,active,35-44,Toulouse,FR,email
Cameron,Collins,cameron.collins.5397@customer360.test,+1-555-997-2689,active,25-34,Minneapolis,US,sms
Vivaan,Bhat,vivaan.bhat.5398@customer360.test,+1-555-998-2726,inactive,25-34,Chennai,IN,push
Paul,Richter,paul.richter.5399@customer360.test,+1-555-999-2763,active,18-24,Hamburg,DE,push
Carmen,Iglesias,carmen.iglesias.5400@customer360.test,+1-555-100-2800,active,45-54,Bilbao,ES,email
Ethan,Naidoo,ethan.naidoo.5401@customer360.test,+1-555-101-2837,active,55-64,Gqeberha,ZA,push
Arjun,Menon,arjun.menon.5402@customer360.test,+1-555-102-2874,active,25-34,Jaipur,IN,sms
Elena,Navarro,elena.navarro.5403@customer360.test,+1-555-103-2911,active,35-44,Malaga,ES,email
Helena Luiz,Martins,helena-luiz.martins.5404@customer360.test,+1-555-104-2948,active,25-34,Curitiba,BR,push
Vivaan,Saxena,vivaan.saxena.5405@customer360.test,+1-555-105-2985,active,45-54,Chennai,IN,push
Elias,Bouchard,elias.bouchard.5406@customer360.test,+1-555-106-3022,active,18-24,Ottawa,CA,push
Lucas Joao,Teixeira,lucas-joao.teixeira.5407@customer360.test,+1-555-107-3059,active,35-44,Salvador,BR,sms
Vihaan,Iyer,vihaan.iyer.5408@customer360.test,+1-555-108-3096,active,25-34,Kolkata,IN,sms
Parker James,Hayes,parker-james.hayes.5409@customer360.test,+1-555-109-3133,active,25-34,Seattle,US,push
Haruto,Yoshida,haruto.yoshida.5410@customer360.test,+1-555-110-3170,active,35-44,Osaka,JP,email
Marco,Moretti,marco.moretti.5411@customer360.test,+1-555-111-3207,active,35-44,Palermo,IT,sms
Hina,Yamamoto,hina.yamamoto.5412@customer360.test,+1-555-112-3244,active,18-24,Osaka,JP,push
Zoe James,Bailey,zoe-james.bailey.5413@customer360.test,+1-555-113-3281,active,35-44,Philadelphia,US,email
Isla,Fletcher,isla.fletcher.5414@customer360.test,+1-555-114-3318,inactive,25-34,Glasgow,GB,push
Ishita,Iyer,ishita.iyer.5415@customer360.test,+1-555-115-3355,active,25-34,Hyderabad,IN,email
Theo,Fraser,theo.fraser.5416@customer360.test,+1-555-116-3392,active,25-34,Calgary,CA,push
Lorenzo,Rossi,lorenzo.rossi.5417@customer360.test,+1-555-117-3429,active,25-34,Turin,IT,email
Jordan,Ward,jordan.ward.5418@customer360.test,+1-555-118-3466,inactive,35-44,Minneapolis,US,push
Amelie,Blanc,amelie.blanc.5419@customer360.test,+1-555-119-3503,inactive,45-54,Bordeaux,FR,push
Maisie,Crawford,maisie.crawford.5420@customer360.test,+1-555-120-3540,active,25-34,London,GB,email
Hannah,Brandt,hannah.brandt.5421@customer360.test,+1-555-121-3577,active,18-24,Stuttgart,DE,email
Zinhle,Mthembu,zinhle.mthembu.5422@customer360.test,+1-555-122-3614,active,45-54,Bloemfontein,ZA,email
Lotte,Bos,lotte.bos.5423@customer360.test,+1-555-123-3651,active,35-44,The Hague,NL,sms
Leonardo,Ricci,leonardo.ricci.5424@customer360.test,+1-555-124-3688,active,55-64,Milan,IT,sms
Avery,Parker,avery.parker.5425@customer360.test,+1-555-125-3725,active,25-34,Boston,US,push
Mathis,Chevalier,mathis.chevalier.5426@customer360.test,+1-555-126-3762,active,45-54,Lille,FR,email
Naomi Marie,Collins,naomi-marie.collins.5427@customer360.test,+1-555-127-3799,active,18-24,Seattle,US,push
Mateus,Araujo,mateus.araujo.5428@customer360.test,+1-555-128-3836,active,25-34,Brasilia,BR,push
Sanne,De Boer,sanne.de-boer.5429@customer360.test,+1-555-129-3873,active,35-44,The Hague,NL,email
George Jane,Whitmore,george-jane.whitmore.5430@customer360.test,+1-555-130-3910,active,35-44,Edinburgh,GB,email
Daiki Hiro,Nakamura,daiki-hiro.nakamura.5431@customer360.test,+1-555-131-3947,active,25-34,Tokyo,JP,push
Valeria Maria,Delgado,valeria-maria.delgado.5432@customer360.test,+1-555-132-3984,active,18-24,Puebla,MX,push
Alice,Lombardi,alice.lombardi.5433@customer360.test,+1-555-133-4021,active,35-44,Palermo,IT,email
Rin Hiro,Kato,rin-hiro.kato.5434@customer360.test,+1-555-134-4058,active,18-24,Osaka,JP,email
Hamish,Wallace,hamish.wallace.5435@customer360.test,+1-555-135-4095,active,45-54,Canberra,AU,push
Daniel,Vidal,daniel.vidal.5436@customer360.test,+1-555-136-4132,active,35-44,Seville,ES,email
Zoe,Foster,zoe.foster.5437@customer360.test,+1-555-137-4169,active,25-34,Denver,US,email
Caio,Almeida,caio.almeida.5438@customer360.test,+1-555-138-4206,active,25-34,Rio de Janeiro,BR,push
Leonie,Moreau,leonie.moreau.5439@customer360.test,+1-555-139-4243,active,45-54,Lyon,FR,push
Maisie,Crawford,maisie.crawford.5440@customer360.test,+1-555-140-4280,inactive,25-34,Edinburgh,GB,push
Ishaan,Malhotra,ishaan.malhotra.5441@customer360.test,+1-555-141-4317,active,25-34,Hyderabad,IN,sms
Manon,Moreau,manon.moreau.5442@customer360.test,+1-555-142-4354,active,55-64,Marseille,FR,sms
Diego,Castro,diego.castro.5443@customer360.test,+1-555-143-4391,active,18-24,Madrid,ES,email
Chiara,Ferrari,chiara.ferrari.5444@customer360.test,+1-555-144-4428,active,25-34,Naples,IT,email
Grace,Hughes,grace.hughes.5445@customer360.test,+1-555-145-4465,active,25-34,Hobart,AU,email
Renata,Cervantes,renata.cervantes.5446@customer360.test,+1-555-146-4502,active,45-54,Merida,MX,push
Yuto,Ito,yuto.ito.5447@customer360.test,+1-555-147-4539,active,25-34,Osaka,JP,sms
Hugo,Fontaine,hugo.fontaine.5448@customer360.test,+1-555-148-4576,active,35-44,Toulouse,FR,sms
Ishaan,Joshi,ishaan.joshi.5449@customer360.test,+1-555-149-4613,inactive,55-64,Bengaluru,IN,email
Felix,Neumann,felix.neumann.5450@customer360.test,+1-555-150-4650,active,35-44,Frankfurt,DE,push
Emiliano,Navarro,emiliano.navarro.5451@customer360.test,+1-555-151-4687,active,18-24,Puebla,MX,push
Paul,Kruger,paul.kruger.5452@customer360.test,+1-555-152-4724,active,55-64,Frankfurt,DE,sms
Lerato,Van Wyk,lerato.van-wyk.5453@customer360.test,+1-555-153-4761,active,35-44,Durban,ZA,push
Sanne,Visser,sanne.visser.5454@customer360.test,+1-555-154-4798,active,25-34,Utrecht,NL,sms
Avery,Mitchell,avery.mitchell.5455@customer360.test,+1-555-155-4835,active,35-44,Philadelphia,US,email
Emiliano,Vargas,emiliano.vargas.5456@customer360.test,+1-555-156-4872,active,25-34,Merida,MX,push
Gabriel,Almeida,gabriel.almeida.5457@customer360.test,+1-555-157-4909,active,25-34,Curitiba,BR,sms
Callum,Cameron,callum.cameron.5458@customer360.test,+1-555-158-4946,active,18-24,Sydney,AU,sms
Finn,Anderson,finn.anderson.5459@customer360.test,+1-555-159-4983,active,35-44,Adelaide,AU,email
Martin,Navarro,martin.navarro.5460@customer360.test,+1-555-160-5020,active,35-44,Madrid,ES,push
Mio Miki,Nakamura,mio-miki.nakamura.5461@customer360.test,+1-555-161-5057,active,18-24,Yokohama,JP,push
Maeve,Sinclair,maeve.sinclair.5462@customer360.test,+1-555-162-5094,active,35-44,Edmonton,CA,push
Vihaan,Malhotra,vihaan.malhotra.5463@customer360.test,+1-555-163-5131,active,25-34,Chennai,IN,email
Lucas,Gauthier,lucas.gauthier.5464@customer360.test,+1-555-164-5168,active,55-64,Calgary,CA,push
Evie,Hughes,evie.hughes.5465@customer360.test,+1-555-165-5205,active,35-44,Birmingham,GB,sms
Mathis,Marchand,mathis.marchand.5466@customer360.test,+1-555-166-5242,active,18-24,Nantes,FR,email
Lucia,Serrano,lucia.serrano.5467@customer360.test,+1-555-167-5279,inactive,25-34,Bilbao,ES,sms
Liam,Beaulieu,liam.beaulieu.5468@customer360.test,+1-555-168-5316,active,35-44,Toronto,CA,push
Zoe,Bennett,zoe.bennett.5469@customer360.test,+1-555-169-5353,inactive,45-54,Philadelphia,US,push
Amelie,Campbell,amelie.campbell.5470@customer360.test,+1-555-170-5390,active,18-24,Vancouver,CA,sms
Renata Elena,Serrano,renata-elena.serrano.5471@customer360.test,+1-555-171-5427,active,35-44,Queretaro,MX,email
Anaya Raj,Joshi,anaya-raj.joshi.5472@customer360.test,+1-555-172-5464,active,25-34,Pune,IN,email
Mateo,Hernandez,mateo.hernandez.5473@customer360.test,+1-555-173-5501,active,25-34,Guadalajara,MX,sms
Evie,Mercer,evie.mercer.5474@customer360.test,+1-555-174-5538,active,35-44,Manchester,GB,sms
Lwazi,Jacobs,lwazi.jacobs.5475@customer360.test,+1-555-175-5575,active,45-54,Cape Town,ZA,push
Vihaan,Malhotra,vihaan.malhotra.5476@customer360.test,+1-555-176-5612,active,55-64,Hyderabad,IN,email
Kabir,Kapoor,kabir.kapoor.5477@customer360.test,+1-555-177-5649,active,18-24,Delhi,IN,sms
Sofia,Molina,sofia.molina.5478@customer360.test,+1-555-178-5686,active,55-64,Barcelona,ES,push
Aditya,Chatterjee,aditya.chatterjee.5479@customer360.test,+1-555-179-5723,active,45-54,Kolkata,IN,sms
Julian,Bouchard,julian.bouchard.5480@customer360.test,+1-555-180-5760,active,35-44,Edmonton,CA,push
Dylan,Bennett,dylan.bennett.5481@customer360.test,+1-555-181-5797,active,25-34,Atlanta,US,push
Zinhle,Mthembu,zinhle.mthembu.5482@customer360.test,+1-555-182-5834,active,25-34,Durban,ZA,email
Anaya,Saxena,anaya.saxena.5483@customer360.test,+1-555-183-5871,active,45-54,Chennai,IN,sms
Maya,Hayes,maya.hayes.5484@customer360.test,+1-555-184-5908,active,35-44,Denver,US,email
Isabela,Araujo,isabela.araujo.5485@customer360.test,+1-555-185-5945,active,35-44,Brasilia,BR,email
Valeria,Castillo,valeria.castillo.5486@customer360.test,+1-555-186-5982,active,18-24,Puebla,MX,email
Jordan,Hayes,jordan.hayes.5487@customer360.test,+1-555-187-6019,active,35-44,Boston,US,push
Vihaan,Iyer,vihaan.iyer.5488@customer360.test,+1-555-188-6056,active,55-64,Hyderabad,IN,push
Elisa,Lombardi,elisa.lombardi.5489@customer360.test,+1-555-189-6093,active,25-34,Naples,IT,sms
Grace,Morgan,grace.morgan.5490@customer360.test,+1-555-190-6130,active,45-54,Adelaide,AU,push
Theo,Beaulieu,theo.beaulieu.5491@customer360.test,+1-555-191-6167,active,45-54,Montreal,CA,sms
Finn,Hayes,finn.hayes.5492@customer360.test,+1-555-192-6204,active,18-24,Hobart,AU,email
Camila,Nogueira,camila.nogueira.5493@customer360.test,+1-555-193-6241,active,25-34,Recife,BR,sms
Noah Elise,Brandt,noah-elise.brandt.5494@customer360.test,+1-555-194-6278,active,45-54,Stuttgart,DE,sms
Mateo Maria,Castro,mateo-maria.castro.5495@customer360.test,+1-555-195-6315,active,25-34,Seville,ES,email
Marco,Esposito,marco.esposito.5496@customer360.test,+1-555-196-6352,active,25-34,Bologna,IT,sms
Manon,Blanc,manon.blanc.5497@customer360.test,+1-555-197-6389,active,25-34,Lille,FR,push
Ines,Moreau,ines.moreau.5498@customer360.test,+1-555-198-6426,active,35-44,Paris,FR,email
Aarav,Saxena,aarav.saxena.5499@customer360.test,+1-555-199-6463,active,45-54,Delhi,IN,sms
Sota,Yoshida,sota.yoshida.5500@customer360.test,+1-555-200-6500,active,35-44,Yokohama,JP,sms
Felix,Hoffmann,felix.hoffmann.5501@customer360.test,+1-555-201-6537,active,35-44,Cologne,DE,email
Naomi,Carter,naomi.carter.5502@customer360.test,+1-555-202-6574,active,45-54,Philadelphia,US,email
Parker,Parker,parker.parker.5503@customer360.test,+1-555-203-6611,active,45-54,Portland,US,push
Theo,Bennett,theo.bennett.5504@customer360.test,+1-555-204-6648,active,25-34,Halifax,CA,sms
Leo,Navarro,leo.navarro.5505@customer360.test,+1-555-205-6685,inactive,35-44,Barcelona,ES,email
Diya,Nair,diya.nair.5506@customer360.test,+1-555-206-6722,active,18-24,Bengaluru,IN,sms
Pablo,Marin,pablo.marin.5507@customer360.test,+1-555-207-6759,active,35-44,Valencia,ES,email
Riley,Carter,riley.carter.5508@customer360.test,+1-555-208-6796,active,35-44,Philadelphia,US,push
Yui Miki,Nakamura,yui-miki.nakamura.5509@customer360.test,+1-555-209-6833,active,45-54,Kyoto,JP,email
Diego Maria,Castro,diego-maria.castro.5510@customer360.test,+1-555-210-6870,active,25-34,Malaga,ES,push
Anaya,Joshi,anaya.joshi.5511@customer360.test,+1-555-211-6907,active,25-34,Mumbai,IN,email
Lena,Fischer,lena.fischer.5512@customer360.test,+1-555-212-6944,active,25-34,Leipzig,DE,push
Daniel,Molina,daniel.molina.5513@customer360.test,+1-555-213-6981,active,45-54,Bilbao,ES,sms
Naomi,Brooks,naomi.brooks.5514@customer360.test,+1-555-214-7018,active,18-24,San Diego,US,push
Ruby,McKenzie,ruby.mckenzie.5515@customer360.test,+1-555-215-7055,active,35-44,Perth,AU,email
Lucas,Morrison,lucas.morrison.5516@customer360.test,+1-555-216-7092,active,45-54,Montreal,CA,sms
Rin,Takahashi,rin.takahashi.5517@customer360.test,+1-555-217-7129,active,35-44,Kyoto,JP,push
Thabo,Naidoo,thabo.naidoo.5518@customer360.test,+1-555-218-7166,active,18-24,Cape Town,ZA,sms
Mateo,Garcia,mateo.garcia.5519@customer360.test,+1-555-219-7203,active,18-24,Bilbao,ES,push
Aurora,Rossi,aurora.rossi.5520@customer360.test,+1-555-220-7240,active,18-24,Palermo,IT,email
Vivaan,Joshi,vivaan.joshi.5521@customer360.test,+1-555-221-7277,active,25-34,Ahmedabad,IN,sms
Camila,Mendoza,camila.mendoza.5522@customer360.test,+1-555-222-7314,active,25-34,Merida,MX,push
Jack,McKenzie,jack.mckenzie.5523@customer360.test,+1-555-223-7351,active,55-64,Canberra,AU,email
Haruto,Watanabe,haruto.watanabe.5524@customer360.test,+1-555-224-7388,active,55-64,Sapporo,JP,email
Milan,De Vries,milan.de-vries.5525@customer360.test,+1-555-225-7425,active,45-54,Rotterdam,NL,email
Paul,Richter,paul.richter.5526@customer360.test,+1-555-226-7462,active,45-54,Leipzig,DE,sms
Ruby,Griffiths,ruby.griffiths.5527@customer360.test,+1-555-227-7499,inactive,45-54,Edinburgh,GB,email
Grace,Reid,grace.reid.5528@customer360.test,+1-555-228-7536,active,35-44,Melbourne,AU,push
Mio,Kobayashi,mio.kobayashi.5529@customer360.test,+1-555-229-7573,active,35-44,Nagoya,JP,sms
Lena,Becker,lena.becker.5530@customer360.test,+1-555-230-7610,active,45-54,Munich,DE,email
Alfie Rose,Harrington,alfie-rose.harrington.5531@customer360.test,+1-555-231-7647,active,35-44,Leeds,GB,push
Mila,Bouchard,mila.bouchard.5532@customer360.test,+1-555-232-7684,active,25-34,Halifax,CA,email
Valeria,Cervantes,valeria.cervantes.5533@customer360.test,+1-555-233-7721,active,25-34,Queretaro,MX,email
George Rose,Fletcher,george-rose.fletcher.5534@customer360.test,+1-555-234-7758,active,45-54,Birmingham,GB,push
Ishita,Iyer,ishita.iyer.5535@customer360.test,+1-555-235-7795,active,18-24,Jaipur,IN,push
Lucas,Jansen,lucas.jansen.5536@customer360.test,+1-555-236-7832,active,25-34,Eindhoven,NL,push
Sota,Tanaka,sota.tanaka.5537@customer360.test,+1-555-237-7869,active,45-54,Fukuoka,JP,email
Nandi,Pillay,nandi.pillay.5538@customer360.test,+1-555-238-7906,active,18-24,Bloemfontein,ZA,sms
Diego,Garcia,diego.garcia.5539@customer360.test,+1-555-239-7943,active,18-24,Malaga,ES,email
Marie,Richter,marie.richter.5540@customer360.test,+1-555-240-7980,active,35-44,Berlin,DE,push
Naomi,Cooper,naomi.cooper.5541@customer360.test,+1-555-241-8017,active,18-24,Minneapolis,US,sms
Diya,Sharma,diya.sharma.5542@customer360.test,+1-555-242-8054,active,25-34,Chennai,IN,push
Kavya,Kulkarni,kavya.kulkarni.5543@customer360.test,+1-555-243-8091,active,25-34,Hyderabad,IN,sms
Morgan,Russell,morgan.russell.5544@customer360.test,+1-555-244-8128,active,55-64,Seattle,US,push
Miles,Reed,miles.reed.5545@customer360.test,+1-555-245-8165,active,55-64,San Diego,US,email
Juliette Claire,Dubois,juliette-claire.dubois.5546@customer360.test,+1-555-246-8202,active,25-34,Marseille,FR,email
Hugo,Molina,hugo.molina.5547@customer360.test,+1-555-247-8239,active,55-64,Bilbao,ES,email
Meera,Saxena,meera.saxena.5548@customer360.test,+1-555-248-8276,active,45-54,Kochi,IN,email
Noor,De Vries,noor.de-vries.5549@customer360.test,+1-555-249-8313,active,18-24,Utrecht,NL,push
Imogen,Hughes,imogen.hughes.5550@customer360.test,+1-555-250-8350,active,35-44,Bristol,GB,email
Grace James,Fletcher,grace-james.fletcher.5551@customer360.test,+1-555-251-8387,active,35-44,Perth,AU,sms
Grace James,Reid,grace-james.reid.5552@customer360.test,+1-555-252-8424,active,18-24,Melbourne,AU,push
Leon,Wagner,leon.wagner.5553@customer360.test,+1-555-253-8461,active,25-34,Leipzig,DE,sms
Grace,Wallace,grace.wallace.5554@customer360.test,+1-555-254-8498,active,25-34,Melbourne,AU,email
Arjun,Iyer,arjun.iyer.5555@customer360.test,+1-555-255-8535,active,55-64,Kolkata,IN,sms
Helena,Barbosa,helena.barbosa.5556@customer360.test,+1-555-256-8572,active,25-34,Recife,BR,email
Noah Claire,Lavoie,noah-claire.lavoie.5557@customer360.test,+1-555-257-8609,active,25-34,Edmonton,CA,push
Meera,Bhat,meera.bhat.5558@customer360.test,+1-555-258-8646,active,25-34,Pune,IN,email
Aiden,Mthembu,aiden.mthembu.5559@customer360.test,+1-555-259-8683,active,35-44,Pretoria,ZA,push
Elliot,Bennett,elliot.bennett.5560@customer360.test,+1-555-260-8720,inactive,25-34,Sydney,AU,email
Vihaan,Malhotra,vihaan.malhotra.5561@customer360.test,+1-555-261-8757,active,18-24,Ahmedabad,IN,sms
Ishita Riya,Desai,ishita-riya.desai.5562@customer360.test,+1-555-262-8794,active,55-64,Mumbai,IN,email
Haruto,Tanaka,haruto.tanaka.5563@customer360.test,+1-555-263-8831,active,55-64,Tokyo,JP,email
Quinn James,Bailey,quinn-james.bailey.5564@customer360.test,+1-555-264-8868,active,45-54,Minneapolis,US,push
Darren Jia,Tan,darren-jia.tan.5565@customer360.test,+1-555-265-8905,active,25-34,Singapore,SG,push
Elias,Bouchard,elias.bouchard.5566@customer360.test,+1-555-266-8942,active,35-44,Vancouver,CA,email
Pedro Luiz,Costa,pedro-luiz.costa.5567@customer360.test,+1-555-267-8979,active,45-54,Brasilia,BR,sms
Daniel,Marin,daniel.marin.5568@customer360.test,+1-555-268-9016,active,25-34,Seville,ES,push
Diego Luis,Navarro,diego-luis.navarro.5569@customer360.test,+1-555-269-9053,active,18-24,Bilbao,ES,sms
Camila,Hernandez,camila.hernandez.5570@customer360.test,+1-555-270-9090,active,45-54,Mexico City,MX,email
Chloe,Bennett,chloe.bennett.5571@customer360.test,+1-555-271-9127,active,35-44,Calgary,CA,sms
Baptiste,Laurent,baptiste.laurent.5572@customer360.test,+1-555-272-9164,inactive,18-24,Lyon,FR,sms
Chloe,Girard,chloe.girard.5573@customer360.test,+1-555-273-9201,active,25-34,Lyon,FR,sms
Luiza,Ferreira,luiza.ferreira.5574@customer360.test,+1-555-274-9238,active,18-24,Sao Paulo,BR,push
Logan,Bennett,logan.bennett.5575@customer360.test,+1-555-275-9275,active,35-44,Austin,US,push
Callum,Hayes,callum.hayes.5576@customer360.test,+1-555-276-9312,active,55-64,Adelaide,AU,sms
Sienna,Cameron,sienna.cameron.5577@customer360.test,+1-555-277-9349,active,45-54,Canberra,AU,sms
Arthur Louise,Fletcher,arthur-louise.fletcher.5578@customer360.test,+1-555-278-9386,active,45-54,Birmingham,GB,push
Arjun,Koh,arjun.koh.5579@customer360.test,+1-555-279-9423,active,25-34,Singapore,SG,email
Dylan,Foster,dylan.foster.5580@customer360.test,+1-555-280-9460,active,55-64,San Diego,US,sms
Aditya Neel,Saxena,aditya-neel.saxena.5581@customer360.test,+1-555-281-9497,active,55-64,Mumbai,IN,push
Amelia,Crawford,amelia.crawford.5582@customer360.test,+1-555-282-9534,inactive,25-34,Leeds,GB,email
Caleb,Parker,caleb.parker.5583@customer360.test,+1-555-283-9571,active,45-54,Denver,US,push
Clara,Becker,clara.becker.5584@customer360.test,+1-555-284-9608,inactive,25-34,Stuttgart,DE,sms
Mia,Reid,mia.reid.5585@customer360.test,+1-555-285-9645,active,25-34,Sydney,AU,email
Ren,Kato,ren.kato.5586@customer360.test,+1-555-286-9682,active,35-44,Tokyo,JP,sms
Mila,Bennett,mila.bennett.5587@customer360.test,+1-555-287-9719,active,55-64,Edmonton,CA,sms
Kavya,Kulkarni,kavya.kulkarni.5588@customer360.test,+1-555-288-9756,inactive,18-24,Hyderabad,IN,sms
Jack,Wallace,jack.wallace.5589@customer360.test,+1-555-289-9793,active,35-44,Brisbane,AU,email
Sem,De Boer,sem.de-boer.5590@customer360.test,+1-555-290-9830,active,25-34,Groningen,NL,sms
Cheryl,Rahman,cheryl.rahman.5591@customer360.test,+1-555-291-9867,inactive,35-44,Singapore,SG,push
Javier Elena,Delgado,javier-elena.delgado.5592@customer360.test,+1-555-292-9904,active,45-54,Queretaro,MX,email
Kavya,Kulkarni,kavya.kulkarni.5593@customer360.test,+1-555-293-9941,active,25-34,Mumbai,IN,push
Oliver Jane,Lawson,oliver-jane.lawson.5594@customer360.test,+1-555-294-9978,active,25-34,Leeds,GB,email
Cheryl,Ismail,cheryl.ismail.5595@customer360.test,+1-555-295-1015,active,35-44,Singapore,SG,sms
Renata,Mendoza,renata.mendoza.5596@customer360.test,+1-555-296-1052,active,35-44,Guadalajara,MX,email
Fleur Sofie,Bos,fleur-sofie.bos.5597@customer360.test,+1-555-297-1089,inactive,55-64,The Hague,NL,sms
Caleb,Reed,caleb.reed.5598@customer360.test,+1-555-298-1126,active,55-64,Denver,US,push
Manon,Lefevre,manon.lefevre.5599@customer360.test,+1-555-299-1163,active,18-24,Marseille,FR,sms
Lachlan,Reid,lachlan.reid.5600@customer360.test,+1-555-300-1200,active,18-24,Hobart,AU,push
Mia,Hughes,mia.hughes.5601@customer360.test,+1-555-301-1237,active,35-44,Brisbane,AU,push
Sem,Bos,sem.bos.5602@customer360.test,+1-555-302-1274,active,35-44,Eindhoven,NL,email
Sana,Chatterjee,sana.chatterjee.5603@customer360.test,+1-555-303-1311,active,25-34,Hyderabad,IN,push
Aditya,Pillai,aditya.pillai.5604@customer360.test,+1-555-304-1348,inactive,25-34,Jaipur,IN,push
Paul,Fischer,paul.fischer.5605@customer360.test,+1-555-305-1385,active,25-34,Frankfurt,DE,push
Noah,Fraser,noah.fraser.5606@customer360.test,+1-555-306-1422,active,18-24,Montreal,CA,push
Kaito,Nakamura,kaito.nakamura.5607@customer360.test,+1-555-307-1459,active,35-44,Kyoto,JP,push
Jack,Clarke,jack.clarke.5608@customer360.test,+1-555-308-1496,active,35-44,Canberra,AU,sms
Louis,Girard,louis.girard.5609@customer360.test,+1-555-309-1533,active,55-64,Marseille,FR,email
Reyansh,Kapoor,reyansh.kapoor.5610@customer360.test,+1-555-310-1570,active,45-54,Mumbai,IN,email
Amelie,Chevalier,amelie.chevalier.5611@customer360.test,+1-555-311-1607,active,18-24,Nantes,FR,sms
Sofia,Serrano,sofia.serrano.5612@customer360.test,+1-555-312-1644,active,35-44,Merida,MX,sms
Morgan,Hayes,morgan.hayes.5613@customer360.test,+1-555-313-1681,active,45-54,Atlanta,US,push
Pablo,Ortega,pablo.ortega.5614@customer360.test,+1-555-314-1718,active,25-34,Bilbao,ES,push
Sota Hiro,Nakamura,sota-hiro.nakamura.5615@customer360.test,+1-555-315-1755,active,18-24,Fukuoka,JP,sms
Oscar,Wallace,oscar.wallace.5616@customer360.test,+1-555-316-1792,active,45-54,Sydney,AU,email
Daniel,Morales,daniel.morales.5617@customer360.test,+1-555-317-1829,active,35-44,Puebla,MX,email
Rafael,Barbosa,rafael.barbosa.5618@customer360.test,+1-555-318-1866,active,45-54,Sao Paulo,BR,sms
Taylor,Bennett,taylor.bennett.5619@customer360.test,+1-555-319-1903,active,45-54,Portland,US,sms
Matilda,Anderson,matilda.anderson.5620@customer360.test,+1-555-320-1940,inactive,18-24,Brisbane,AU,email
Diego,Delgado,diego.delgado.5621@customer360.test,+1-555-321-1977,active,35-44,Monterrey,MX,email
Jordan,Ward,jordan.ward.5622@customer360.test,+1-555-322-2014,active,25-34,Austin,US,sms
Theo,Sinclair,theo.sinclair.5623@customer360.test,+1-555-323-2051,active,45-54,Vancouver,CA,push
Mariana,Carvalho,mariana.carvalho.5624@customer360.test,+1-555-324-2088,active,45-54,Salvador,BR,push
Sana,Chatterjee,sana.chatterjee.5625@customer360.test,+1-555-325-2125,active,18-24,Ahmedabad,IN,email
Aoi Ken,Tanaka,aoi-ken.tanaka.5626@customer360.test,+1-555-326-2162,active,35-44,Fukuoka,JP,push
Jia En,Koh,jia-en.koh.5627@customer360.test,+1-555-327-2199,active,55-64,Singapore,SG,sms
Lucia,Marin,lucia.marin.5628@customer360.test,+1-555-328-2236,active,25-34,Bilbao,ES,email
Chloe,Fournier,chloe.fournier.5629@customer360.test,+1-555-329-2273,active,55-64,Montreal,CA,push
Theo,Sinclair,theo.sinclair.5630@customer360.test,+1-555-330-2310,active,25-34,Vancouver,CA,sms
Alfie Louise,Bennett,alfie-louise.bennett.5631@customer360.test,+1-555-331-2347,active,35-44,Glasgow,GB,push
Sophie,Becker,sophie.becker.5632@customer360.test,+1-555-332-2384,active,18-24,Leipzig,DE,email
Lachlan,Sullivan,lachlan.sullivan.5633@customer360.test,+1-555-333-2421,active,35-44,Adelaide,AU,email
Finn,Wagner,finn.wagner.5634@customer360.test,+1-555-334-2458,active,55-64,Berlin,DE,sms
Leo,Serrano,leo.serrano.5635@customer360.test,+1-555-335-2495,active,25-34,Barcelona,ES,email
Zara,Clarke,zara.clarke.5636@customer360.test,+1-555-336-2532,active,35-44,Perth,AU,push
Elena,Vega,elena.vega.5637@customer360.test,+1-555-337-2569,active,25-34,Malaga,ES,email
Oscar,Anderson,oscar.anderson.5638@customer360.test,+1-555-338-2606,active,25-34,Hobart,AU,push
Isabela,Carvalho,isabela.carvalho.5639@customer360.test,+1-555-339-2643,active,18-24,Salvador,BR,email
Milan,De Boer,milan.de-boer.5640@customer360.test,+1-555-340-2680,inactive,45-54,Rotterdam,NL,email
Matteo,Ferrari,matteo.ferrari.5641@customer360.test,+1-555-341-2717,active,55-64,Naples,IT,sms
Naomi,Morgan,naomi.morgan.5642@customer360.test,+1-555-342-2754,active,25-34,Atlanta,US,sms
Sophie,Wagner,sophie.wagner.5643@customer360.test,+1-555-343-2791,active,18-24,Hamburg,DE,email
Aarav,Rao,aarav.rao.5644@customer360.test,+1-555-344-2828,active,45-54,Chennai,IN,email
Leon,Wagner,leon.wagner.5645@customer360.test,+1-555-345-2865,active,55-64,Munich,DE,email
Taylor,Ward,taylor.ward.5646@customer360.test,+1-555-346-2902,active,18-24,Philadelphia,US,push
Finn,McKenzie,finn.mckenzie.5647@customer360.test,+1-555-347-2939,active,18-24,Perth,AU,sms
Leonardo,Lombardi,leonardo.lombardi.5648@customer360.test,+1-555-348-2976,active,35-44,Bologna,IT,email
Hugo,Renard,hugo.renard.5649@customer360.test,+1-555-349-3013,active,25-34,Nantes,FR,push
Rohan,Iyer,rohan.iyer.5650@customer360.test,+1-555-350-3050,active,35-44,Hyderabad,IN,sms
Chloe,Bouchard,chloe.bouchard.5651@customer360.test,+1-555-351-3087,active,55-64,Montreal,CA,email
Valeria,Hernandez,valeria.hernandez.5652@customer360.test,+1-555-352-3124,active,18-24,Monterrey,MX,email
Aiden,Maseko,aiden.maseko.5653@customer360.test,+1-555-353-3161,active,55-64,Durban,ZA,sms
Thabo,Botha,thabo.botha.5654@customer360.test,+1-555-354-3198,active,18-24,Bloemfontein,ZA,email
Parker,Ward,parker.ward.5655@customer360.test,+1-555-355-3235,active,25-34,Chicago,US,push
Ryan,Wong,ryan.wong.5656@customer360.test,+1-555-356-3272,active,25-34,Singapore,SG,sms
Miles,Cooper,miles.cooper.5657@customer360.test,+1-555-357-3309,active,25-34,Boston,US,email
Sipho,Naidoo,sipho.naidoo.5658@customer360.test,+1-555-358-3346,active,35-44,Cape Town,ZA,sms
Freya,Crawford,freya.crawford.5659@customer360.test,+1-555-359-3383,active,35-44,Bristol,GB,push
Manon,Girard,manon.girard.5660@customer360.test,+1-555-360-3420,active,18-24,Lille,FR,push
Camila Luiz,Ferreira,camila-luiz.ferreira.5661@customer360.test,+1-555-361-3457,active,25-34,Curitiba,BR,push
Mateo,Serrano,mateo.serrano.5662@customer360.test,+1-555-362-3494,active,35-44,Barcelona,ES,sms
Harper,Hayes,harper.hayes.5663@customer360.test,+1-555-363-3531,active,18-24,Austin,US,push
Naomi Lee,Bennett,naomi-lee.bennett.5664@customer360.test,+1-555-364-3568,active,18-24,San Diego,US,email
Evie,Griffiths,evie.griffiths.5665@customer360.test,+1-555-365-3605,active,25-34,London,GB,email
Ren,Yamada,ren.yamada.5666@customer360.test,+1-555-366-3642,active,35-44,Yokohama,JP,email
Ethan,Pillay,ethan.pillay.5667@customer360.test,+1-555-367-3679,inactive,18-24,Pretoria,ZA,sms
Camille,Moreau,camille.moreau.5668@customer360.test,+1-555-368-3716,active,55-64,Lyon,FR,email
Leon,Keller,leon.keller.5669@customer360.test,+1-555-369-3753,active,35-44,Stuttgart,DE,push
Fleur,Smit,fleur.smit.5670@customer360.test,+1-555-370-3790,active,25-34,Utrecht,NL,email
Sophie,Poirier,sophie.poirier.5671@customer360.test,+1-555-371-3827,active,18-24,Vancouver,CA,sms
Kaito,Nakamura,kaito.nakamura.5672@customer360.test,+1-555-372-3864,active,25-34,Nagoya,JP,push
Mia,Bennett,mia.bennett.5673@customer360.test,+1-555-373-3901,active,45-54,Adelaide,AU,email
Helena,Carvalho,helena.carvalho.5674@customer360.test,+1-555-374-3938,active,25-34,Brasilia,BR,push
Mateo,Ortega,mateo.ortega.5675@customer360.test,+1-555-375-3975,active,18-24,Puebla,MX,push
Ishaan Neel,Joshi,ishaan-neel.joshi.5676@customer360.test,+1-555-376-4012,active,25-34,Bengaluru,IN,sms
Theo,Fraser,theo.fraser.5677@customer360.test,+1-555-377-4049,active,35-44,Edmonton,CA,email
Emiliano Luis,Navarro,emiliano-luis.navarro.5678@customer360.test,+1-555-378-4086,active,35-44,Merida,MX,sms
Riley Kai,Bailey,riley-kai.bailey.5679@customer360.test,+1-555-379-4123,inactive,18-24,San Diego,US,sms
Freya,Crawford,freya.crawford.5680@customer360.test,+1-555-380-4160,inactive,25-34,Glasgow,GB,sms
Leonardo Anna,Gallo,leonardo-anna.gallo.5681@customer360.test,+1-555-381-4197,active,18-24,Bologna,IT,push
Hina,Ito,hina.ito.5682@customer360.test,+1-555-382-4234,active,45-54,Tokyo,JP,sms
Bram,De Vries,bram.de-vries.5683@customer360.test,+1-555-383-4271,active,55-64,Utrecht,NL,email
Elliot,Wallace,elliot.wallace.5684@customer360.test,+1-555-384-4308,active,35-44,Sydney,AU,push
Logan,Cooper,logan.cooper.5685@customer360.test,+1-555-385-4345,active,45-54,San Diego,US,sms
Elena Maria,Rojas,elena-maria.rojas.5686@customer360.test,+1-555-386-4382,active,55-64,Madrid,ES,sms
Maeve,Fournier,maeve.fournier.5687@customer360.test,+1-555-387-4419,active,55-64,Halifax,CA,push
Quinn,Bailey,quinn.bailey.5688@customer360.test,+1-555-388-4456,active,18-24,Denver,US,push
Aisha,Rahman,aisha.rahman.5689@customer360.test,+1-555-389-4493,active,45-54,Singapore,SG,email
Mila,Schneider,mila.schneider.5690@customer360.test,+1-555-390-4530,inactive,45-54,Frankfurt,DE,sms
Pablo,Castro,pablo.castro.5691@customer360.test,+1-555-391-4567,inactive,25-34,Malaga,ES,sms
Yui,Tanaka,yui.tanaka.5692@customer360.test,+1-555-392-4604,active,25-34,Kyoto,JP,sms
Nisha,Kulkarni,nisha.kulkarni.5693@customer360.test,+1-555-393-4641,inactive,25-34,Chennai,IN,email
Dylan,Russell,dylan.russell.5694@customer360.test,+1-555-394-4678,active,25-34,Denver,US,email
Ruby,Clarke,ruby.clarke.5695@customer360.test,+1-555-395-4715,active,55-64,Perth,AU,email
Isla,Lawson,isla.lawson.5696@customer360.test,+1-555-396-4752,active,18-24,Manchester,GB,sms
Valeria,Rios,valeria.rios.5697@customer360.test,+1-555-397-4789,active,25-34,Monterrey,MX,email
Avery,Hayes,avery.hayes.5698@customer360.test,+1-555-398-4826,active,45-54,Portland,US,email
Helena Joao,Oliveira,helena-joao.oliveira.5699@customer360.test,+1-555-399-4863,active,45-54,Recife,BR,email
Jack,Morgan,jack.morgan.5700@customer360.test,+1-555-400-4900,active,45-54,Melbourne,AU,sms
Ethan,Ismail,ethan.ismail.5701@customer360.test,+1-555-401-4937,active,18-24,Singapore,SG,sms
Aisha,Ismail,aisha.ismail.5702@customer360.test,+1-555-402-4974,active,45-54,Singapore,SG,sms
Amelie Lukas,Vogel,amelie-lukas.vogel.5703@customer360.test,+1-555-403-5011,active,55-64,Cologne,DE,push
Alejandro,Hernandez,alejandro.hernandez.5704@customer360.test,+1-555-404-5048,active,25-34,Monterrey,MX,sms
Taylor,Bennett,taylor.bennett.5705@customer360.test,+1-555-405-5085,active,35-44,Boston,US,email
Louis,Lefevre,louis.lefevre.5706@customer360.test,+1-555-406-5122,active,18-24,Lille,FR,sms
Vihaan,Sharma,vihaan.sharma.5707@customer360.test,+1-555-407-5159,active,25-34,Chennai,IN,email
Ishaan Neel,Iyer,ishaan-neel.iyer.5708@customer360.test,+1-555-408-5196,inactive,25-34,Pune,IN,push
Alejandro,Rios,alejandro.rios.5709@customer360.test,+1-555-409-5233,active,45-54,Guadalajara,MX,sms
Gabriel Luiz,Almeida,gabriel-luiz.almeida.5710@customer360.test,+1-555-410-5270,inactive,35-44,Salvador,BR,email
Giulia,Romano,giulia.romano.5711@customer360.test,+1-555-411-5307,active,45-54,Milan,IT,sms
Paul,Vogel,paul.vogel.5712@customer360.test,+1-555-412-5344,active,35-44,Leipzig,DE,push
Renata,Cervantes,renata.cervantes.5713@customer360.test,+1-555-413-5381,inactive,35-44,Guadalajara,MX,sms
Mariana,Teixeira,mariana.teixeira.5714@customer360.test,+1-555-414-5418,active,55-64,Brasilia,BR,sms
Reyansh Priya,Mehta,reyansh-priya.mehta.5715@customer360.test,+1-555-415-5455,active,45-54,Mumbai,IN,push
Sofia,Fuentes,sofia.fuentes.5716@customer360.test,+1-555-416-5492,active,45-54,Puebla,MX,push
Nandi,Dlamini,nandi.dlamini.5717@customer360.test,+1-555-417-5529,active,25-34,Johannesburg,ZA,email
Alfie,Lawson,alfie.lawson.5718@customer360.test,+1-555-418-5566,inactive,25-34,Manchester,GB,push
Riley,Russell,riley.russell.5719@customer360.test,+1-555-419-5603,active,35-44,Minneapolis,US,sms
Mariana,Mendes,mariana.mendes.5720@customer360.test,+1-555-420-5640,active,18-24,Sao Paulo,BR,email
Maisie,Ellis,maisie.ellis.5721@customer360.test,+1-555-421-5677,active,45-54,London,GB,email
Sophie,Kruger,sophie.kruger.5722@customer360.test,+1-555-422-5714,inactive,18-24,Berlin,DE,email
Siti,Chua,siti.chua.5723@customer360.test,+1-555-423-5751,active,18-24,Singapore,SG,push
Poppy,Whitmore,poppy.whitmore.5724@customer360.test,+1-555-424-5788,active,18-24,London,GB,sms
Hugo,Vega,hugo.vega.5725@customer360.test,+1-555-425-5825,inactive,55-64,Malaga,ES,push
Elisa,Gallo,elisa.gallo.5726@customer360.test,+1-555-426-5862,active,35-44,Milan,IT,email
Yui,Sato,yui.sato.5727@customer360.test,+1-555-427-5899,inactive,35-44,Tokyo,JP,sms
Clara,Chevalier,clara.chevalier.5728@customer360.test,+1-555-428-5936,active,35-44,Bordeaux,FR,email
Riku,Suzuki,riku.suzuki.5729@customer360.test,+1-555-429-5973,active,55-64,Kyoto,JP,push
Nandi James,Nkosi,nandi-james.nkosi.5730@customer360.test,+1-555-430-6010,active,35-44,Johannesburg,ZA,push
Aditya,Iyer,aditya.iyer.5731@customer360.test,+1-555-431-6047,active,18-24,Kolkata,IN,push
Aarav,Iyer,aarav.iyer.5732@customer360.test,+1-555-432-6084,inactive,18-24,Kochi,IN,push
Arjun,Bhat,arjun.bhat.5733@customer360.test,+1-555-433-6121,active,35-44,Ahmedabad,IN,email
Harper,Bennett,harper.bennett.5734@customer360.test,+1-555-434-6158,active,25-34,Minneapolis,US,email
Daiki,Watanabe,daiki.watanabe.5735@customer360.test,+1-555-435-6195,active,18-24,Osaka,JP,push
Maya Kai,Cooper,maya-kai.cooper.5736@customer360.test,+1-555-436-6232,active,35-44,Atlanta,US,sms
Cameron,Cooper,cameron.cooper.5737@customer360.test,+1-555-437-6269,active,55-64,Austin,US,sms
Lucia,Ortega,lucia.ortega.5738@customer360.test,+1-555-438-6306,active,35-44,Merida,MX,sms
Aarav,Joshi,aarav.joshi.5739@customer360.test,+1-555-439-6343,active,45-54,Kolkata,IN,push
Grace,Hayes,grace.hayes.5740@customer360.test,+1-555-440-6380,active,35-44,Hobart,AU,push
Hina,Yamada,hina.yamada.5741@customer360.test,+1-555-441-6417,active,25-34,Sapporo,JP,push
Noah,Vogel,noah.vogel.5742@customer360.test,+1-555-442-6454,active,55-64,Hamburg,DE,sms
Kavya,Kulkarni,kavya.kulkarni.5743@customer360.test,+1-555-443-6491,active,35-44,Pune,IN,sms
Ruby Louise,Bennett,ruby-louise.bennett.5744@customer360.test,+1-555-444-6528,active,45-54,Birmingham,GB,push
Santiago,Rios,santiago.rios.5745@customer360.test,+1-555-445-6565,active,18-24,Puebla,MX,sms
Theo,Mercier,theo.mercier.5746@customer360.test,+1-555-446-6602,active,25-34,Bordeaux,FR,sms
Caio Maria,Ferreira,caio-maria.ferreira.5747@customer360.test,+1-555-447-6639,active,35-44,Recife,BR,email
Lachlan,Anderson,lachlan.anderson.5748@customer360.test,+1-555-448-6676,active,25-34,Hobart,AU,email
Amelie Jean,Morrison,amelie-jean.morrison.5749@customer360.test,+1-555-449-6713,active,25-34,Toronto,CA,sms
Jack,Wallace,jack.wallace.5750@customer360.test,+1-555-450-6750,active,25-34,Hobart,AU,email
Oscar James,Reid,oscar-james.reid.5751@customer360.test,+1-555-451-6787,active,18-24,Sydney,AU,sms
Louis,Mercier,louis.mercier.5752@customer360.test,+1-555-452-6824,active,45-54,Lyon,FR,sms
Oscar,Whitmore,oscar.whitmore.5753@customer360.test,+1-555-453-6861,active,35-44,Edinburgh,GB,sms
Hannah,Hartmann,hannah.hartmann.5754@customer360.test,+1-555-454-6898,active,55-64,Stuttgart,DE,sms
Rin,Kato,rin.kato.5755@customer360.test,+1-555-455-6935,active,45-54,Fukuoka,JP,push
Sofia,Ward,sofia.ward.5756@customer360.test,+1-555-456-6972,active,45-54,Philadelphia,US,push
Noah,Bennett,noah.bennett.5757@customer360.test,+1-555-457-7009,active,55-64,Halifax,CA,email
Diego,Rios,diego.rios.5758@customer360.test,+1-555-458-7046,active,45-54,Puebla,MX,push
Clara Anne,Gauthier,clara-anne.gauthier.5759@customer360.test,+1-555-459-7083,active,45-54,Edmonton,CA,push
Camille,Mercer,camille.mercer.5760@customer360.test,+1-555-460-7120,active,25-34,Vancouver,CA,sms
Leonardo,Marino,leonardo.marino.5761@customer360.test,+1-555-461-7157,active,25-34,Florence,IT,email
Amelia,Harrington,amelia.harrington.5762@customer360.test,+1-555-462-7194,active,55-64,Bristol,GB,push
Theo Claire,Girard,theo-claire.girard.5763@customer360.test,+1-555-463-7231,active,35-44,Marseille,FR,email
Mila Marie,Sinclair,mila-marie.sinclair.5764@customer360.test,+1-555-464-7268,active,55-64,Toronto,CA,sms
Isla,Anderson,isla.anderson.5765@customer360.test,+1-555-465-7305,active,25-34,Sydney,AU,sms
Marie,Becker,marie.becker.5766@customer360.test,+1-555-466-7342,active,25-34,Hamburg,DE,email
Meera,Joshi,meera.joshi.5767@customer360.test,+1-555-467-7379,active,45-54,Pune,IN,push
Diego,Navarro,diego.navarro.5768@customer360.test,+1-555-468-7416,active,55-64,Guadalajara,MX,email
Isla,Fletcher,isla.fletcher.5769@customer360.test,+1-555-469-7453,inactive,18-24,Adelaide,AU,push
Harper,Turner,harper.turner.5770@customer360.test,+1-555-470-7490,active,25-34,Minneapolis,US,email
Davide,Ferrari,davide.ferrari.5771@customer360.test,+1-555-471-7527,active,35-44,Bologna,IT,email
Camille,Chevalier,camille.chevalier.5772@customer360.test,+1-555-472-7564,active,55-64,Nantes,FR,email
Camille,Fontaine,camille.fontaine.5773@customer360.test,+1-555-473-7601,active,35-44,Lyon,FR,push
Maya,Brooks,maya.brooks.5774@customer360.test,+1-555-474-7638,active,25-34,Minneapolis,US,sms
Aoi,Sato,aoi.sato.5775@customer360.test,+1-555-475-7675,active,45-54,Sapporo,JP,sms
Alejandro,Vargas,alejandro.vargas.5776@customer360.test,+1-555-476-7712,active,25-34,Mexico City,MX,push
Mei Lin Kai,Goh,mei-lin-kai.goh.5777@customer360.test,+1-555-477-7749,active,35-44,Singapore,SG,push
Elena,Ortega,elena.ortega.5778@customer360.test,+1-555-478-7786,active,25-34,Monterrey,MX,sms
Cooper,Fletcher,cooper.fletcher.5779@customer360.test,+1-555-479-7823,active,55-64,Melbourne,AU,sms
Arthur,Bennett,arthur.bennett.5780@customer360.test,+1-555-480-7860,active,45-54,Edinburgh,GB,sms
Gabriele Anna,Conti,gabriele-anna.conti.5781@customer360.test,+1-555-481-7897,active,35-44,Rome,IT,email
Maisie,Mercer,maisie.mercer.5782@customer360.test,+1-555-482-7934,active,25-34,Bristol,GB,sms
Martin,Vidal,martin.vidal.5783@customer360.test,+1-555-483-7971,active,55-64,Madrid,ES,push
Mio,Yamada,mio.yamada.5784@customer360.test,+1-555-484-8008,inactive,45-54,Yokohama,JP,push
Rin,Yamamoto,rin.yamamoto.5785@customer360.test,+1-555-485-8045,active,35-44,Nagoya,JP,email
Helena,Barbosa,helena.barbosa.5786@customer360.test,+1-555-486-8082,active,25-34,Rio de Janeiro,BR,sms
Diya,Chatterjee,diya.chatterjee.5787@customer360.test,+1-555-487-8119,active,25-34,Bengaluru,IN,push
Tommaso,Romano,tommaso.romano.5788@customer360.test,+1-555-488-8156,active,55-64,Bologna,IT,sms
Isabela,Martins,isabela.martins.5789@customer360.test,+1-555-489-8193,active,18-24,Curitiba,BR,sms
Daan Jan,Jansen,daan-jan.jansen.5790@customer360.test,+1-555-490-8230,active,25-34,Rotterdam,NL,email
Kian,Van Wyk,kian.van-wyk.5791@customer360.test,+1-555-491-8267,active,35-44,Cape Town,ZA,email
Anaya Dev,Iyer,anaya-dev.iyer.5792@customer360.test,+1-555-492-8304,active,18-24,Hyderabad,IN,email
Felix,Hoffmann,felix.hoffmann.5793@customer360.test,+1-555-493-8341,active,35-44,Leipzig,DE,sms
Ethan Jia,Teo,ethan-jia.teo.5794@customer360.test,+1-555-494-8378,active,35-44,Singapore,SG,push
Lucas Sofie,Vos,lucas-sofie.vos.5795@customer360.test,+1-555-495-8415,active,45-54,Utrecht,NL,push
Quinn,Reed,quinn.reed.5796@customer360.test,+1-555-496-8452,active,45-54,Chicago,US,push
Mateus,Barbosa,mateus.barbosa.5797@customer360.test,+1-555-497-8489,active,25-34,Recife,BR,sms
Mei,Suzuki,mei.suzuki.5798@customer360.test,+1-555-498-8526,active,45-54,Sapporo,JP,email
Rohan Riya,Saxena,rohan-riya.saxena.5799@customer360.test,+1-555-499-8563,active,35-44,Kochi,IN,email
Alejandro,Castillo,alejandro.castillo.5800@customer360.test,+1-555-500-8600,active,25-34,Guadalajara,MX,sms
Emiliano,Ortega,emiliano.ortega.5801@customer360.test,+1-555-501-8637,active,45-54,Merida,MX,email
Aditya,Mehta,aditya.mehta.5802@customer360.test,+1-555-502-8674,active,45-54,Chennai,IN,push
Pedro,Almeida,pedro.almeida.5803@customer360.test,+1-555-503-8711,active,35-44,Salvador,BR,email
Cameron,Cooper,cameron.cooper.5804@customer360.test,+1-555-504-8748,active,55-64,Boston,US,sms
Jack,Hayes,jack.hayes.5805@customer360.test,+1-555-505-8785,active,25-34,Brisbane,AU,sms
Finn,Hayes,finn.hayes.5806@customer360.test,+1-555-506-8822,active,18-24,Hobart,AU,email
Hui Min,Rahman,hui-min.rahman.5807@customer360.test,+1-555-507-8859,active,25-34,Singapore,SG,sms
Sienna,Sullivan,sienna.sullivan.5808@customer360.test,+1-555-508-8896,active,55-64,Melbourne,AU,sms
Hugo,Vega,hugo.vega.5809@customer360.test,+1-555-509-8933,inactive,18-24,Madrid,ES,email
Jesse,Van Dijk,jesse.van-dijk.5810@customer360.test,+1-555-510-8970,active,35-44,Groningen,NL,sms
Cooper Lee,Anderson,cooper-lee.anderson.5811@customer360.test,+1-555-511-9007,active,25-34,Brisbane,AU,push
Maisie,Fletcher,maisie.fletcher.5812@customer360.test,+1-555-512-9044,active,45-54,London,GB,sms
Marco,Esposito,marco.esposito.5813@customer360.test,+1-555-513-9081,active,55-64,Naples,IT,sms
Cooper,Wallace,cooper.wallace.5814@customer360.test,+1-555-514-9118,inactive,35-44,Canberra,AU,sms
Nadia,Chua,nadia.chua.5815@customer360.test,+1-555-515-9155,active,18-24,Singapore,SG,sms
Diego,Iglesias,diego.iglesias.5816@customer360.test,+1-555-516-9192,active,25-34,Madrid,ES,email
Zara,McKenzie,zara.mckenzie.5817@customer360.test,+1-555-517-9229,active,45-54,Canberra,AU,sms
Lucia,Ortega,lucia.ortega.5818@customer360.test,+1-555-518-9266,active,25-34,Madrid,ES,sms
Amelie,Fraser,amelie.fraser.5819@customer360.test,+1-555-519-9303,active,35-44,Halifax,CA,email
Carmen,Rojas,carmen.rojas.5820@customer360.test,+1-555-520-9340,active,35-44,Malaga,ES,sms
Tara,Saxena,tara.saxena.5821@customer360.test,+1-555-521-9377,active,25-34,Kochi,IN,email
Nora,Cooper,nora.cooper.5822@customer360.test,+1-555-522-9414,active,25-34,Denver,US,email
Callum,Wallace,callum.wallace.5823@customer360.test,+1-555-523-9451,active,45-54,Perth,AU,push
Eva,Visser,eva.visser.5824@customer360.test,+1-555-524-9488,active,45-54,Rotterdam,NL,email
Riley,Ward,riley.ward.5825@customer360.test,+1-555-525-9525,active,45-54,Minneapolis,US,sms
Matilda,Cameron,matilda.cameron.5826@customer360.test,+1-555-526-9562,active,25-34,Perth,AU,push
Ayanda,Nkosi,ayanda.nkosi.5827@customer360.test,+1-555-527-9599,inactive,35-44,Gqeberha,ZA,email
Alba,Serrano,alba.serrano.5828@customer360.test,+1-555-528-9636,active,25-34,Seville,ES,push
Diego,Serrano,diego.serrano.5829@customer360.test,+1-555-529-9673,active,25-34,Seville,ES,sms
Thiago Joao,Ribeiro,thiago-joao.ribeiro.5830@customer360.test,+1-555-530-9710,active,55-64,Curitiba,BR,email
Giulia,Ferrari,giulia.ferrari.5831@customer360.test,+1-555-531-9747,active,45-54,Florence,IT,push
Siti,Koh,siti.koh.5832@customer360.test,+1-555-532-9784,active,55-64,Singapore,SG,sms
Gabriel,Barbosa,gabriel.barbosa.5833@customer360.test,+1-555-533-9821,inactive,25-34,Rio de Janeiro,BR,push
Quinn,Russell,quinn.russell.5834@customer360.test,+1-555-534-9858,active,35-44,Seattle,US,sms
Chloe Marie,Rousseau,chloe-marie.rousseau.5835@customer360.test,+1-555-535-9895,active,55-64,Nantes,FR,sms
Reyansh,Saxena,reyansh.saxena.5836@customer360.test,+1-555-536-9932,active,25-34,Kolkata,IN,sms
Nisha,Rao,nisha.rao.5837@customer360.test,+1-555-537-9969,active,18-24,Chennai,IN,sms
Chloe,Morrison,chloe.morrison.5838@customer360.test,+1-555-538-1006,active,45-54,Montreal,CA,email
Valeria,Molina,valeria.molina.5839@customer360.test,+1-555-539-1043,active,45-54,Barcelona,ES,push
Mathis,Girard,mathis.girard.5840@customer360.test,+1-555-540-1080,active,25-34,Toulouse,FR,push
Marcus,Teo,marcus.teo.5841@customer360.test,+1-555-541-1117,active,55-64,Singapore,SG,sms
Elias,Poirier,elias.poirier.5842@customer360.test,+1-555-542-1154,active,35-44,Toronto,CA,sms
Rin,Kobayashi,rin.kobayashi.5843@customer360.test,+1-555-543-1191,active,25-34,Sapporo,JP,push
Haruto Hiro,Ito,haruto-hiro.ito.5844@customer360.test,+1-555-544-1228,active,35-44,Fukuoka,JP,push
Aoi,Kato,aoi.kato.5845@customer360.test,+1-555-545-1265,active,45-54,Yokohama,JP,sms
Marco,Rossi,marco.rossi.5846@customer360.test,+1-555-546-1302,active,35-44,Florence,IT,email
Oliver,Chapman,oliver.chapman.5847@customer360.test,+1-555-547-1339,active,45-54,Edinburgh,GB,email
Camila,Barbosa,camila.barbosa.5848@customer360.test,+1-555-548-1376,active,25-34,Sao Paulo,BR,sms
Aurora,Esposito,aurora.esposito.5849@customer360.test,+1-555-549-1413,active,35-44,Turin,IT,push
Kavya Riya,Menon,kavya-riya.menon.5850@customer360.test,+1-555-550-1450,active,18-24,Pune,IN,push
Kaito,Nakamura,kaito.nakamura.5851@customer360.test,+1-555-551-1487,active,55-64,Nagoya,JP,push
Hugo,Vega,hugo.vega.5852@customer360.test,+1-555-552-1524,active,35-44,Madrid,ES,push
Finn Rose,Sullivan,finn-rose.sullivan.5853@customer360.test,+1-555-553-1561,active,45-54,Brisbane,AU,push
Isla,Ellis,isla.ellis.5854@customer360.test,+1-555-554-1598,active,45-54,Glasgow,GB,sms
Chloe Jean,Blanc,chloe-jean.blanc.5855@customer360.test,+1-555-555-1635,active,18-24,Paris,FR,email
Noah,Hoffmann,noah.hoffmann.5856@customer360.test,+1-555-556-1672,active,35-44,Leipzig,DE,sms
Arthur,Rousseau,arthur.rousseau.5857@customer360.test,+1-555-557-1709,active,45-54,Lyon,FR,email
Naomi,Russell,naomi.russell.5858@customer360.test,+1-555-558-1746,active,25-34,San Diego,US,sms
Julian Louis,Fraser,julian-louis.fraser.5859@customer360.test,+1-555-559-1783,active,35-44,Edmonton,CA,sms
Lwazi,Mokoena,lwazi.mokoena.5860@customer360.test,+1-555-560-1820,active,35-44,Durban,ZA,push
Zara,Cameron,zara.cameron.5861@customer360.test,+1-555-561-1857,active,18-24,Canberra,AU,push
Anaya,Menon,anaya.menon.5862@customer360.test,+1-555-562-1894,active,55-64,Bengaluru,IN,sms
Dylan,Mitchell,dylan.mitchell.5863@customer360.test,+1-555-563-1931,active,45-54,Austin,US,sms
Ethan,Russell,ethan.russell.5864@customer360.test,+1-555-564-1968,active,18-24,Philadelphia,US,email
Mateo,Marin,mateo.marin.5865@customer360.test,+1-555-565-2005,active,55-64,Seville,ES,email
Liam Anne,Morrison,liam-anne.morrison.5866@customer360.test,+1-555-566-2042,active,25-34,Vancouver,CA,sms
Helena,Carvalho,helena.carvalho.5867@customer360.test,+1-555-567-2079,active,25-34,Sao Paulo,BR,push
Sem,Mulder,sem.mulder.5868@customer360.test,+1-555-568-2116,active,45-54,Eindhoven,NL,push
Gabriel,Mendes,gabriel.mendes.5869@customer360.test,+1-555-569-2153,active,18-24,Brasilia,BR,sms
Rin,Kobayashi,rin.kobayashi.5870@customer360.test,+1-555-570-2190,active,35-44,Tokyo,JP,sms
Darren,Lim,darren.lim.5871@customer360.test,+1-555-571-2227,inactive,18-24,Singapore,SG,push
Nina,De Boer,nina.de-boer.5872@customer360.test,+1-555-572-2264,active,45-54,Rotterdam,NL,sms
Kian,Botha,kian.botha.5873@customer360.test,+1-555-573-2301,active,45-54,Gqeberha,ZA,sms
Haruto,Yoshida,haruto.yoshida.5874@customer360.test,+1-555-574-2338,active,18-24,Fukuoka,JP,email
Jonas,Becker,jonas.becker.5875@customer360.test,+1-555-575-2375,active,25-34,Leipzig,DE,push
Yui,Takahashi,yui.takahashi.5876@customer360.test,+1-555-576-2412,active,45-54,Yokohama,JP,email
Clara,Campbell,clara.campbell.5877@customer360.test,+1-555-577-2449,inactive,35-44,Vancouver,CA,email
Valentina Maria,Barbosa,valentina-maria.barbosa.5878@customer360.test,+1-555-578-2486,active,35-44,Rio de Janeiro,BR,email
Oliver Jane,Sinclair,oliver-jane.sinclair.5879@customer360.test,+1-555-579-2523,active,55-64,Manchester,GB,push
Isla Rose,Wallace,isla-rose.wallace.5880@customer360.test,+1-555-580-2560,active,25-34,Adelaide,AU,sms
Vega,Marin,vega.marin.5881@customer360.test,+1-555-581-2597,active,35-44,Seville,ES,email
Vihaan,Pillai,vihaan.pillai.5882@customer360.test,+1-555-582-2634,inactive,25-34,Kochi,IN,email
Noor,Bakker,noor.bakker.5883@customer360.test,+1-555-583-2671,active,35-44,The Hague,NL,push
Felix,Becker,felix.becker.5884@customer360.test,+1-555-584-2708,active,35-44,Hamburg,DE,sms
Amelia,Bennett,amelia.bennett.5885@customer360.test,+1-555-585-2745,active,35-44,Manchester,GB,push
Kabir,Mehta,kabir.mehta.5886@customer360.test,+1-555-586-2782,active,35-44,Chennai,IN,email
Tess,De Boer,tess.de-boer.5887@customer360.test,+1-555-587-2819,active,55-64,Eindhoven,NL,email
Taylor,Mitchell,taylor.mitchell.5888@customer360.test,+1-555-588-2856,active,25-34,Minneapolis,US,email
Nur,Teo,nur.teo.5889@customer360.test,+1-555-589-2893,active,18-24,Singapore,SG,push
Rafael,Barbosa,rafael.barbosa.5890@customer360.test,+1-555-590-2930,active,55-64,Rio de Janeiro,BR,push
Grace,Cameron,grace.cameron.5891@customer360.test,+1-555-591-2967,active,45-54,Adelaide,AU,push
Maeve,Lavoie,maeve.lavoie.5892@customer360.test,+1-555-592-3004,active,18-24,Vancouver,CA,push
Harper,Bailey,harper.bailey.5893@customer360.test,+1-555-593-3041,active,55-64,Denver,US,push
Ethan,Parker,ethan.parker.5894@customer360.test,+1-555-594-3078,active,45-54,Austin,US,sms
Louis,Moreau,louis.moreau.5895@customer360.test,+1-555-595-3115,active,25-34,Toulouse,FR,push
Kavya,Kapoor,kavya.kapoor.5896@customer360.test,+1-555-596-3152,active,25-34,Hyderabad,IN,sms
Nora,Bennett,nora.bennett.5897@customer360.test,+1-555-597-3189,active,18-24,San Diego,US,sms
Maisie,Chapman,maisie.chapman.5898@customer360.test,+1-555-598-3226,inactive,18-24,London,GB,email
Dylan,Hayes,dylan.hayes.5899@customer360.test,+1-555-599-3263,active,25-34,Boston,US,push
George,Chapman,george.chapman.5900@customer360.test,+1-555-600-3300,inactive,55-64,Bristol,GB,sms
Bram,Mulder,bram.mulder.5901@customer360.test,+1-555-601-3337,active,55-64,Amsterdam,NL,email
Lena,Collins,lena.collins.5902@customer360.test,+1-555-602-3374,active,25-34,Atlanta,US,push
Amelie Paul,Lefevre,amelie-paul.lefevre.5903@customer360.test,+1-555-603-3411,active,35-44,Marseille,FR,email
Naomi,Turner,naomi.turner.5904@customer360.test,+1-555-604-3448,active,18-24,Portland,US,email
Sipho Lee,Pillay,sipho-lee.pillay.5905@customer360.test,+1-555-605-3485,active,25-34,Durban,ZA,push
Chloe,Campbell,chloe.campbell.5906@customer360.test,+1-555-606-3522,active,18-24,Halifax,CA,email
Elisa,Costa,elisa.costa.5907@customer360.test,+1-555-607-3559,active,25-34,Turin,IT,sms
Eva Jan,Jansen,eva-jan.jansen.5908@customer360.test,+1-555-608-3596,active,25-34,Groningen,NL,email
Jordan,Brooks,jordan.brooks.5909@customer360.test,+1-555-609-3633,active,45-54,Minneapolis,US,email
Zara Lee,Cameron,zara-lee.cameron.5910@customer360.test,+1-555-610-3670,active,35-44,Brisbane,AU,push
Kavya Kiran,Pillai,kavya-kiran.pillai.5911@customer360.test,+1-555-611-3707,active,25-34,Chennai,IN,sms
Sakura,Yamada,sakura.yamada.5912@customer360.test,+1-555-612-3744,active,55-64,Kyoto,JP,sms
Lucas,Vos,lucas.vos.5913@customer360.test,+1-555-613-3781,active,18-24,Eindhoven,NL,sms
Leonie,Marchand,leonie.marchand.5914@customer360.test,+1-555-614-3818,active,25-34,Lyon,FR,sms
Sophie Marie,Bennett,sophie-marie.bennett.5915@customer360.test,+1-555-615-3855,active,25-34,Montreal,CA,push
Gabriel,Fontaine,gabriel.fontaine.5916@customer360.test,+1-555-616-3892,active,18-24,Lyon,FR,sms
Chloe,Marchand,chloe.marchand.5917@customer360.test,+1-555-617-3929,active,25-34,Lyon,FR,email
Hina,Sato,hina.sato.5918@customer360.test,+1-555-618-3966,active,55-64,Fukuoka,JP,sms
Maximilian,Schneider,maximilian.schneider.5919@customer360.test,+1-555-619-4003,active,35-44,Leipzig,DE,email
Ethan,Lim,ethan.lim.5920@customer360.test,+1-555-620-4040,active,35-44,Singapore,SG,email
Sienna,Reid,sienna.reid.5921@customer360.test,+1-555-621-4077,active,45-54,Adelaide,AU,email
Luiza,Costa,luiza.costa.5922@customer360.test,+1-555-622-4114,active,25-34,Sao Paulo,BR,push
Hannah,Kruger,hannah.kruger.5923@customer360.test,+1-555-623-4151,active,35-44,Frankfurt,DE,sms
Daniel Elena,Delgado,daniel-elena.delgado.5924@customer360.test,+1-555-624-4188,active,25-34,Puebla,MX,email
Isla,Cameron,isla.cameron.5925@customer360.test,+1-555-625-4225,active,25-34,Perth,AU,email
Logan,Reed,logan.reed.5926@customer360.test,+1-555-626-4262,active,18-24,Portland,US,email
Elias,Bouchard,elias.bouchard.5927@customer360.test,+1-555-627-4299,active,55-64,Edmonton,CA,email
Vega,Marin,vega.marin.5928@customer360.test,+1-555-628-4336,active,18-24,Barcelona,ES,sms
Nana,Watanabe,nana.watanabe.5929@customer360.test,+1-555-629-4373,active,25-34,Kyoto,JP,push
Caleb,Morgan,caleb.morgan.5930@customer360.test,+1-555-630-4410,active,18-24,Chicago,US,email
Riley,Ward,riley.ward.5931@customer360.test,+1-555-631-4447,active,18-24,Portland,US,email
Finn,Vos,finn.vos.5932@customer360.test,+1-555-632-4484,active,18-24,Groningen,NL,email
Cheryl,Ismail,cheryl.ismail.5933@customer360.test,+1-555-633-4521,active,35-44,Singapore,SG,push
Camila Jose,Castillo,camila-jose.castillo.5934@customer360.test,+1-555-634-4558,active,35-44,Guadalajara,MX,sms
Aditya Dev,Kapoor,aditya-dev.kapoor.5935@customer360.test,+1-555-635-4595,active,35-44,Ahmedabad,IN,push
Ruby,Cameron,ruby.cameron.5936@customer360.test,+1-555-636-4632,active,18-24,Hobart,AU,push
Callum Rose,Cameron,callum-rose.cameron.5937@customer360.test,+1-555-637-4669,active,45-54,Brisbane,AU,sms
Grace,McKenzie,grace.mckenzie.5938@customer360.test,+1-555-638-4706,active,18-24,Melbourne,AU,sms
Ethan,Ward,ethan.ward.5939@customer360.test,+1-555-639-4743,active,25-34,Portland,US,push
Davide,Esposito,davide.esposito.5940@customer360.test,+1-555-640-4780,active,35-44,Palermo,IT,sms
Camila Jose,Navarro,camila-jose.navarro.5941@customer360.test,+1-555-641-4817,active,18-24,Puebla,MX,email
Rafael,Barbosa,rafael.barbosa.5942@customer360.test,+1-555-642-4854,active,45-54,Brasilia,BR,sms
Isla,Morgan,isla.morgan.5943@customer360.test,+1-555-643-4891,active,25-34,Adelaide,AU,sms
Isla,Bennett,isla.bennett.5944@customer360.test,+1-555-644-4928,active,25-34,Melbourne,AU,email
Avery,Turner,avery.turner.5945@customer360.test,+1-555-645-4965,active,35-44,Boston,US,email
Aiden,Mabena,aiden.mabena.5946@customer360.test,+1-555-646-5002,active,45-54,Bloemfontein,ZA,push
Lucas,Poirier,lucas.poirier.5947@customer360.test,+1-555-647-5039,active,18-24,Ottawa,CA,email
Liam,Morrison,liam.morrison.5948@customer360.test,+1-555-648-5076,inactive,25-34,Ottawa,CA,push
Lena Elise,Vogel,lena-elise.vogel.5949@customer360.test,+1-555-649-5113,active,25-34,Berlin,DE,sms
Lucia,Rios,lucia.rios.5950@customer360.test,+1-555-650-5150,active,45-54,Mexico City,MX,push
Gabriel,Chevalier,gabriel.chevalier.5951@customer360.test,+1-555-651-5187,active,25-34,Toulouse,FR,email
Lerato,Maseko,lerato.maseko.5952@customer360.test,+1-555-652-5224,active,45-54,Bloemfontein,ZA,email
Lena,Richter,lena.richter.5953@customer360.test,+1-555-653-5261,active,25-34,Cologne,DE,email
Sofia,Costa,sofia.costa.5954@customer360.test,+1-555-654-5298,active,25-34,Bologna,IT,sms
Morgan,Ward,morgan.ward.5955@customer360.test,+1-555-655-5335,active,45-54,Boston,US,sms
Sofia,Rios,sofia.rios.5956@customer360.test,+1-555-656-5372,active,45-54,Queretaro,MX,push
Naledi James,Dlamini,naledi-james.dlamini.5957@customer360.test,+1-555-657-5409,active,35-44,Cape Town,ZA,sms
Chloe Marie,Mercer,chloe-marie.mercer.5958@customer360.test,+1-555-658-5446,active,35-44,Toronto,CA,sms
Haruto,Yamada,haruto.yamada.5959@customer360.test,+1-555-659-5483,active,45-54,Sapporo,JP,push
Lorenzo,Gallo,lorenzo.gallo.5960@customer360.test,+1-555-660-5520,active,35-44,Turin,IT,push
Maya,Reed,maya.reed.5961@customer360.test,+1-555-661-5557,active,45-54,Atlanta,US,email
Arjun,Ng,arjun.ng.5962@customer360.test,+1-555-662-5594,active,25-34,Singapore,SG,push
Lucas,Barbosa,lucas.barbosa.5963@customer360.test,+1-555-663-5631,active,35-44,Brasilia,BR,sms
Kavya,Desai,kavya.desai.5964@customer360.test,+1-555-664-5668,active,55-64,Jaipur,IN,push
Tara,Bhat,tara.bhat.5965@customer360.test,+1-555-665-5705,active,18-24,Delhi,IN,email
Cameron,Parker,cameron.parker.5966@customer360.test,+1-555-666-5742,inactive,35-44,San Diego,US,sms
Alba,Navarro,alba.navarro.5967@customer360.test,+1-555-667-5779,active,25-34,Madrid,ES,email
Hugo,Hughes,hugo.hughes.5968@customer360.test,+1-555-668-5816,active,35-44,Glasgow,GB,sms
Aditi Raj,Malhotra,aditi-raj.malhotra.5969@customer360.test,+1-555-669-5853,active,35-44,Jaipur,IN,push
Manon Marie,Fontaine,manon-marie.fontaine.5970@customer360.test,+1-555-670-5890,active,25-34,Lille,FR,push
Mila Louis,Bouchard,mila-louis.bouchard.5971@customer360.test,+1-555-671-5927,active,45-54,Calgary,CA,sms
Zara,Clarke,zara.clarke.5972@customer360.test,+1-555-672-5964,active,25-34,Melbourne,AU,email
Cheryl,Koh,cheryl.koh.5973@customer360.test,+1-555-673-6001,active,25-34,Singapore,SG,push
Jonas,Kruger,jonas.kruger.5974@customer360.test,+1-555-674-6038,active,25-34,Berlin,DE,sms
Lorenzo,Romano,lorenzo.romano.5975@customer360.test,+1-555-675-6075,active,45-54,Milan,IT,email
Hugo,Renard,hugo.renard.5976@customer360.test,+1-555-676-6112,active,18-24,Toulouse,FR,push
Cameron,Mitchell,cameron.mitchell.5977@customer360.test,+1-555-677-6149,active,25-34,Seattle,US,push
Finn Rose,Reid,finn-rose.reid.5978@customer360.test,+1-555-678-6186,active,35-44,Canberra,AU,email
Grace,Hayes,grace.hayes.5979@customer360.test,+1-555-679-6223,active,25-34,Melbourne,AU,sms
Lucia Jose,Molina,lucia-jose.molina.5980@customer360.test,+1-555-680-6260,active,45-54,Seville,ES,sms
Martin,Vidal,martin.vidal.5981@customer360.test,+1-555-681-6297,active,18-24,Malaga,ES,sms
Beatrice,Bianchi,beatrice.bianchi.5982@customer360.test,+1-555-682-6334,active,35-44,Milan,IT,email
Aditi,Pillai,aditi.pillai.5983@customer360.test,+1-555-683-6371,active,55-64,Hyderabad,IN,push
Mateo,Garcia,mateo.garcia.5984@customer360.test,+1-555-684-6408,active,25-34,Valencia,ES,sms
Rin,Yamada,rin.yamada.5985@customer360.test,+1-555-685-6445,active,25-34,Kyoto,JP,sms
Finn,Anderson,finn.anderson.5986@customer360.test,+1-555-686-6482,active,25-34,Sydney,AU,push
Elena,Ortega,elena.ortega.5987@customer360.test,+1-555-687-6519,active,55-64,Madrid,ES,sms
Luiza,Mendes,luiza.mendes.5988@customer360.test,+1-555-688-6556,active,45-54,Porto Alegre,BR,email
Lucia,Serrano,lucia.serrano.5989@customer360.test,+1-555-689-6593,active,35-44,Mexico City,MX,email
Mio,Kato,mio.kato.5990@customer360.test,+1-555-690-6630,inactive,35-44,Fukuoka,JP,sms
Pablo,Ortega,pablo.ortega.5991@customer360.test,+1-555-691-6667,active,18-24,Barcelona,ES,email
Marie,Brandt,marie.brandt.5992@customer360.test,+1-555-692-6704,active,25-34,Hamburg,DE,push
Chiara Anna,Conti,chiara-anna.conti.5993@customer360.test,+1-555-693-6741,active,18-24,Palermo,IT,email
Davide,Esposito,davide.esposito.5994@customer360.test,+1-555-694-6778,inactive,35-44,Palermo,IT,push
Mariana Clara,Nogueira,mariana-clara.nogueira.5995@customer360.test,+1-555-695-6815,active,25-34,Brasilia,BR,email
Noor Pieter,De Vries,noor-pieter.de-vries.5996@customer360.test,+1-555-696-6852,active,25-34,Utrecht,NL,push
Aditya,Bhat,aditya.bhat.5997@customer360.test,+1-555-697-6889,active,35-44,Kolkata,IN,push
Imogen,Fletcher,imogen.fletcher.5998@customer360.test,+1-555-698-6926,active,18-24,Birmingham,GB,email
Tara Neel,Nair,tara-neel.nair.5999@customer360.test,+1-555-699-6963,active,55-64,Hyderabad,IN,email
Sota,Ito,sota.ito.6000@customer360.test,+1-555-700-7000,active,18-24,Tokyo,JP,email
Renata,Mendoza,renata.mendoza.6001@customer360.test,+1-555-701-7037,active,35-44,Puebla,MX,push
Kaito,Kato,kaito.kato.6002@customer360.test,+1-555-702-7074,active,25-34,Fukuoka,JP,push
Reyansh,Desai,reyansh.desai.6003@customer360.test,+1-555-703-7111,inactive,55-64,Mumbai,IN,sms
Daniel Luis,Castillo,daniel-luis.castillo.6004@customer360.test,+1-555-704-7148,active,25-34,Guadalajara,MX,email
Beatriz,Ribeiro,beatriz.ribeiro.6005@customer360.test,+1-555-705-7185,active,35-44,Sao Paulo,BR,email
Caio,Almeida,caio.almeida.6006@customer360.test,+1-555-706-7222,active,35-44,Brasilia,BR,email
Nana,Takahashi,nana.takahashi.6007@customer360.test,+1-555-707-7259,active,45-54,Kyoto,JP,sms
Valeria,Vega,valeria.vega.6008@customer360.test,+1-555-708-7296,active,35-44,Barcelona,ES,email
Caio,Carvalho,caio.carvalho.6009@customer360.test,+1-555-709-7333,active,18-24,Rio de Janeiro,BR,push
Jonas,Fischer,jonas.fischer.6010@customer360.test,+1-555-710-7370,active,45-54,Stuttgart,DE,email
Sana,Pillai,sana.pillai.6011@customer360.test,+1-555-711-7407,active,45-54,Kochi,IN,push
Diego,Cabrera,diego.cabrera.6012@customer360.test,+1-555-712-7444,active,45-54,Barcelona,ES,email
Arthur,Renard,arthur.renard.6013@customer360.test,+1-555-713-7481,active,18-24,Lyon,FR,sms
Clara,Poirier,clara.poirier.6014@customer360.test,+1-555-714-7518,inactive,25-34,Ottawa,CA,push
Rin Hiro,Kato,rin-hiro.kato.6015@customer360.test,+1-555-715-7555,active,45-54,Tokyo,JP,push
Ethan,Chua,ethan.chua.6016@customer360.test,+1-555-716-7592,active,35-44,Singapore,SG,push
Sana,Saxena,sana.saxena.6017@customer360.test,+1-555-717-7629,active,18-24,Ahmedabad,IN,sms
Zara,Cameron,zara.cameron.6018@customer360.test,+1-555-718-7666,active,45-54,Canberra,AU,email
Lucas,Sinclair,lucas.sinclair.6019@customer360.test,+1-555-719-7703,active,35-44,Calgary,CA,sms
Zoe,Bennett,zoe.bennett.6020@customer360.test,+1-555-720-7740,active,25-34,Atlanta,US,email
Amelie,Girard,amelie.girard.6021@customer360.test,+1-555-721-7777,active,35-44,Paris,FR,sms
Matilda,Hayes,matilda.hayes.6022@customer360.test,+1-555-722-7814,active,25-34,Perth,AU,email
Sofia,Serrano,sofia.serrano.6023@customer360.test,+1-555-723-7851,inactive,18-24,Guadalajara,MX,sms
Miles,Reed,miles.reed.6024@customer360.test,+1-555-724-7888,active,35-44,Chicago,US,sms
Yuto,Nakamura,yuto.nakamura.6025@customer360.test,+1-555-725-7925,active,35-44,Tokyo,JP,push
Nisha,Malhotra,nisha.malhotra.6026@customer360.test,+1-555-726-7962,active,45-54,Chennai,IN,sms
Evie,Chapman,evie.chapman.6027@customer360.test,+1-555-727-7999,active,25-34,Edinburgh,GB,push
Lena,Carter,lena.carter.6028@customer360.test,+1-555-728-8036,active,45-54,Austin,US,sms
Ishaan,Chatterjee,ishaan.chatterjee.6029@customer360.test,+1-555-729-8073,active,35-44,Jaipur,IN,push
Ren Hiro,Sato,ren-hiro.sato.6030@customer360.test,+1-555-730-8110,inactive,35-44,Sapporo,JP,sms
Oscar,Hayes,oscar.hayes.6031@customer360.test,+1-555-731-8147,active,45-54,Sydney,AU,email
Louis,Renard,louis.renard.6032@customer360.test,+1-555-732-8184,active,25-34,Lyon,FR,email
Emiliano,Fuentes,emiliano.fuentes.6033@customer360.test,+1-555-733-8221,active,25-34,Monterrey,MX,push
Emilia Elise,Vogel,emilia-elise.vogel.6034@customer360.test,+1-555-734-8258,active,45-54,Cologne,DE,sms
Mathis,Lefevre,mathis.lefevre.6035@customer360.test,+1-555-735-8295,active,35-44,Nantes,FR,sms
Aarav Neel,Saxena,aarav-neel.saxena.6036@customer360.test,+1-555-736-8332,active,45-54,Hyderabad,IN,sms
Kavya,Malhotra,kavya.malhotra.6037@customer360.test,+1-555-737-8369,active,18-24,Chennai,IN,push
Mila,Hoffmann,mila.hoffmann.6038@customer360.test,+1-555-738-8406,active,55-64,Munich,DE,email
Daniel,Ortega,daniel.ortega.6039@customer360.test,+1-555-739-8443,active,25-34,Merida,MX,push
Camila,Serrano,camila.serrano.6040@customer360.test,+1-555-740-8480,active,35-44,Merida,MX,sms
Camila,Mendoza,camila.mendoza.6041@customer360.test,+1-555-741-8517,active,35-44,Guadalajara,MX,sms
Gabriel,Nogueira,gabriel.nogueira.6042@customer360.test,+1-555-742-8554,active,35-44,Curitiba,BR,sms
Javier,Cervantes,javier.cervantes.6043@customer360.test,+1-555-743-8591,active,45-54,Merida,MX,email
Camille,Morrison,camille.morrison.6044@customer360.test,+1-555-744-8628,active,45-54,Vancouver,CA,push
Sem Marie,Visser,sem-marie.visser.6045@customer360.test,+1-555-745-8665,active,25-34,Eindhoven,NL,push
Maisie,Fletcher,maisie.fletcher.6046@customer360.test,+1-555-746-8702,active,35-44,Leeds,GB,push
Ethan,Lim,ethan.lim.6047@customer360.test,+1-555-747-8739,active,25-34,Singapore,SG,push
Felix,Fischer,felix.fischer.6048@customer360.test,+1-555-748-8776,active,25-34,Berlin,DE,push
Carmen,Serrano,carmen.serrano.6049@customer360.test,+1-555-749-8813,active,25-34,Barcelona,ES,push
Sanne Sofie,Mulder,sanne-sofie.mulder.6050@customer360.test,+1-555-750-8850,active,45-54,Utrecht,NL,push
Owen Claire,Morrison,owen-claire.morrison.6051@customer360.test,+1-555-751-8887,active,35-44,Halifax,CA,sms
Nora,Cooper,nora.cooper.6052@customer360.test,+1-555-752-8924,active,55-64,Chicago,US,email
Mateo Elena,Serrano,mateo-elena.serrano.6053@customer360.test,+1-555-753-8961,active,25-34,Monterrey,MX,email
Reyansh,Malhotra,reyansh.malhotra.6054@customer360.test,+1-555-754-8998,active,35-44,Chennai,IN,sms
Ren,Yoshida,ren.yoshida.6055@customer360.test,+1-555-755-9035,active,18-24,Yokohama,JP,sms
Meera,Nair,meera.nair.6056@customer360.test,+1-555-756-9072,active,45-54,Kolkata,IN,push
Clara,Richter,clara.richter.6057@customer360.test,+1-555-757-9109,active,25-34,Frankfurt,DE,sms
Santiago,Vargas,santiago.vargas.6058@customer360.test,+1-555-758-9146,active,25-34,Merida,MX,sms
Alejandro Luis,Hernandez,alejandro-luis.hernandez.6059@customer360.test,+1-555-759-9183,active,35-44,Monterrey,MX,push
Cheryl,Lee,cheryl.lee.6060@customer360.test,+1-555-760-9220,active,18-24,Singapore,SG,push
Juliette,Lefevre,juliette.lefevre.6061@customer360.test,+1-555-761-9257,active,35-44,Lyon,FR,push
Caio,Carvalho,caio.carvalho.6062@customer360.test,+1-555-762-9294,active,35-44,Sao Paulo,BR,push
Finn,McKenzie,finn.mckenzie.6063@customer360.test,+1-555-763-9331,inactive,35-44,Brisbane,AU,sms
Miles,Parker,miles.parker.6064@customer360.test,+1-555-764-9368,active,45-54,Chicago,US,sms
Hugo James,Harrington,hugo-james.harrington.6065@customer360.test,+1-555-765-9405,active,18-24,Bristol,GB,email
Oliver,Crawford,oliver.crawford.6066@customer360.test,+1-555-766-9442,active,35-44,Manchester,GB,push
Alejandro,Morales,alejandro.morales.6067@customer360.test,+1-555-767-9479,active,45-54,Guadalajara,MX,sms
Marcus,Wong,marcus.wong.6068@customer360.test,+1-555-768-9516,inactive,25-34,Singapore,SG,email
Renata,Delgado,renata.delgado.6069@customer360.test,+1-555-769-9553,active,35-44,Monterrey,MX,email
Oscar James,Fletcher,oscar-james.fletcher.6070@customer360.test,+1-555-770-9590,active,55-64,London,GB,email
Sofia,Reed,sofia.reed.6071@customer360.test,+1-555-771-9627,active,35-44,Portland,US,push
Milan,Jansen,milan.jansen.6072@customer360.test,+1-555-772-9664,active,55-64,Rotterdam,NL,push
Marie,Wagner,marie.wagner.6073@customer360.test,+1-555-773-9701,active,25-34,Frankfurt,DE,email
Avery,Parker,avery.parker.6074@customer360.test,+1-555-774-9738,active,45-54,Atlanta,US,email
Hui Min,Lee,hui-min.lee.6075@customer360.test,+1-555-775-9775,active,25-34,Singapore,SG,sms
Sofia,Rojas,sofia.rojas.6076@customer360.test,+1-555-776-9812,active,18-24,Malaga,ES,push
Aurora,Ferrari,aurora.ferrari.6077@customer360.test,+1-555-777-9849,active,35-44,Milan,IT,sms
Reyansh,Kapoor,reyansh.kapoor.6078@customer360.test,+1-555-778-9886,inactive,25-34,Hyderabad,IN,email
Anaya,Bhat,anaya.bhat.6079@customer360.test,+1-555-779-9923,active,35-44,Jaipur,IN,email
Ishaan,Iyer,ishaan.iyer.6080@customer360.test,+1-555-780-9960,active,18-24,Kochi,IN,email
Valentina Joao,Oliveira,valentina-joao.oliveira.6081@customer360.test,+1-555-781-9997,active,45-54,Rio de Janeiro,BR,push
Sophie,Keller,sophie.keller.6082@customer360.test,+1-555-782-1034,active,55-64,Cologne,DE,sms
Ishaan,Joshi,ishaan.joshi.6083@customer360.test,+1-555-783-1071,active,45-54,Pune,IN,push
Alba,Garcia,alba.garcia.6084@customer360.test,+1-555-784-1108,active,25-34,Madrid,ES,sms
Fleur Jan,Bakker,fleur-jan.bakker.6085@customer360.test,+1-555-785-1145,active,25-34,Eindhoven,NL,sms
Javier,Rios,javier.rios.6086@customer360.test,+1-555-786-1182,active,18-24,Mexico City,MX,email
Noor,De Vries,noor.de-vries.6087@customer360.test,+1-555-787-1219,active,45-54,Groningen,NL,push
Luiza,Almeida,luiza.almeida.6088@customer360.test,+1-555-788-1256,active,55-64,Rio de Janeiro,BR,sms
Ishaan,Pillai,ishaan.pillai.6089@customer360.test,+1-555-789-1293,active,25-34,Jaipur,IN,sms
Marcus,Ismail,marcus.ismail.6090@customer360.test,+1-555-790-1330,inactive,18-24,Singapore,SG,sms
Beatrice Luca,Esposito,beatrice-luca.esposito.6091@customer360.test,+1-555-791-1367,active,55-64,Florence,IT,email
Logan,Cooper,logan.cooper.6092@customer360.test,+1-555-792-1404,active,35-44,Denver,US,email
Arjun,Iyer,arjun.iyer.6093@customer360.test,+1-555-793-1441,active,55-64,Kochi,IN,sms
Avery,Ward,avery.ward.6094@customer360.test,+1-555-794-1478,active,35-44,Seattle,US,sms
Vivaan,Desai,vivaan.desai.6095@customer360.test,+1-555-795-1515,active,55-64,Hyderabad,IN,push
Diego,Iglesias,diego.iglesias.6096@customer360.test,+1-555-796-1552,active,45-54,Valencia,ES,sms
Aditi Raj,Iyer,aditi-raj.iyer.6097@customer360.test,+1-555-797-1589,active,25-34,Ahmedabad,IN,email
Gabriel,Ribeiro,gabriel.ribeiro.6098@customer360.test,+1-555-798-1626,active,45-54,Curitiba,BR,email
Sofia,Lombardi,sofia.lombardi.6099@customer360.test,+1-555-799-1663,active,35-44,Naples,IT,push
Aurora,Marino,aurora.marino.6100@customer360.test,+1-555-800-1700,active,45-54,Bologna,IT,sms
Hina,Yamada,hina.yamada.6101@customer360.test,+1-555-801-1737,active,35-44,Nagoya,JP,sms
Clara,Blanc,clara.blanc.6102@customer360.test,+1-555-802-1774,active,35-44,Bordeaux,FR,push
Reyansh Raj,Kapoor,reyansh-raj.kapoor.6103@customer360.test,+1-555-803-1811,inactive,18-24,Jaipur,IN,sms
Caio,Barbosa,caio.barbosa.6104@customer360.test,+1-555-804-1848,active,35-44,Brasilia,BR,email
Jia En Kai,Koh,jia-en-kai.koh.6105@customer360.test,+1-555-805-1885,inactive,25-34,Singapore,SG,push
Pedro,Carvalho,pedro.carvalho.6106@customer360.test,+1-555-806-1922,inactive,25-34,Sao Paulo,BR,email
Leonie,Dubois,leonie.dubois.6107@customer360.test,+1-555-807-1959,active,18-24,Toulouse,FR,sms
Marco,Romano,marco.romano.6108@customer360.test,+1-555-808-1996,active,18-24,Naples,IT,email
Meera,Malhotra,meera.malhotra.6109@customer360.test,+1-555-809-2033,active,18-24,Bengaluru,IN,sms
Mateo,Ortega,mateo.ortega.6110@customer360.test,+1-555-810-2070,active,18-24,Monterrey,MX,sms
Arjun,Menon,arjun.menon.6111@customer360.test,+1-555-811-2107,active,25-34,Ahmedabad,IN,push
Mila,Kruger,mila.kruger.6112@customer360.test,+1-555-812-2144,active,18-24,Frankfurt,DE,sms
Parker,Bailey,parker.bailey.6113@customer360.test,+1-555-813-2181,active,25-34,Boston,US,push
Aoi,Kato,aoi.kato.6114@customer360.test,+1-555-814-2218,active,55-64,Osaka,JP,sms
Maya,Botha,maya.botha.6115@customer360.test,+1-555-815-2255,active,18-24,Gqeberha,ZA,sms
Hina Miki,Yoshida,hina-miki.yoshida.6116@customer360.test,+1-555-816-2292,active,25-34,Nagoya,JP,email
Liam,Morrison,liam.morrison.6117@customer360.test,+1-555-817-2329,active,25-34,Halifax,CA,email
Leo,Garcia,leo.garcia.6118@customer360.test,+1-555-818-2366,active,35-44,Madrid,ES,push
Lucia,Serrano,lucia.serrano.6119@customer360.test,+1-555-819-2403,active,25-34,Mexico City,MX,sms
Kabir,Kulkarni,kabir.kulkarni.6120@customer360.test,+1-555-820-2440,active,35-44,Kolkata,IN,email
Matilda,Bennett,matilda.bennett.6121@customer360.test,+1-555-821-2477,active,35-44,Adelaide,AU,sms
Nana Ken,Takahashi,nana-ken.takahashi.6122@customer360.test,+1-555-822-2514,active,35-44,Tokyo,JP,email
Cheryl Min,Goh,cheryl-min.goh.6123@customer360.test,+1-555-823-2551,active,18-24,Singapore,SG,email
Quinn,Cooper,quinn.cooper.6124@customer360.test,+1-555-824-2588,inactive,35-44,Chicago,US,sms
Diya,Kapoor,diya.kapoor.6125@customer360.test,+1-555-825-2625,inactive,25-34,Kolkata,IN,email
Maximilian,Becker,maximilian.becker.6126@customer360.test,+1-555-826-2662,inactive,35-44,Stuttgart,DE,sms
Yuto Ken,Kato,yuto-ken.kato.6127@customer360.test,+1-555-827-2699,active,25-34,Nagoya,JP,email
Elias,Bennett,elias.bennett.6128@customer360.test,+1-555-828-2736,active,45-54,Calgary,CA,sms
Aarav,Kulkarni,aarav.kulkarni.6129@customer360.test,+1-555-829-2773,active,18-24,Kolkata,IN,sms
Noah,Fraser,noah.fraser.6130@customer360.test,+1-555-830-2810,active,35-44,Vancouver,CA,sms
Oscar,Bennett,oscar.bennett.6131@customer360.test,+1-555-831-2847,active,35-44,Hobart,AU,push
Caleb,Mitchell,caleb.mitchell.6132@customer360.test,+1-555-832-2884,active,18-24,Philadelphia,US,sms
Camila,Cervantes,camila.cervantes.6133@customer360.test,+1-555-833-2921,active,55-64,Mexico City,MX,sms
Kabir,Joshi,kabir.joshi.6134@customer360.test,+1-555-834-2958,active,25-34,Chennai,IN,sms
Rin,Yoshida,rin.yoshida.6135@customer360.test,+1-555-835-2995,inactive,55-64,Fukuoka,JP,email
Davide,Marino,davide.marino.6136@customer360.test,+1-555-836-3032,active,18-24,Rome,IT,sms
Anaya,Kulkarni,anaya.kulkarni.6137@customer360.test,+1-555-837-3069,active,18-24,Jaipur,IN,push
Lucia,Rojas,lucia.rojas.6138@customer360.test,+1-555-838-3106,active,25-34,Seville,ES,email
Reyansh,Iyer,reyansh.iyer.6139@customer360.test,+1-555-839-3143,active,45-54,Ahmedabad,IN,email
Maisie,Fletcher,maisie.fletcher.6140@customer360.test,+1-555-840-3180,active,35-44,Bristol,GB,sms
Manon,Chevalier,manon.chevalier.6141@customer360.test,+1-555-841-3217,active,35-44,Lille,FR,push
Mia,Reid,mia.reid.6142@customer360.test,+1-555-842-3254,active,18-24,Brisbane,AU,push
Riley Kai,Ward,riley-kai.ward.6143@customer360.test,+1-555-843-3291,active,25-34,San Diego,US,sms
Enzo,Martins,enzo.martins.6144@customer360.test,+1-555-844-3328,active,25-34,Sao Paulo,BR,push
Kabir,Kulkarni,kabir.kulkarni.6145@customer360.test,+1-555-845-3365,active,25-34,Bengaluru,IN,email
Sofia,Cervantes,sofia.cervantes.6146@customer360.test,+1-555-846-3402,active,55-64,Merida,MX,sms
Lena,Hoffmann,lena.hoffmann.6147@customer360.test,+1-555-847-3439,active,35-44,Berlin,DE,sms
Camila,Navarro,camila.navarro.6148@customer360.test,+1-555-848-3476,active,25-34,Monterrey,MX,sms
Kabir,Kapoor,kabir.kapoor.6149@customer360.test,+1-555-849-3513,inactive,25-34,Hyderabad,IN,email
Ethan Nia,Naidoo,ethan-nia.naidoo.6150@customer360.test,+1-555-850-3550,active,25-34,Bloemfontein,ZA,push
Diego Jose,Ortega,diego-jose.ortega.6151@customer360.test,+1-555-851-3587,active,25-34,Barcelona,ES,email
Mio,Ito,mio.ito.6152@customer360.test,+1-555-852-3624,active,35-44,Osaka,JP,sms
Harper,Turner,harper.turner.6153@customer360.test,+1-555-853-3661,active,25-34,Atlanta,US,email
Alba,Cabrera,alba.cabrera.6154@customer360.test,+1-555-854-3698,active,25-34,Malaga,ES,email
Marie Anne,Fischer,marie-anne.fischer.6155@customer360.test,+1-555-855-3735,active,25-34,Stuttgart,DE,email
Maisie,Fletcher,maisie.fletcher.6156@customer360.test,+1-555-856-3772,active,35-44,Birmingham,GB,push
Theo,Dubois,theo.dubois.6157@customer360.test,+1-555-857-3809,active,18-24,Toulouse,FR,sms
Diego,Navarro,diego.navarro.6158@customer360.test,+1-555-858-3846,active,18-24,Valencia,ES,push
Quinn,Carter,quinn.carter.6159@customer360.test,+1-555-859-3883,active,55-64,Austin,US,sms
Luiza,Oliveira,luiza.oliveira.6160@customer360.test,+1-555-860-3920,active,55-64,Salvador,BR,push
Amara Grace,Mthembu,amara-grace.mthembu.6161@customer360.test,+1-555-861-3957,active,35-44,Gqeberha,ZA,push
Ishaan,Nair,ishaan.nair.6162@customer360.test,+1-555-862-3994,active,35-44,Pune,IN,sms
Oscar Grace,Morgan,oscar-grace.morgan.6163@customer360.test,+1-555-863-4031,active,45-54,Canberra,AU,push
Valeria,Vidal,valeria.vidal.6164@customer360.test,+1-555-864-4068,active,25-34,Malaga,ES,sms
Yuto,Tanaka,yuto.tanaka.6165@customer360.test,+1-555-865-4105,active,35-44,Fukuoka,JP,push
Cheryl,Lim,cheryl.lim.6166@customer360.test,+1-555-866-4142,active,35-44,Singapore,SG,email
Camila,Fuentes,camila.fuentes.6167@customer360.test,+1-555-867-4179,active,45-54,Puebla,MX,push
Thiago,Ribeiro,thiago.ribeiro.6168@customer360.test,+1-555-868-4216,active,18-24,Salvador,BR,email
Cheryl,Chua,cheryl.chua.6169@customer360.test,+1-555-869-4253,active,25-34,Singapore,SG,sms
Martin,Serrano,martin.serrano.6170@customer360.test,+1-555-870-4290,active,25-34,Madrid,ES,sms
Daan,Vos,daan.vos.6171@customer360.test,+1-555-871-4327,active,55-64,Eindhoven,NL,push
Gabriel,Renard,gabriel.renard.6172@customer360.test,+1-555-872-4364,active,45-54,Lille,FR,sms
Hui Min,Chua,hui-min.chua.6173@customer360.test,+1-555-873-4401,active,25-34,Singapore,SG,email
Arthur Louise,Griffiths,arthur-louise.griffiths.6174@customer360.test,+1-555-874-4438,active,18-24,Manchester,GB,push
Ines Marie,Fontaine,ines-marie.fontaine.6175@customer360.test,+1-555-875-4475,active,25-34,Toulouse,FR,push
Sofia,Carter,sofia.carter.6176@customer360.test,+1-555-876-4512,active,18-24,Seattle,US,push
Alfie James,Ellis,alfie-james.ellis.6177@customer360.test,+1-555-877-4549,active,18-24,Leeds,GB,sms
Nora,Reed,nora.reed.6178@customer360.test,+1-555-878-4586,active,25-34,Boston,US,sms
Leon,Wagner,leon.wagner.6179@customer360.test,+1-555-879-4623,active,25-34,Berlin,DE,email
Leo,Vidal,leo.vidal.6180@customer360.test,+1-555-880-4660,active,35-44,Valencia,ES,sms
Lucas,Barbosa,lucas.barbosa.6181@customer360.test,+1-555-881-4697,active,25-34,Curitiba,BR,push
Sofia,Russell,sofia.russell.6182@customer360.test,+1-555-882-4734,active,35-44,Portland,US,push
Noah Johann,Neumann,noah-johann.neumann.6183@customer360.test,+1-555-883-4771,active,35-44,Hamburg,DE,sms
Elliot Rose,Hayes,elliot-rose.hayes.6184@customer360.test,+1-555-884-4808,active,35-44,Hobart,AU,email
Nora,Ward,nora.ward.6185@customer360.test,+1-555-885-4845,active,25-34,Denver,US,push
Marcus,Ismail,marcus.ismail.6186@customer360.test,+1-555-886-4882,active,25-34,Singapore,SG,email
Marie,Neumann,marie.neumann.6187@customer360.test,+1-555-887-4919,active,18-24,Berlin,DE,email
Imogen James,Hughes,imogen-james.hughes.6188@customer360.test,+1-555-888-4956,active,35-44,Manchester,GB,email
Martin,Iglesias,martin.iglesias.6189@customer360.test,+1-555-889-4993,active,55-64,Seville,ES,sms
Nina,Smit,nina.smit.6190@customer360.test,+1-555-890-5030,active,35-44,Utrecht,NL,push
Miles,Ward,miles.ward.6191@customer360.test,+1-555-891-5067,active,35-44,San Diego,US,push
Mila Anne,Hartmann,mila-anne.hartmann.6192@customer360.test,+1-555-892-5104,active,55-64,Frankfurt,DE,push
Beatrice Giovanni,Conti,beatrice-giovanni.conti.6193@customer360.test,+1-555-893-5141,active,35-44,Palermo,IT,email
Taylor,Bailey,taylor.bailey.6194@customer360.test,+1-555-894-5178,active,25-34,Denver,US,push
Ruby,Bennett,ruby.bennett.6195@customer360.test,+1-555-895-5215,active,25-34,Edinburgh,GB,email
Baptiste,Laurent,baptiste.laurent.6196@customer360.test,+1-555-896-5252,active,18-24,Paris,FR,push
Arthur,Laurent,arthur.laurent.6197@customer360.test,+1-555-897-5289,active,18-24,Toulouse,FR,push
Gabriel,Barbosa,gabriel.barbosa.6198@customer360.test,+1-555-898-5326,inactive,25-34,Rio de Janeiro,BR,email
Nora,Bailey,nora.bailey.6199@customer360.test,+1-555-899-5363,active,35-44,Minneapolis,US,sms
Arthur Jane,Fletcher,arthur-jane.fletcher.6200@customer360.test,+1-555-900-5400,active,35-44,London,GB,email
Leah,Fournier,leah.fournier.6201@customer360.test,+1-555-901-5437,active,45-54,Calgary,CA,email
Mateo,Cabrera,mateo.cabrera.6202@customer360.test,+1-555-902-5474,active,45-54,Malaga,ES,push
Aoi,Yamamoto,aoi.yamamoto.6203@customer360.test,+1-555-903-5511,active,25-34,Sapporo,JP,push
Kabir,Saxena,kabir.saxena.6204@customer360.test,+1-555-904-5548,inactive,18-24,Mumbai,IN,sms
Kai Wen,Goh,kai-wen.goh.6205@customer360.test,+1-555-905-5585,active,25-34,Singapore,SG,email
Hamish Grace,Hayes,hamish-grace.hayes.6206@customer360.test,+1-555-906-5622,inactive,25-34,Brisbane,AU,sms
Sofia Luis,Marin,sofia-luis.marin.6207@customer360.test,+1-555-907-5659,active,35-44,Barcelona,ES,email
Logan,Russell,logan.russell.6208@customer360.test,+1-555-908-5696,active,35-44,Boston,US,push
Elliot,Bennett,elliot.bennett.6209@customer360.test,+1-555-909-5733,active,18-24,Canberra,AU,push
Ishita,Kapoor,ishita.kapoor.6210@customer360.test,+1-555-910-5770,active,45-54,Hyderabad,IN,sms
Louis Jean,Laurent,louis-jean.laurent.6211@customer360.test,+1-555-911-5807,active,25-34,Lille,FR,email
Sophie,Becker,sophie.becker.6212@customer360.test,+1-555-912-5844,active,55-64,Stuttgart,DE,push
Camila,Hernandez,camila.hernandez.6213@customer360.test,+1-555-913-5881,active,45-54,Guadalajara,MX,sms
Thabo,Botha,thabo.botha.6214@customer360.test,+1-555-914-5918,active,35-44,Bloemfontein,ZA,email
Elisa,Lombardi,elisa.lombardi.6215@customer360.test,+1-555-915-5955,active,45-54,Florence,IT,email
Julian,Fraser,julian.fraser.6216@customer360.test,+1-555-916-5992,inactive,25-34,Halifax,CA,push
Vivaan,Rao,vivaan.rao.6217@customer360.test,+1-555-917-6029,active,25-34,Kochi,IN,email
Amelie,Fontaine,amelie.fontaine.6218@customer360.test,+1-555-918-6066,active,25-34,Toulouse,FR,push
Lena,Mitchell,lena.mitchell.6219@customer360.test,+1-555-919-6103,active,25-34,Denver,US,sms
Miles,Foster,miles.foster.6220@customer360.test,+1-555-920-6140,inactive,25-34,San Diego,US,email
Haruto,Tanaka,haruto.tanaka.6221@customer360.test,+1-555-921-6177,active,18-24,Nagoya,JP,sms
George Jane,Hughes,george-jane.hughes.6222@customer360.test,+1-555-922-6214,active,18-24,Glasgow,GB,email
Yui,Takahashi,yui.takahashi.6223@customer360.test,+1-555-923-6251,active,25-34,Yokohama,JP,sms
Jonas,Hartmann,jonas.hartmann.6224@customer360.test,+1-555-924-6288,active,55-64,Munich,DE,sms
Elena,Serrano,elena.serrano.6225@customer360.test,+1-555-925-6325,active,25-34,Mexico City,MX,push
Yuto,Yamada,yuto.yamada.6226@customer360.test,+1-555-926-6362,active,45-54,Nagoya,JP,push
Arjun Jia,Tan,arjun-jia.tan.6227@customer360.test,+1-555-927-6399,active,45-54,Singapore,SG,push
Emilia,Neumann,emilia.neumann.6228@customer360.test,+1-555-928-6436,active,35-44,Frankfurt,DE,email
Sofia,Bailey,sofia.bailey.6229@customer360.test,+1-555-929-6473,active,25-34,Seattle,US,push
Sem,Van Dijk,sem.van-dijk.6230@customer360.test,+1-555-930-6510,active,35-44,Groningen,NL,push
Mateo,Rios,mateo.rios.6231@customer360.test,+1-555-931-6547,active,18-24,Merida,MX,sms
Thiago Joao,Almeida,thiago-joao.almeida.6232@customer360.test,+1-555-932-6584,active,25-34,Curitiba,BR,email
Riku,Sato,riku.sato.6233@customer360.test,+1-555-933-6621,active,18-24,Tokyo,JP,push
Isla,Reid,isla.reid.6234@customer360.test,+1-555-934-6658,active,45-54,Sydney,AU,email
Ethan Min,Tan,ethan-min.tan.6235@customer360.test,+1-555-935-6695,active,25-34,Singapore,SG,email
Lena Lee,Brooks,lena-lee.brooks.6236@customer360.test,+1-555-936-6732,active,55-64,San Diego,US,sms
Fleur,Visser,fleur.visser.6237@customer360.test,+1-555-937-6769,active,55-64,Eindhoven,NL,sms
Alice,Lombardi,alice.lombardi.6238@customer360.test,+1-555-938-6806,active,25-34,Palermo,IT,push
Avery,Foster,avery.foster.6239@customer360.test,+1-555-939-6843,active,55-64,Minneapolis,US,email
Elias,Poirier,elias.poirier.6240@customer360.test,+1-555-940-6880,active,35-44,Toronto,CA,sms
Taylor,Foster,taylor.foster.6241@customer360.test,+1-555-941-6917,active,55-64,Seattle,US,sms
Sofia,Romano,sofia.romano.6242@customer360.test,+1-555-942-6954,active,25-34,Bologna,IT,email
Beatriz Joao,Almeida,beatriz-joao.almeida.6243@customer360.test,+1-555-943-6991,active,25-34,Porto Alegre,BR,email
Bram,Meijer,bram.meijer.6244@customer360.test,+1-555-944-7028,inactive,45-54,Eindhoven,NL,push
Lwazi,Naidoo,lwazi.naidoo.6245@customer360.test,+1-555-945-7065,active,25-34,Cape Town,ZA,email
Aurora,Rossi,aurora.rossi.6246@customer360.test,+1-555-946-7102,active,18-24,Palermo,IT,email
Daniel,Rojas,daniel.rojas.6247@customer360.test,+1-555-947-7139,active,25-34,Valencia,ES,email
Elisa,Costa,elisa.costa.6248@customer360.test,+1-555-948-7176,active,45-54,Palermo,IT,sms
Morgan,Bennett,morgan.bennett.6249@customer360.test,+1-555-949-7213,active,25-34,Chicago,US,email
Zinhle,Pillay,zinhle.pillay.6250@customer360.test,+1-555-950-7250,active,45-54,Gqeberha,ZA,sms
Sofia,Collins,sofia.collins.6251@customer360.test,+1-555-951-7287,active,18-24,Denver,US,push
Mio,Watanabe,mio.watanabe.6252@customer360.test,+1-555-952-7324,active,25-34,Sapporo,JP,email
Ines,Fontaine,ines.fontaine.6253@customer360.test,+1-555-953-7361,active,45-54,Bordeaux,FR,email
Mateus,Nogueira,mateus.nogueira.6254@customer360.test,+1-555-954-7398,inactive,25-34,Sao Paulo,BR,sms
Ruby Louise,Whitmore,ruby-louise.whitmore.6255@customer360.test,+1-555-955-7435,active,45-54,Manchester,GB,email
Daiki,Yamada,daiki.yamada.6256@customer360.test,+1-555-956-7472,active,35-44,Kyoto,JP,push
Noah,Hartmann,noah.hartmann.6257@customer360.test,+1-555-957-7509,active,25-34,Frankfurt,DE,email
Taylor,Ward,taylor.ward.6258@customer360.test,+1-555-958-7546,active,35-44,Philadelphia,US,email
Nur,Goh,nur.goh.6259@customer360.test,+1-555-959-7583,active,18-24,Singapore,SG,sms
Finn Anne,Richter,finn-anne.richter.6260@customer360.test,+1-555-960-7620,active,55-64,Stuttgart,DE,sms
Marcus,Ismail,marcus.ismail.6261@customer360.test,+1-555-961-7657,inactive,45-54,Singapore,SG,sms
Hugo,Garcia,hugo.garcia.6262@customer360.test,+1-555-962-7694,active,55-64,Seville,ES,sms
Valeria,Castillo,valeria.castillo.6263@customer360.test,+1-555-963-7731,active,45-54,Mexico City,MX,email
Riley,Bennett,riley.bennett.6264@customer360.test,+1-555-964-7768,active,45-54,Portland,US,sms
Maya,Russell,maya.russell.6265@customer360.test,+1-555-965-7805,active,18-24,Atlanta,US,email
Ines,Blanc,ines.blanc.6266@customer360.test,+1-555-966-7842,active,25-34,Bordeaux,FR,push
Ayanda,Nkosi,ayanda.nkosi.6267@customer360.test,+1-555-967-7879,inactive,25-34,Pretoria,ZA,sms
Sofia,Hernandez,sofia.hernandez.6268@customer360.test,+1-555-968-7916,active,25-34,Guadalajara,MX,email
Harper,Brooks,harper.brooks.6269@customer360.test,+1-555-969-7953,active,45-54,Minneapolis,US,sms
Sana,Bhat,sana.bhat.6270@customer360.test,+1-555-970-7990,active,35-44,Kolkata,IN,push
Aditi,Mehta,aditi.mehta.6271@customer360.test,+1-555-971-8027,active,35-44,Ahmedabad,IN,push
Darren,Koh,darren.koh.6272@customer360.test,+1-555-972-8064,active,45-54,Singapore,SG,email
Lucia,Morales,lucia.morales.6273@customer360.test,+1-555-973-8101,active,25-34,Puebla,MX,sms
Davide,Romano,davide.romano.6274@customer360.test,+1-555-974-8138,active,25-34,Milan,IT,push
Isla,Crawford,isla.crawford.6275@customer360.test,+1-555-975-8175,active,25-34,Edinburgh,GB,sms
Julian,Beaulieu,julian.beaulieu.6276@customer360.test,+1-555-976-8212,active,55-64,Halifax,CA,sms
Thabo,Mthembu,thabo.mthembu.6277@customer360.test,+1-555-977-8249,active,45-54,Gqeberha,ZA,push
Aditi,Menon,aditi.menon.6278@customer360.test,+1-555-978-8286,active,35-44,Ahmedabad,IN,push
Evie,Fletcher,evie.fletcher.6279@customer360.test,+1-555-979-8323,active,25-34,Leeds,GB,push
Alejandro,Fuentes,alejandro.fuentes.6280@customer360.test,+1-555-980-8360,active,35-44,Mexico City,MX,push
Hamish,Hughes,hamish.hughes.6281@customer360.test,+1-555-981-8397,active,45-54,Sydney,AU,push
Anaya Raj,Saxena,anaya-raj.saxena.6282@customer360.test,+1-555-982-8434,active,18-24,Bengaluru,IN,email
Cameron,Reed,cameron.reed.6283@customer360.test,+1-555-983-8471,active,55-64,San Diego,US,push
Caleb James,Mitchell,caleb-james.mitchell.6284@customer360.test,+1-555-984-8508,inactive,45-54,Atlanta,US,sms
Mila,Kruger,mila.kruger.6285@customer360.test,+1-555-985-8545,active,35-44,Munich,DE,push
Mei Lin,Teo,mei-lin.teo.6286@customer360.test,+1-555-986-8582,active,18-24,Singapore,SG,email
Martin,Ortega,martin.ortega.6287@customer360.test,+1-555-987-8619,active,18-24,Malaga,ES,email
Enzo,Almeida,enzo.almeida.6288@customer360.test,+1-555-988-8656,active,25-34,Brasilia,BR,email
Maisie,Bennett,maisie.bennett.6289@customer360.test,+1-555-989-8693,active,25-34,Edinburgh,GB,sms
Miles Kai,Morgan,miles-kai.morgan.6290@customer360.test,+1-555-990-8730,active,55-64,Portland,US,sms
Fleur,Smit,fleur.smit.6291@customer360.test,+1-555-991-8767,active,25-34,The Hague,NL,email
Lucas,Fournier,lucas.fournier.6292@customer360.test,+1-555-992-8804,inactive,18-24,Halifax,CA,email
Aurora,Marino,aurora.marino.6293@customer360.test,+1-555-993-8841,inactive,25-34,Palermo,IT,email
Amelie,Richter,amelie.richter.6294@customer360.test,+1-555-994-8878,active,35-44,Munich,DE,email
Gabriel,Rousseau,gabriel.rousseau.6295@customer360.test,+1-555-995-8915,active,35-44,Nantes,FR,sms
George,Crawford,george.crawford.6296@customer360.test,+1-555-996-8952,active,35-44,Leeds,GB,push
Aurora,Romano,aurora.romano.6297@customer360.test,+1-555-997-8989,active,35-44,Florence,IT,push
Ayanda,Naidoo,ayanda.naidoo.6298@customer360.test,+1-555-998-9026,active,35-44,Cape Town,ZA,email
Enzo,Costa,enzo.costa.6299@customer360.test,+1-555-999-9063,active,25-34,Salvador,BR,push
Jesse Pieter,Smit,jesse-pieter.smit.6300@customer360.test,+1-555-100-9100,active,25-34,The Hague,NL,push
Julian Marie,Lavoie,julian-marie.lavoie.6301@customer360.test,+1-555-101-9137,active,25-34,Vancouver,CA,push
Giulia,Marino,giulia.marino.6302@customer360.test,+1-555-102-9174,active,25-34,Milan,IT,push
Arjun Dev,Desai,arjun-dev.desai.6303@customer360.test,+1-555-103-9211,active,35-44,Hyderabad,IN,sms
Julian,Campbell,julian.campbell.6304@customer360.test,+1-555-104-9248,active,25-34,Montreal,CA,email
Juliette,Blanc,juliette.blanc.6305@customer360.test,+1-555-105-9285,active,18-24,Lille,FR,push
Mathis,Renard,mathis.renard.6306@customer360.test,+1-555-106-9322,active,25-34,Toulouse,FR,push
Rafael,Almeida,rafael.almeida.6307@customer360.test,+1-555-107-9359,active,25-34,Recife,BR,sms
Mateus Luiz,Ribeiro,mateus-luiz.ribeiro.6308@customer360.test,+1-555-108-9396,active,55-64,Salvador,BR,push
Vivaan,Desai,vivaan.desai.6309@customer360.test,+1-555-109-9433,active,25-34,Pune,IN,email
Mateo Jose,Castillo,mateo-jose.castillo.6310@customer360.test,+1-555-110-9470,active,55-64,Puebla,MX,push
Diya,Sharma,diya.sharma.6311@customer360.test,+1-555-111-9507,active,55-64,Hyderabad,IN,sms
Lucas Jan,Meijer,lucas-jan.meijer.6312@customer360.test,+1-555-112-9544,active,45-54,Utrecht,NL,email
Daniel Maria,Cervantes,daniel-maria.cervantes.6313@customer360.test,+1-555-113-9581,active,45-54,Merida,MX,email
Sanne,Meijer,sanne.meijer.6314@customer360.test,+1-555-114-9618,active,45-54,Utrecht,NL,sms
Rohan,Saxena,rohan.saxena.6315@customer360.test,+1-555-115-9655,active,45-54,Chennai,IN,sms
Manon,Rousseau,manon.rousseau.6316@customer360.test,+1-555-116-9692,active,25-34,Bordeaux,FR,sms
Chloe,Fontaine,chloe.fontaine.6317@customer360.test,+1-555-117-9729,active,25-34,Toulouse,FR,push
Vihaan,Pillai,vihaan.pillai.6318@customer360.test,+1-555-118-9766,inactive,35-44,Kochi,IN,sms
Imogen Rose,Crawford,imogen-rose.crawford.6319@customer360.test,+1-555-119-9803,active,18-24,Birmingham,GB,email
Helena,Mendes,helena.mendes.6320@customer360.test,+1-555-120-9840,active,55-64,Rio de Janeiro,BR,email
Theo,Griffiths,theo.griffiths.6321@customer360.test,+1-555-121-9877,inactive,25-34,Leeds,GB,push
Camille,Campbell,camille.campbell.6322@customer360.test,+1-555-122-9914,active,35-44,Calgary,CA,sms
Aditya,Sharma,aditya.sharma.6323@customer360.test,+1-555-123-9951,active,25-34,Kolkata,IN,sms
Elliot,Sullivan,elliot.sullivan.6324@customer360.test,+1-555-124-9988,active,25-34,Hobart,AU,email
Davide,Conti,davide.conti.6325@customer360.test,+1-555-125-1025,active,35-44,Florence,IT,push
Nandi,Nkosi,nandi.nkosi.6326@customer360.test,+1-555-126-1062,active,45-54,Johannesburg,ZA,sms
Oscar,Fletcher,oscar.fletcher.6327@customer360.test,+1-555-127-1099,active,18-24,Bristol,GB,push
Elias,Beaulieu,elias.beaulieu.6328@customer360.test,+1-555-128-1136,active,18-24,Calgary,CA,email
Callum,Bennett,callum.bennett.6329@customer360.test,+1-555-129-1173,active,35-44,Perth,AU,sms
Sota,Yamamoto,sota.yamamoto.6330@customer360.test,+1-555-130-1210,active,45-54,Osaka,JP,sms
Valeria,Serrano,valeria.serrano.6331@customer360.test,+1-555-131-1247,active,25-34,Queretaro,MX,email
Vihaan Neel,Kapoor,vihaan-neel.kapoor.6332@customer360.test,+1-555-132-1284,active,25-34,Kolkata,IN,email
Ren,Watanabe,ren.watanabe.6333@customer360.test,+1-555-133-1321,active,35-44,Fukuoka,JP,push
Nadia,Lim,nadia.lim.6334@customer360.test,+1-555-134-1358,active,35-44,Singapore,SG,push
Rafael,Oliveira,rafael.oliveira.6335@customer360.test,+1-555-135-1395,active,45-54,Sao Paulo,BR,push
Finn Marie,Bakker,finn-marie.bakker.6336@customer360.test,+1-555-136-1432,active,55-64,Utrecht,NL,sms
Leah Marie,Mercer,leah-marie.mercer.6337@customer360.test,+1-555-137-1469,inactive,25-34,Vancouver,CA,push
Jesse,Jansen,jesse.jansen.6338@customer360.test,+1-555-138-1506,active,18-24,Rotterdam,NL,email
Clara,Renard,clara.renard.6339@customer360.test,+1-555-139-1543,active,25-34,Toulouse,FR,push
Elena,Castillo,elena.castillo.6340@customer360.test,+1-555-140-1580,active,18-24,Guadalajara,MX,email
Sofia,Hayes,sofia.hayes.6341@customer360.test,+1-555-141-1617,active,35-44,Austin,US,email
Giulia,Ricci,giulia.ricci.6342@customer360.test,+1-555-142-1654,active,18-24,Rome,IT,push
Gabriele,Moretti,gabriele.moretti.6343@customer360.test,+1-555-143-1691,active,25-34,Milan,IT,sms
Hugo James,Chapman,hugo-james.chapman.6344@customer360.test,+1-555-144-1728,active,25-34,London,GB,sms
Lachlan,Hayes,lachlan.hayes.6345@customer360.test,+1-555-145-1765,active,25-34,Canberra,AU,push
Hina,Kato,hina.kato.6346@customer360.test,+1-555-146-1802,active,18-24,Fukuoka,JP,email
Javier,Delgado,javier.delgado.6347@customer360.test,+1-555-147-1839,active,55-64,Queretaro,MX,push
Tess,Meijer,tess.meijer.6348@customer360.test,+1-555-148-1876,active,25-34,Groningen,NL,push
Daniel,Mendoza,daniel.mendoza.6349@customer360.test,+1-555-149-1913,active,18-24,Merida,MX,push
Bram,De Boer,bram.de-boer.6350@customer360.test,+1-555-150-1950,active,25-34,The Hague,NL,push
Maisie,Griffiths,maisie.griffiths.6351@customer360.test,+1-555-151-1987,active,55-64,London,GB,push
Maya,Foster,maya.foster.6352@customer360.test,+1-555-152-2024,active,18-24,Denver,US,push
Lotte,Bos,lotte.bos.6353@customer360.test,+1-555-153-2061,active,45-54,Eindhoven,NL,push
Matteo,Bianchi,matteo.bianchi.6354@customer360.test,+1-555-154-2098,active,18-24,Palermo,IT,sms
Valentina,Ferreira,valentina.ferreira.6355@customer360.test,+1-555-155-2135,active,45-54,Salvador,BR,email
Freya,Harrington,freya.harrington.6356@customer360.test,+1-555-156-2172,active,55-64,Manchester,GB,sms
Nora,Hayes,nora.hayes.6357@customer360.test,+1-555-157-2209,active,18-24,Austin,US,email
Sem,Vos,sem.vos.6358@customer360.test,+1-555-158-2246,active,35-44,The Hague,NL,email
Leon,Fischer,leon.fischer.6359@customer360.test,+1-555-159-2283,active,18-24,Berlin,DE,email
Zoe,Ward,zoe.ward.6360@customer360.test,+1-555-160-2320,active,45-54,Denver,US,email
Naledi,Mokoena,naledi.mokoena.6361@customer360.test,+1-555-161-2357,active,25-34,Cape Town,ZA,push
Rohan,Menon,rohan.menon.6362@customer360.test,+1-555-162-2394,active,25-34,Jaipur,IN,sms
Naomi,Mitchell,naomi.mitchell.6363@customer360.test,+1-555-163-2431,active,25-34,Philadelphia,US,sms
Mariana,Ferreira,mariana.ferreira.6364@customer360.test,+1-555-164-2468,active,18-24,Brasilia,BR,sms
Hui Min,Ong,hui-min.ong.6365@customer360.test,+1-555-165-2505,active,25-34,Singapore,SG,push
Sofia,Iglesias,sofia.iglesias.6366@customer360.test,+1-555-166-2542,active,45-54,Valencia,ES,email
Aarav,Menon,aarav.menon.6367@customer360.test,+1-555-167-2579,active,25-34,Ahmedabad,IN,email
Julian Marie,Sinclair,julian-marie.sinclair.6368@customer360.test,+1-555-168-2616,active,55-64,Toronto,CA,email
Vivaan,Rao,vivaan.rao.6369@customer360.test,+1-555-169-2653,active,55-64,Mumbai,IN,sms
Gabriel,Almeida,gabriel.almeida.6370@customer360.test,+1-555-170-2690,active,45-54,Sao Paulo,BR,push
Camille,Renard,camille.renard.6371@customer360.test,+1-555-171-2727,active,18-24,Nantes,FR,email
Leon,Neumann,leon.neumann.6372@customer360.test,+1-555-172-2764,active,35-44,Stuttgart,DE,email
Sofia Luis,Rios,sofia-luis.rios.6373@customer360.test,+1-555-173-2801,active,25-34,Merida,MX,push
Ren,Yoshida,ren.yoshida.6374@customer360.test,+1-555-174-2838,active,45-54,Yokohama,JP,push
Beatriz,Oliveira,beatriz.oliveira.6375@customer360.test,+1-555-175-2875,active,25-34,Recife,BR,email
Amelie,Hartmann,amelie.hartmann.6376@customer360.test,+1-555-176-2912,active,25-34,Munich,DE,email
Kaito,Yamamoto,kaito.yamamoto.6377@customer360.test,+1-555-177-2949,active,55-64,Fukuoka,JP,sms
Clara Claire,Bennett,clara-claire.bennett.6378@customer360.test,+1-555-178-2986,inactive,45-54,Ottawa,CA,push
Nadia,Rahman,nadia.rahman.6379@customer360.test,+1-555-179-3023,active,18-24,Singapore,SG,email
Lucas,De Vries,lucas.de-vries.6380@customer360.test,+1-555-180-3060,active,25-34,Amsterdam,NL,sms
Aditi,Kapoor,aditi.kapoor.6381@customer360.test,+1-555-181-3097,active,25-34,Kochi,IN,email
Aurora,Lombardi,aurora.lombardi.6382@customer360.test,+1-555-182-3134,active,35-44,Florence,IT,email
Marco,Ferrari,marco.ferrari.6383@customer360.test,+1-555-183-3171,active,25-34,Milan,IT,push
Hui Min,Goh,hui-min.goh.6384@customer360.test,+1-555-184-3208,active,45-54,Singapore,SG,push
Hui Min,Ismail,hui-min.ismail.6385@customer360.test,+1-555-185-3245,active,35-44,Singapore,SG,push
Eva,De Boer,eva.de-boer.6386@customer360.test,+1-555-186-3282,inactive,25-34,Rotterdam,NL,sms
Baptiste,Renard,baptiste.renard.6387@customer360.test,+1-555-187-3319,active,25-34,Lille,FR,push
Caleb,Reed,caleb.reed.6388@customer360.test,+1-555-188-3356,active,45-54,Atlanta,US,push
Nora,Carter,nora.carter.6389@customer360.test,+1-555-189-3393,active,55-64,Atlanta,US,sms
Alejandro,Navarro,alejandro.navarro.6390@customer360.test,+1-555-190-3430,active,35-44,Puebla,MX,sms
Arjun Riya,Iyer,arjun-riya.iyer.6391@customer360.test,+1-555-191-3467,active,55-64,Kochi,IN,push
Noor,Jansen,noor.jansen.6392@customer360.test,+1-555-192-3504,active,18-24,Amsterdam,NL,push
Helena Clara,Costa,helena-clara.costa.6393@customer360.test,+1-555-193-3541,active,25-34,Curitiba,BR,email
Eva,Smit,eva.smit.6394@customer360.test,+1-555-194-3578,active,18-24,Utrecht,NL,email
Valentina Luiz,Ribeiro,valentina-luiz.ribeiro.6395@customer360.test,+1-555-195-3615,active,25-34,Porto Alegre,BR,sms
Arthur,Fontaine,arthur.fontaine.6396@customer360.test,+1-555-196-3652,inactive,45-54,Nantes,FR,sms
Mariana,Serrano,mariana.serrano.6397@customer360.test,+1-555-197-3689,active,25-34,Queretaro,MX,sms
Ruby,Sinclair,ruby.sinclair.6398@customer360.test,+1-555-198-3726,active,45-54,Bristol,GB,email
Mei Lin,Rahman,mei-lin.rahman.6399@customer360.test,+1-555-199-3763,active,25-34,Singapore,SG,push
Diego Luis,Vargas,diego-luis.vargas.6400@customer360.test,+1-555-200-3800,active,18-24,Merida,MX,email
Sofia,Collins,sofia.collins.6401@customer360.test,+1-555-201-3837,active,25-34,Austin,US,email
Sipho Lee,Naidoo,sipho-lee.naidoo.6402@customer360.test,+1-555-202-3874,active,35-44,Johannesburg,ZA,sms
Diya,Pillai,diya.pillai.6403@customer360.test,+1-555-203-3911,active,25-34,Kochi,IN,email
Sienna,Cameron,sienna.cameron.6404@customer360.test,+1-555-204-3948,active,35-44,Canberra,AU,email
Mariana,Rios,mariana.rios.6405@customer360.test,+1-555-205-3985,active,55-64,Queretaro,MX,email
Daiki,Kato,daiki.kato.6406@customer360.test,+1-555-206-4022,active,18-24,Tokyo,JP,sms
Oliver,Griffiths,oliver.griffiths.6407@customer360.test,+1-555-207-4059,active,45-54,London,GB,email
Emiliano,Serrano,emiliano.serrano.6408@customer360.test,+1-555-208-4096,active,18-24,Puebla,MX,sms
Jesse,Meijer,jesse.meijer.6409@customer360.test,+1-555-209-4133,active,25-34,Groningen,NL,push
Arjun,Chatterjee,arjun.chatterjee.6410@customer360.test,+1-555-210-4170,active,45-54,Kochi,IN,email
Naledi,Dlamini,naledi.dlamini.6411@customer360.test,+1-555-211-4207,active,55-64,Gqeberha,ZA,email
Ishaan,Pillai,ishaan.pillai.6412@customer360.test,+1-555-212-4244,active,45-54,Jaipur,IN,email
Maeve Jean,Fraser,maeve-jean.fraser.6413@customer360.test,+1-555-213-4281,active,45-54,Calgary,CA,push
Poppy,Hughes,poppy.hughes.6414@customer360.test,+1-555-214-4318,active,55-64,Birmingham,GB,email
Ethan,Reed,ethan.reed.6415@customer360.test,+1-555-215-4355,active,35-44,San Diego,US,email
Kai Wen,Lee,kai-wen.lee.6416@customer360.test,+1-555-216-4392,active,18-24,Singapore,SG,push
Mateo,Vargas,mateo.vargas.6417@customer360.test,+1-555-217-4429,active,45-54,Queretaro,MX,push
Camila,Mendes,camila.mendes.6418@customer360.test,+1-555-218-4466,active,25-34,Curitiba,BR,email
Ayanda,Mokoena,ayanda.mokoena.6419@customer360.test,+1-555-219-4503,active,25-34,Pretoria,ZA,push
Lucas,Bos,lucas.bos.6420@customer360.test,+1-555-220-4540,active,18-24,Groningen,NL,email
Finn,Mulder,finn.mulder.6421@customer360.test,+1-555-221-4577,active,35-44,Utrecht,NL,push
Maisie,Whitmore,maisie.whitmore.6422@customer360.test,+1-555-222-4614,active,25-34,Manchester,GB,sms
Ruby,Sullivan,ruby.sullivan.6423@customer360.test,+1-555-223-4651,active,45-54,Adelaide,AU,email
Beatriz,Mendes,beatriz.mendes.6424@customer360.test,+1-555-224-4688,active,35-44,Salvador,BR,sms
Finn,Vos,finn.vos.6425@customer360.test,+1-555-225-4725,active,18-24,The Hague,NL,email
Giulia,Rossi,giulia.rossi.6426@customer360.test,+1-555-226-4762,active,45-54,Florence,IT,email
Miles Marie,Carter,miles-marie.carter.6427@customer360.test,+1-555-227-4799,active,25-34,Chicago,US,email
Lucas,Oliveira,lucas.oliveira.6428@customer360.test,+1-555-228-4836,active,18-24,Sao Paulo,BR,email
Zoe,Russell,zoe.russell.6429@customer360.test,+1-555-229-4873,active,18-24,Austin,US,push
Isla James,Mercer,isla-james.mercer.6430@customer360.test,+1-555-230-4910,active,35-44,London,GB,sms
Kai Wen,Lim,kai-wen.lim.6431@customer360.test,+1-555-231-4947,active,55-64,Singapore,SG,sms
Harper,Hayes,harper.hayes.6432@customer360.test,+1-555-232-4984,active,45-54,San Diego,US,sms
Caio,Martins,caio.martins.6433@customer360.test,+1-555-233-5021,active,25-34,Brasilia,BR,push
Cheryl,Koh,cheryl.koh.6434@customer360.test,+1-555-234-5058,inactive,45-54,Singapore,SG,email
Nisha Dev,Sharma,nisha-dev.sharma.6435@customer360.test,+1-555-235-5095,active,45-54,Kochi,IN,push
Kian Grace,Mabena,kian-grace.mabena.6436@customer360.test,+1-555-236-5132,active,25-34,Gqeberha,ZA,push
Valeria,Morales,valeria.morales.6437@customer360.test,+1-555-237-5169,active,18-24,Guadalajara,MX,sms
Ishaan,Nair,ishaan.nair.6438@customer360.test,+1-555-238-5206,active,25-34,Delhi,IN,push
Elena,Marin,elena.marin.6439@customer360.test,+1-555-239-5243,active,35-44,Valencia,ES,email
Riley,Foster,riley.foster.6440@customer360.test,+1-555-240-5280,active,55-64,Boston,US,push
Elliot,Anderson,elliot.anderson.6441@customer360.test,+1-555-241-5317,active,25-34,Melbourne,AU,email
Kian,Maseko,kian.maseko.6442@customer360.test,+1-555-242-5354,active,35-44,Gqeberha,ZA,email
Tara,Mehta,tara.mehta.6443@customer360.test,+1-555-243-5391,inactive,25-34,Pune,IN,sms
Siti,Chua,siti.chua.6444@customer360.test,+1-555-244-5428,active,35-44,Singapore,SG,push
Lena James,Carter,lena-james.carter.6445@customer360.test,+1-555-245-5465,active,55-64,Minneapolis,US,sms
Diya Kiran,Menon,diya-kiran.menon.6446@customer360.test,+1-555-246-5502,active,25-34,Ahmedabad,IN,sms
Lwazi,Jacobs,lwazi.jacobs.6447@customer360.test,+1-555-247-5539,active,45-54,Pretoria,ZA,push
Arthur,Moreau,arthur.moreau.6448@customer360.test,+1-555-248-5576,active,35-44,Lille,FR,sms
Chloe,Campbell,chloe.campbell.6449@customer360.test,+1-555-249-5613,active,45-54,Montreal,CA,sms
Quinn,Mitchell,quinn.mitchell.6450@customer360.test,+1-555-250-5650,active,25-34,San Diego,US,sms
Kai Wen Jia,Tan,kai-wen-jia.tan.6451@customer360.test,+1-555-251-5687,active,45-54,Singapore,SG,push
Hui Min,Rahman,hui-min.rahman.6452@customer360.test,+1-555-252-5724,inactive,35-44,Singapore,SG,push
Ethan,Van Wyk,ethan.van-wyk.6453@customer360.test,+1-555-253-5761,active,25-34,Gqeberha,ZA,sms
Nur,Teo,nur.teo.6454@customer360.test,+1-555-254-5798,active,35-44,Singapore,SG,email
Hugo,Fletcher,hugo.fletcher.6455@customer360.test,+1-555-255-5835,active,55-64,London,GB,push
Cameron,Collins,cameron.collins.6456@customer360.test,+1-555-256-5872,active,18-24,Seattle,US,email
Leo Maria,Iglesias,leo-maria.iglesias.6457@customer360.test,+1-555-257-5909,active,25-34,Bilbao,ES,sms
Oliver,Harrington,oliver.harrington.6458@customer360.test,+1-555-258-5946,active,35-44,Leeds,GB,sms
Hui Min,Teo,hui-min.teo.6459@customer360.test,+1-555-259-5983,active,25-34,Singapore,SG,email
Felix,Richter,felix.richter.6460@customer360.test,+1-555-260-6020,active,25-34,Berlin,DE,sms
Anaya,Nair,anaya.nair.6461@customer360.test,+1-555-261-6057,active,35-44,Jaipur,IN,email
Nora,Bailey,nora.bailey.6462@customer360.test,+1-555-262-6094,active,18-24,Minneapolis,US,sms
Zoe,Morgan,zoe.morgan.6463@customer360.test,+1-555-263-6131,active,18-24,Seattle,US,push
Isabela,Almeida,isabela.almeida.6464@customer360.test,+1-555-264-6168,active,35-44,Brasilia,BR,sms
Mateus,Costa,mateus.costa.6465@customer360.test,+1-555-265-6205,active,55-64,Brasilia,BR,push
Gabriele,Costa,gabriele.costa.6466@customer360.test,+1-555-266-6242,active,25-34,Palermo,IT,email
Sophie,Kruger,sophie.kruger.6467@customer360.test,+1-555-267-6279,active,45-54,Leipzig,DE,push
Pablo,Marin,pablo.marin.6468@customer360.test,+1-555-268-6316,active,35-44,Madrid,ES,email
Alejandro,Mendoza,alejandro.mendoza.6469@customer360.test,+1-555-269-6353,active,35-44,Queretaro,MX,push
Louis,Dubois,louis.dubois.6470@customer360.test,+1-555-270-6390,active,25-34,Bordeaux,FR,email
Mathis,Renard,mathis.renard.6471@customer360.test,+1-555-271-6427,active,25-34,Lille,FR,sms
Javier Elena,Ortega,javier-elena.ortega.6472@customer360.test,+1-555-272-6464,active,35-44,Merida,MX,push
Neo Grace,Botha,neo-grace.botha.6473@customer360.test,+1-555-273-6501,active,35-44,Bloemfontein,ZA,sms
Emilia,Richter,emilia.richter.6474@customer360.test,+1-555-274-6538,active,55-64,Stuttgart,DE,email
Lucia,Ortega,lucia.ortega.6475@customer360.test,+1-555-275-6575,active,55-64,Seville,ES,push
Kabir,Kapoor,kabir.kapoor.6476@customer360.test,+1-555-276-6612,active,25-34,Chennai,IN,email
Lotte,Bakker,lotte.bakker.6477@customer360.test,+1-555-277-6649,active,35-44,Utrecht,NL,email
Lucas,Campbell,lucas.campbell.6478@customer360.test,+1-555-278-6686,active,25-34,Vancouver,CA,email
Caio,Costa,caio.costa.6479@customer360.test,+1-555-279-6723,active,35-44,Brasilia,BR,email
Amelie,Morrison,amelie.morrison.6480@customer360.test,+1-555-280-6760,active,55-64,Ottawa,CA,email
Taylor,Carter,taylor.carter.6481@customer360.test,+1-555-281-6797,active,25-34,Atlanta,US,push
Ishita,Chatterjee,ishita.chatterjee.6482@customer360.test,+1-555-282-6834,active,25-34,Hyderabad,IN,push
Gabriele,Marino,gabriele.marino.6483@customer360.test,+1-555-283-6871,active,18-24,Palermo,IT,push
Enzo Luiz,Ferreira,enzo-luiz.ferreira.6484@customer360.test,+1-555-284-6908,active,45-54,Porto Alegre,BR,sms
Camille,Bennett,camille.bennett.6485@customer360.test,+1-555-285-6945,active,18-24,Edmonton,CA,sms
Sana,Desai,sana.desai.6486@customer360.test,+1-555-286-6982,active,45-54,Bengaluru,IN,email
Arjun,Nair,arjun.nair.6487@customer360.test,+1-555-287-7019,active,25-34,Jaipur,IN,sms
Ishita,Sharma,ishita.sharma.6488@customer360.test,+1-555-288-7056,active,35-44,Kolkata,IN,sms
Meera,Rao,meera.rao.6489@customer360.test,+1-555-289-7093,active,25-34,Hyderabad,IN,sms
Amara,Nkosi,amara.nkosi.6490@customer360.test,+1-555-290-7130,active,55-64,Gqeberha,ZA,email
Lucia,Vidal,lucia.vidal.6491@customer360.test,+1-555-291-7167,active,35-44,Barcelona,ES,sms
Elena,Morales,elena.morales.6492@customer360.test,+1-555-292-7204,inactive,35-44,Puebla,MX,email
Finn,Wagner,finn.wagner.6493@customer360.test,+1-555-293-7241,active,35-44,Munich,DE,email
Arjun,Bhat,arjun.bhat.6494@customer360.test,+1-555-294-7278,active,18-24,Jaipur,IN,push
Wei Ming Wei,Koh,wei-ming-wei.koh.6495@customer360.test,+1-555-295-7315,active,25-34,Singapore,SG,push
Theo,Hughes,theo.hughes.6496@customer360.test,+1-555-296-7352,active,18-24,London,GB,push
Pablo,Vidal,pablo.vidal.6497@customer360.test,+1-555-297-7389,active,35-44,Seville,ES,email
Amelie,Moreau,amelie.moreau.6498@customer360.test,+1-555-298-7426,active,45-54,Marseille,FR,push
Naledi,Mabena,naledi.mabena.6499@customer360.test,+1-555-299-7463,active,45-54,Durban,ZA,email
Carmen,Ortega,carmen.ortega.6500@customer360.test,+1-555-300-7500,active,45-54,Malaga,ES,sms
Hui Min,Chua,hui-min.chua.6501@customer360.test,+1-555-301-7537,active,18-24,Singapore,SG,email
Ren,Kobayashi,ren.kobayashi.6502@customer360.test,+1-555-302-7574,active,35-44,Tokyo,JP,push
Amelie,Sinclair,amelie.sinclair.6503@customer360.test,+1-555-303-7611,active,25-34,Ottawa,CA,email
Emiliano Elena,Rios,emiliano-elena.rios.6504@customer360.test,+1-555-304-7648,active,55-64,Puebla,MX,sms
Mio,Kato,mio.kato.6505@customer360.test,+1-555-305-7685,active,25-34,Fukuoka,JP,sms
Mateo Maria,Molina,mateo-maria.molina.6506@customer360.test,+1-555-306-7722,active,45-54,Barcelona,ES,push
Anaya Riya,Nair,anaya-riya.nair.6507@customer360.test,+1-555-307-7759,active,45-54,Chennai,IN,push
Renata Luis,Castillo,renata-luis.castillo.6508@customer360.test,+1-555-308-7796,active,45-54,Merida,MX,sms
Ethan,Brooks,ethan.brooks.6509@customer360.test,+1-555-309-7833,active,55-64,Minneapolis,US,push
Ethan,Ward,ethan.ward.6510@customer360.test,+1-555-310-7870,active,55-64,Austin,US,push
Sophie,Neumann,sophie.neumann.6511@customer360.test,+1-555-311-7907,active,35-44,Munich,DE,sms
Cooper,Anderson,cooper.anderson.6512@customer360.test,+1-555-312-7944,active,35-44,Melbourne,AU,email
Amelia,Griffiths,amelia.griffiths.6513@customer360.test,+1-555-313-7981,active,18-24,Leeds,GB,email
Isla,Lawson,isla.lawson.6514@customer360.test,+1-555-314-8018,active,25-34,Glasgow,GB,sms
Louis,Moreau,louis.moreau.6515@customer360.test,+1-555-315-8055,active,18-24,Lyon,FR,sms
Alejandro,Mendoza,alejandro.mendoza.6516@customer360.test,+1-555-316-8092,active,25-34,Guadalajara,MX,push
Caleb,Russell,caleb.russell.6517@customer360.test,+1-555-317-8129,active,35-44,Denver,US,push
Theo,Mercer,theo.mercer.6518@customer360.test,+1-555-318-8166,active,35-44,Montreal,CA,push
Rafael,Costa,rafael.costa.6519@customer360.test,+1-555-319-8203,active,25-34,Brasilia,BR,email
Emilia,Neumann,emilia.neumann.6520@customer360.test,+1-555-320-8240,active,25-34,Munich,DE,email
Aoi,Kobayashi,aoi.kobayashi.6521@customer360.test,+1-555-321-8277,active,35-44,Fukuoka,JP,email
Rin,Watanabe,rin.watanabe.6522@customer360.test,+1-555-322-8314,active,35-44,Sapporo,JP,sms
Logan,Ward,logan.ward.6523@customer360.test,+1-555-323-8351,active,25-34,Atlanta,US,push
Vega,Cabrera,vega.cabrera.6524@customer360.test,+1-555-324-8388,active,35-44,Valencia,ES,push
Bram,Jansen,bram.jansen.6525@customer360.test,+1-555-325-8425,active,25-34,Utrecht,NL,sms
Mariana,Martins,mariana.martins.6526@customer360.test,+1-555-326-8462,active,25-34,Porto Alegre,BR,push
Oscar Rose,Fletcher,oscar-rose.fletcher.6527@customer360.test,+1-555-327-8499,active,45-54,Glasgow,GB,push
Arthur,Rousseau,arthur.rousseau.6528@customer360.test,+1-555-328-8536,active,45-54,Toulouse,FR,push
Quinn Rose,Turner,quinn-rose.turner.6529@customer360.test,+1-555-329-8573,active,55-64,Denver,US,email
Dylan,Collins,dylan.collins.6530@customer360.test,+1-555-330-8610,active,18-24,Seattle,US,email
Giulia,Conti,giulia.conti.6531@customer360.test,+1-555-331-8647,active,45-54,Naples,IT,email
Kai Wen,Ismail,kai-wen.ismail.6532@customer360.test,+1-555-332-8684,active,25-34,Singapore,SG,sms
Emilia,Becker,emilia.becker.6533@customer360.test,+1-555-333-8721,active,25-34,Hamburg,DE,sms
Parker,Turner,parker.turner.6534@customer360.test,+1-555-334-8758,active,25-34,Portland,US,push
Amelie,Gauthier,amelie.gauthier.6535@customer360.test,+1-555-335-8795,active,25-34,Calgary,CA,push
Elena,Cervantes,elena.cervantes.6536@customer360.test,+1-555-336-8832,active,35-44,Mexico City,MX,push
Aditi,Iyer,aditi.iyer.6537@customer360.test,+1-555-337-8869,inactive,25-34,Ahmedabad,IN,email
Zara,Clarke,zara.clarke.6538@customer360.test,+1-555-338-8906,active,45-54,Adelaide,AU,email
Mateus,Ferreira,mateus.ferreira.6539@customer360.test,+1-555-339-8943,active,25-34,Curitiba,BR,email
Lucia,Cabrera,lucia.cabrera.6540@customer360.test,+1-555-340-8980,active,35-44,Barcelona,ES,sms
Julian,Poirier,julian.poirier.6541@customer360.test,+1-555-341-9017,inactive,35-44,Edmonton,CA,sms
Darren,Goh,darren.goh.6542@customer360.test,+1-555-342-9054,active,45-54,Singapore,SG,sms
Elena,Rios,elena.rios.6543@customer360.test,+1-555-343-9091,active,45-54,Guadalajara,MX,push
Ishaan,Sharma,ishaan.sharma.6544@customer360.test,+1-555-344-9128,active,25-34,Bengaluru,IN,sms
Mathis,Girard,mathis.girard.6545@customer360.test,+1-555-345-9165,active,55-64,Toulouse,FR,push
Reyansh Neel,Bhat,reyansh-neel.bhat.6546@customer360.test,+1-555-346-9202,active,25-34,Kolkata,IN,email
Sophie,Becker,sophie.becker.6547@customer360.test,+1-555-347-9239,inactive,55-64,Frankfurt,DE,email
Jordan,Carter,jordan.carter.6548@customer360.test,+1-555-348-9276,active,45-54,San Diego,US,push
Isla James,Reid,isla-james.reid.6549@customer360.test,+1-555-349-9313,active,25-34,Adelaide,AU,push
Theo,Sinclair,theo.sinclair.6550@customer360.test,+1-555-350-9350,active,55-64,Edinburgh,GB,sms
Eva,Jansen,eva.jansen.6551@customer360.test,+1-555-351-9387,active,45-54,Groningen,NL,sms
Lachlan,Wallace,lachlan.wallace.6552@customer360.test,+1-555-352-9424,active,35-44,Perth,AU,sms
Taylor,Morgan,taylor.morgan.6553@customer360.test,+1-555-353-9461,inactive,25-34,Boston,US,push
Davide,Marino,davide.marino.6554@customer360.test,+1-555-354-9498,active,45-54,Milan,IT,email
Avery,Morgan,avery.morgan.6555@customer360.test,+1-555-355-9535,active,35-44,Portland,US,push
Matteo,Gallo,matteo.gallo.6556@customer360.test,+1-555-356-9572,active,25-34,Palermo,IT,email
Hugo,Castro,hugo.castro.6557@customer360.test,+1-555-357-9609,active,55-64,Barcelona,ES,email
Quinn Kai,Cooper,quinn-kai.cooper.6558@customer360.test,+1-555-358-9646,active,18-24,Austin,US,email
Finn,Clarke,finn.clarke.6559@customer360.test,+1-555-359-9683,active,25-34,Brisbane,AU,push
Naomi,Bennett,naomi.bennett.6560@customer360.test,+1-555-360-9720,active,18-24,Austin,US,push
Arjun,Lim,arjun.lim.6561@customer360.test,+1-555-361-9757,inactive,25-34,Singapore,SG,sms
Maya Kai,Reed,maya-kai.reed.6562@customer360.test,+1-555-362-9794,active,25-34,Austin,US,email
Hui Min,Ismail,hui-min.ismail.6563@customer360.test,+1-555-363-9831,active,55-64,Singapore,SG,sms
Theo,Rousseau,theo.rousseau.6564@customer360.test,+1-555-364-9868,active,25-34,Bordeaux,FR,email
Cheryl,Tan,cheryl.tan.6565@customer360.test,+1-555-365-9905,active,45-54,Singapore,SG,sms
Arthur,Dubois,arthur.dubois.6566@customer360.test,+1-555-366-9942,inactive,25-34,Marseille,FR,email
Chloe Luc,Blanc,chloe-luc.blanc.6567@customer360.test,+1-555-367-9979,active,55-64,Marseille,FR,sms
Naomi,Hayes,naomi.hayes.6568@customer360.test,+1-555-368-1016,active,25-34,Boston,US,push
Julian,Lavoie,julian.lavoie.6569@customer360.test,+1-555-369-1053,active,35-44,Edmonton,CA,email
Sota Aya,Watanabe,sota-aya.watanabe.6570@customer360.test,+1-555-370-1090,active,45-54,Yokohama,JP,push
Santiago,Cervantes,santiago.cervantes.6571@customer360.test,+1-555-371-1127,active,45-54,Merida,MX,email
Sophie,Hartmann,sophie.hartmann.6572@customer360.test,+1-555-372-1164,active,25-34,Leipzig,DE,email
Finn,Anderson,finn.anderson.6573@customer360.test,+1-555-373-1201,active,18-24,Hobart,AU,push
Aditi Raj,Malhotra,aditi-raj.malhotra.6574@customer360.test,+1-555-374-1238,active,45-54,Ahmedabad,IN,sms
Sienna,Anderson,sienna.anderson.6575@customer360.test,+1-555-375-1275,active,35-44,Perth,AU,sms
Baptiste,Marchand,baptiste.marchand.6576@customer360.test,+1-555-376-1312,active,18-24,Toulouse,FR,sms
Mila,Mercer,mila.mercer.6577@customer360.test,+1-555-377-1349,active,25-34,Vancouver,CA,email
Owen,Sinclair,owen.sinclair.6578@customer360.test,+1-555-378-1386,inactive,55-64,Calgary,CA,email
Harper,Reed,harper.reed.6579@customer360.test,+1-555-379-1423,active,35-44,Philadelphia,US,sms
Sophie,Fischer,sophie.fischer.6580@customer360.test,+1-555-380-1460,active,45-54,Berlin,DE,sms
Leonardo,Marino,leonardo.marino.6581@customer360.test,+1-555-381-1497,active,45-54,Rome,IT,email
Nana,Watanabe,nana.watanabe.6582@customer360.test,+1-555-382-1534,active,18-24,Nagoya,JP,sms
Finn Pieter,Bos,finn-pieter.bos.6583@customer360.test,+1-555-383-1571,active,35-44,Eindhoven,NL,push
Vivaan,Kapoor,vivaan.kapoor.6584@customer360.test,+1-555-384-1608,active,25-34,Ahmedabad,IN,push
Amelia,Whitmore,amelia.whitmore.6585@customer360.test,+1-555-385-1645,active,45-54,Glasgow,GB,sms
Aarav,Bhat,aarav.bhat.6586@customer360.test,+1-555-386-1682,active,35-44,Hyderabad,IN,email
Jack,Clarke,jack.clarke.6587@customer360.test,+1-555-387-1719,active,35-44,Brisbane,AU,push
Nina,Van Dijk,nina.van-dijk.6588@customer360.test,+1-555-388-1756,active,25-34,The Hague,NL,email
Renata,Delgado,renata.delgado.6589@customer360.test,+1-555-389-1793,active,25-34,Puebla,MX,email
Bram Sofie,De Boer,bram-sofie.de-boer.6590@customer360.test,+1-555-390-1830,active,35-44,Groningen,NL,push
Amelie Lukas,Richter,amelie-lukas.richter.6591@customer360.test,+1-555-391-1867,active,18-24,Cologne,DE,push
Sofia,Bennett,sofia.bennett.6592@customer360.test,+1-555-392-1904,active,18-24,San Diego,US,email
Poppy,Crawford,poppy.crawford.6593@customer360.test,+1-555-393-1941,active,55-64,Leeds,GB,push
Clara,Kruger,clara.kruger.6594@customer360.test,+1-555-394-1978,active,25-34,Cologne,DE,email
Aisha,Chua,aisha.chua.6595@customer360.test,+1-555-395-2015,active,45-54,Singapore,SG,push
Nana,Suzuki,nana.suzuki.6596@customer360.test,+1-555-396-2052,active,35-44,Tokyo,JP,sms
Martin,Molina,martin.molina.6597@customer360.test,+1-555-397-2089,active,18-24,Barcelona,ES,email
Mariana,Castillo,mariana.castillo.6598@customer360.test,+1-555-398-2126,active,55-64,Monterrey,MX,email
Amelia,Whitmore,amelia.whitmore.6599@customer360.test,+1-555-399-2163,active,18-24,London,GB,sms
Finn,Hayes,finn.hayes.6600@customer360.test,+1-555-400-2200,active,18-24,Adelaide,AU,sms
Noah,Hartmann,noah.hartmann.6601@customer360.test,+1-555-401-2237,active,35-44,Cologne,DE,sms
Nisha,Nair,nisha.nair.6602@customer360.test,+1-555-402-2274,active,45-54,Ahmedabad,IN,email
Amara,Mthembu,amara.mthembu.6603@customer360.test,+1-555-403-2311,active,25-34,Bloemfontein,ZA,push
Emiliano,Vargas,emiliano.vargas.6604@customer360.test,+1-555-404-2348,active,45-54,Guadalajara,MX,sms
Zinhle,Pillay,zinhle.pillay.6605@customer360.test,+1-555-405-2385,active,25-34,Pretoria,ZA,email
Bram,Meijer,bram.meijer.6606@customer360.test,+1-555-406-2422,active,25-34,Rotterdam,NL,push
Sem,Smit,sem.smit.6607@customer360.test,+1-555-407-2459,active,18-24,Groningen,NL,push
Aditya,Joshi,aditya.joshi.6608@customer360.test,+1-555-408-2496,active,18-24,Jaipur,IN,email
Sipho,Nkosi,sipho.nkosi.6609@customer360.test,+1-555-409-2533,active,25-34,Durban,ZA,push
Clara,Dubois,clara.dubois.6610@customer360.test,+1-555-410-2570,active,55-64,Nantes,FR,push
Ishita Kiran,Chatterjee,ishita-kiran.chatterjee.6611@customer360.test,+1-555-411-2607,active,45-54,Bengaluru,IN,push
Luiza,Ferreira,luiza.ferreira.6612@customer360.test,+1-555-412-2644,active,45-54,Sao Paulo,BR,email
Theo,Harrington,theo.harrington.6613@customer360.test,+1-555-413-2681,active,25-34,London,GB,sms
Ethan,Ng,ethan.ng.6614@customer360.test,+1-555-414-2718,active,35-44,Singapore,SG,sms
Lerato,Mokoena,lerato.mokoena.6615@customer360.test,+1-555-415-2755,active,45-54,Gqeberha,ZA,push
Freya,Hughes,freya.hughes.6616@customer360.test,+1-555-416-2792,active,35-44,Manchester,GB,email
Parker,Parker,parker.parker.6617@customer360.test,+1-555-417-2829,active,45-54,Seattle,US,push
Isabela,Almeida,isabela.almeida.6618@customer360.test,+1-555-418-2866,inactive,35-44,Rio de Janeiro,BR,push
Maeve Louis,Bennett,maeve-louis.bennett.6619@customer360.test,+1-555-419-2903,active,18-24,Vancouver,CA,push
Zoe,Turner,zoe.turner.6620@customer360.test,+1-555-420-2940,active,35-44,Portland,US,email
Miles Rose,Foster,miles-rose.foster.6621@customer360.test,+1-555-421-2977,active,35-44,San Diego,US,push
Dylan Grace,Mitchell,dylan-grace.mitchell.6622@customer360.test,+1-555-422-3014,active,25-34,Philadelphia,US,push
Thiago,Costa,thiago.costa.6623@customer360.test,+1-555-423-3051,active,25-34,Recife,BR,email
Lucas Maria,Oliveira,lucas-maria.oliveira.6624@customer360.test,+1-555-424-3088,active,18-24,Sao Paulo,BR,sms
Mila,Lavoie,mila.lavoie.6625@customer360.test,+1-555-425-3125,active,18-24,Ottawa,CA,email
Mathis,Renard,mathis.renard.6626@customer360.test,+1-555-426-3162,active,25-34,Nantes,FR,sms
Noah,Gauthier,noah.gauthier.6627@customer360.test,+1-555-427-3199,active,25-34,Vancouver,CA,sms
Lorenzo,Romano,lorenzo.romano.6628@customer360.test,+1-555-428-3236,active,55-64,Turin,IT,email
Jonas Marie,Brandt,jonas-marie.brandt.6629@customer360.test,+1-555-429-3273,active,55-64,Berlin,DE,sms
Mio,Takahashi,mio.takahashi.6630@customer360.test,+1-555-430-3310,active,55-64,Tokyo,JP,push
Nora,Parker,nora.parker.6631@customer360.test,+1-555-431-3347,active,18-24,Minneapolis,US,push
Hugo,Mercer,hugo.mercer.6632@customer360.test,+1-555-432-3384,active,25-34,Birmingham,GB,email
Sem,Mulder,sem.mulder.6633@customer360.test,+1-555-433-3421,active,55-64,Rotterdam,NL,sms
Tara,Nair,tara.nair.6634@customer360.test,+1-555-434-3458,active,35-44,Pune,IN,sms
Oliver,Crawford,oliver.crawford.6635@customer360.test,+1-555-435-3495,active,35-44,Edinburgh,GB,email
Hugo,Castro,hugo.castro.6636@customer360.test,+1-555-436-3532,active,25-34,Barcelona,ES,push
Rohan Riya,Iyer,rohan-riya.iyer.6637@customer360.test,+1-555-437-3569,active,25-34,Kochi,IN,push
Clara,Hartmann,clara.hartmann.6638@customer360.test,+1-555-438-3606,active,35-44,Hamburg,DE,push
Kavya,Kulkarni,kavya.kulkarni.6639@customer360.test,+1-555-439-3643,active,35-44,Bengaluru,IN,email
Aurora,Esposito,aurora.esposito.6640@customer360.test,+1-555-440-3680,active,35-44,Florence,IT,email
Callum James,Hughes,callum-james.hughes.6641@customer360.test,+1-555-441-3717,active,25-34,Adelaide,AU,push
Daiki Miki,Yamada,daiki-miki.yamada.6642@customer360.test,+1-555-442-3754,active,18-24,Tokyo,JP,push
Ishita,Mehta,ishita.mehta.6643@customer360.test,+1-555-443-3791,active,35-44,Bengaluru,IN,sms
Camila,Fuentes,camila.fuentes.6644@customer360.test,+1-555-444-3828,active,25-34,Queretaro,MX,push
Sem Marie,Visser,sem-marie.visser.6645@customer360.test,+1-555-445-3865,active,45-54,Groningen,NL,sms
Chiara,Moretti,chiara.moretti.6646@customer360.test,+1-555-446-3902,active,35-44,Naples,IT,email
Elena,Fuentes,elena.fuentes.6647@customer360.test,+1-555-447-3939,active,18-24,Monterrey,MX,email
Mateus Luiz,Carvalho,mateus-luiz.carvalho.6648@customer360.test,+1-555-448-3976,active,25-34,Recife,BR,sms
Sakura,Yamada,sakura.yamada.6649@customer360.test,+1-555-449-4013,active,45-54,Osaka,JP,sms
Zara,Hughes,zara.hughes.6650@customer360.test,+1-555-450-4050,active,25-34,Hobart,AU,email
Alfie,Mercer,alfie.mercer.6651@customer360.test,+1-555-451-4087,active,55-64,Edinburgh,GB,email
Bram,De Boer,bram.de-boer.6652@customer360.test,+1-555-452-4124,active,35-44,Eindhoven,NL,email
Liam Louis,Gauthier,liam-louis.gauthier.6653@customer360.test,+1-555-453-4161,active,18-24,Calgary,CA,sms
Theo,Mercer,theo.mercer.6654@customer360.test,+1-555-454-4198,active,18-24,Glasgow,GB,email
Vihaan,Sharma,vihaan.sharma.6655@customer360.test,+1-555-455-4235,active,35-44,Kolkata,IN,email
Nina,Jansen,nina.jansen.6656@customer360.test,+1-555-456-4272,active,35-44,Eindhoven,NL,email
Owen,Mercer,owen.mercer.6657@customer360.test,+1-555-457-4309,inactive,25-34,Ottawa,CA,sms
Mia,Morgan,mia.morgan.6658@customer360.test,+1-555-458-4346,active,25-34,Brisbane,AU,push
Helena,Ribeiro,helena.ribeiro.6659@customer360.test,+1-555-459-4383,active,25-34,Sao Paulo,BR,email
Jack,Bennett,jack.bennett.6660@customer360.test,+1-555-460-4420,active,25-34,Hobart,AU,email
Mathis,Fontaine,mathis.fontaine.6661@customer360.test,+1-555-461-4457,active,55-64,Nantes,FR,sms
Amelie,Vogel,amelie.vogel.6662@customer360.test,+1-555-462-4494,active,25-34,Stuttgart,DE,push
George,Bennett,george.bennett.6663@customer360.test,+1-555-463-4531,active,25-34,Glasgow,GB,sms
Vihaan,Rao,vihaan.rao.6664@customer360.test,+1-555-464-4568,active,55-64,Delhi,IN,email
Hugo Jose,Serrano,hugo-jose.serrano.6665@customer360.test,+1-555-465-4605,active,18-24,Valencia,ES,email
Sana,Nair,sana.nair.6666@customer360.test,+1-555-466-4642,active,45-54,Pune,IN,push
Tara,Joshi,tara.joshi.6667@customer360.test,+1-555-467-4679,active,25-34,Mumbai,IN,sms
Jordan,Ward,jordan.ward.6668@customer360.test,+1-555-468-4716,active,35-44,San Diego,US,push
Amelie,Blanc,amelie.blanc.6669@customer360.test,+1-555-469-4753,active,25-34,Nantes,FR,email
Cameron,Bennett,cameron.bennett.6670@customer360.test,+1-555-470-4790,active,18-24,Atlanta,US,push
Milan,Mulder,milan.mulder.6671@customer360.test,+1-555-471-4827,active,18-24,The Hague,NL,sms
Rohan Kiran,Joshi,rohan-kiran.joshi.6672@customer360.test,+1-555-472-4864,active,55-64,Bengaluru,IN,email
Maximilian Elise,Hartmann,maximilian-elise.hartmann.6673@customer360.test,+1-555-473-4901,active,55-64,Munich,DE,sms
Tess,Smit,tess.smit.6674@customer360.test,+1-555-474-4938,active,35-44,Utrecht,NL,push
Manon,Moreau,manon.moreau.6675@customer360.test,+1-555-475-4975,active,25-34,Marseille,FR,sms
Isla,Mercer,isla.mercer.6676@customer360.test,+1-555-476-5012,active,25-34,Birmingham,GB,push
Rin Ken,Yamamoto,rin-ken.yamamoto.6677@customer360.test,+1-555-477-5049,active,18-24,Yokohama,JP,email
Marco,Ricci,marco.ricci.6678@customer360.test,+1-555-478-5086,active,35-44,Turin,IT,sms
Arjun,Bhat,arjun.bhat.6679@customer360.test,+1-555-479-5123,inactive,18-24,Delhi,IN,email
Clara,Moreau,clara.moreau.6680@customer360.test,+1-555-480-5160,active,55-64,Lyon,FR,email
Noah,Mercer,noah.mercer.6681@customer360.test,+1-555-481-5197,active,35-44,Ottawa,CA,email
Nandi,Pillay,nandi.pillay.6682@customer360.test,+1-555-482-5234,active,25-34,Cape Town,ZA,email
Martin Luis,Molina,martin-luis.molina.6683@customer360.test,+1-555-483-5271,active,25-34,Madrid,ES,email
Marco,Esposito,marco.esposito.6684@customer360.test,+1-555-484-5308,active,18-24,Palermo,IT,push
Vihaan,Malhotra,vihaan.malhotra.6685@customer360.test,+1-555-485-5345,active,45-54,Hyderabad,IN,push
Kabir,Bhat,kabir.bhat.6686@customer360.test,+1-555-486-5382,active,35-44,Kochi,IN,push
Hugo,Rojas,hugo.rojas.6687@customer360.test,+1-555-487-5419,active,55-64,Seville,ES,email
Caleb,Foster,caleb.foster.6688@customer360.test,+1-555-488-5456,active,18-24,Boston,US,sms
Arjun,Rahman,arjun.rahman.6689@customer360.test,+1-555-489-5493,active,55-64,Singapore,SG,sms
Ryan Rui,Lee,ryan-rui.lee.6690@customer360.test,+1-555-490-5530,active,25-34,Singapore,SG,push
Mila,Poirier,mila.poirier.6691@customer360.test,+1-555-491-5567,active,35-44,Edmonton,CA,email
Yui,Takahashi,yui.takahashi.6692@customer360.test,+1-555-492-5604,active,18-24,Kyoto,JP,email
Louis Claire,Girard,louis-claire.girard.6693@customer360.test,+1-555-493-5641,active,18-24,Toulouse,FR,email
Ayanda,Maseko,ayanda.maseko.6694@customer360.test,+1-555-494-5678,active,25-34,Cape Town,ZA,push
Chloe,Dubois,chloe.dubois.6695@customer360.test,+1-555-495-5715,active,25-34,Lille,FR,push
Enzo,Costa,enzo.costa.6696@customer360.test,+1-555-496-5752,active,18-24,Curitiba,BR,sms
Jack,Hayes,jack.hayes.6697@customer360.test,+1-555-497-5789,active,45-54,Perth,AU,sms
Luiza,Almeida,luiza.almeida.6698@customer360.test,+1-555-498-5826,active,35-44,Brasilia,BR,sms
Gabriele,Marino,gabriele.marino.6699@customer360.test,+1-555-499-5863,active,18-24,Milan,IT,sms
Elias,Fournier,elias.fournier.6700@customer360.test,+1-555-500-5900,active,45-54,Vancouver,CA,email
Aarav,Kapoor,aarav.kapoor.6701@customer360.test,+1-555-501-5937,active,18-24,Jaipur,IN,sms
Maya Grace,Russell,maya-grace.russell.6702@customer360.test,+1-555-502-5974,active,25-34,San Diego,US,sms
Hui Min,Chua,hui-min.chua.6703@customer360.test,+1-555-503-6011,active,18-24,Singapore,SG,push
Yui,Nakamura,yui.nakamura.6704@customer360.test,+1-555-504-6048,active,45-54,Osaka,JP,push
Lucas,De Vries,lucas.de-vries.6705@customer360.test,+1-555-505-6085,active,35-44,Groningen,NL,push
Gabriel Maria,Costa,gabriel-maria.costa.6706@customer360.test,+1-555-506-6122,active,35-44,Porto Alegre,BR,push
Nandi,Maseko,nandi.maseko.6707@customer360.test,+1-555-507-6159,active,45-54,Durban,ZA,email
Fleur,Jansen,fleur.jansen.6708@customer360.test,+1-555-508-6196,active,18-24,Rotterdam,NL,email
Nisha Neel,Menon,nisha-neel.menon.6709@customer360.test,+1-555-509-6233,active,25-34,Jaipur,IN,email
Amelie,Dubois,amelie.dubois.6710@customer360.test,+1-555-510-6270,active,45-54,Lille,FR,sms
Quinn,Collins,quinn.collins.6711@customer360.test,+1-555-511-6307,active,35-44,Atlanta,US,sms
Noor,De Boer,noor.de-boer.6712@customer360.test,+1-555-512-6344,inactive,45-54,Rotterdam,NL,push
Beatrice,Gallo,beatrice.gallo.6713@customer360.test,+1-555-513-6381,active,45-54,Turin,IT,push
Amara,Mokoena,amara.mokoena.6714@customer360.test,+1-555-514-6418,active,45-54,Cape Town,ZA,sms
Jack,Clarke,jack.clarke.6715@customer360.test,+1-555-515-6455,active,35-44,Adelaide,AU,sms
Ethan,Turner,ethan.turner.6716@customer360.test,+1-555-516-6492,active,55-64,Portland,US,sms
Chloe,Renard,chloe.renard.6717@customer360.test,+1-555-517-6529,active,35-44,Bordeaux,FR,push
Cooper,McKenzie,cooper.mckenzie.6718@customer360.test,+1-555-518-6566,active,35-44,Adelaide,AU,push
Avery Alex,Parker,avery-alex.parker.6719@customer360.test,+1-555-519-6603,active,25-34,Atlanta,US,email
Julian,Mercer,julian.mercer.6720@customer360.test,+1-555-520-6640,active,45-54,Toronto,CA,email
Nisha,Iyer,nisha.iyer.6721@customer360.test,+1-555-521-6677,active,18-24,Mumbai,IN,sms
Maximilian,Richter,maximilian.richter.6722@customer360.test,+1-555-522-6714,inactive,25-34,Frankfurt,DE,email
Kavya Raj,Joshi,kavya-raj.joshi.6723@customer360.test,+1-555-523-6751,active,25-34,Chennai,IN,push
Sofia,Bennett,sofia.bennett.6724@customer360.test,+1-555-524-6788,active,35-44,Minneapolis,US,sms
Gabriel,Teixeira,gabriel.teixeira.6725@customer360.test,+1-555-525-6825,active,35-44,Recife,BR,push
Isla,Hayes,isla.hayes.6726@customer360.test,+1-555-526-6862,active,35-44,Perth,AU,sms
Theo Paul,Laurent,theo-paul.laurent.6727@customer360.test,+1-555-527-6899,inactive,18-24,Paris,FR,sms
Rohan,Mehta,rohan.mehta.6728@customer360.test,+1-555-528-6936,inactive,45-54,Kolkata,IN,email
Daniel,Fuentes,daniel.fuentes.6729@customer360.test,+1-555-529-6973,inactive,45-54,Merida,MX,sms
Lucas,Fraser,lucas.fraser.6730@customer360.test,+1-555-530-7010,active,25-34,Calgary,CA,email
Valentina,Costa,valentina.costa.6731@customer360.test,+1-555-531-7047,active,55-64,Salvador,BR,push
Beatrice Anna,Bianchi,beatrice-anna.bianchi.6732@customer360.test,+1-555-532-7084,active,25-34,Turin,IT,email
Leonardo,Conti,leonardo.conti.6733@customer360.test,+1-555-533-7121,active,45-54,Bologna,IT,push
Camila,Navarro,camila.navarro.6734@customer360.test,+1-555-534-7158,active,45-54,Monterrey,MX,push
Jia En,Lee,jia-en.lee.6735@customer360.test,+1-555-535-7195,active,35-44,Singapore,SG,push
Sofia Maria,Castillo,sofia-maria.castillo.6736@customer360.test,+1-555-536-7232,active,35-44,Monterrey,MX,push
Isla,Lawson,isla.lawson.6737@customer360.test,+1-555-537-7269,inactive,25-34,Glasgow,GB,sms
Yui,Kobayashi,yui.kobayashi.6738@customer360.test,+1-555-538-7306,active,35-44,Nagoya,JP,email
Imogen,Bennett,imogen.bennett.6739@customer360.test,+1-555-539-7343,active,25-34,Bristol,GB,sms
Siti,Ismail,siti.ismail.6740@customer360.test,+1-555-540-7380,active,18-24,Singapore,SG,sms
Bram,Jansen,bram.jansen.6741@customer360.test,+1-555-541-7417,active,18-24,Amsterdam,NL,push
Ruby,Sinclair,ruby.sinclair.6742@customer360.test,+1-555-542-7454,active,18-24,Manchester,GB,sms
Zara,Anderson,zara.anderson.6743@customer360.test,+1-555-543-7491,inactive,25-34,Sydney,AU,email
Gabriel,Dubois,gabriel.dubois.6744@customer360.test,+1-555-544-7528,active,55-64,Toulouse,FR,email
Theo,Mercer,theo.mercer.6745@customer360.test,+1-555-545-7565,active,35-44,Ottawa,CA,sms
Theo,Bennett,theo.bennett.6746@customer360.test,+1-555-546-7602,active,45-54,Toronto,CA,sms
Quinn,Cooper,quinn.cooper.6747@customer360.test,+1-555-547-7639,inactive,45-54,Chicago,US,push
Daan,Meijer,daan.meijer.6748@customer360.test,+1-555-548-7676,active,55-64,Utrecht,NL,sms
Clara,Hartmann,clara.hartmann.6749@customer360.test,+1-555-549-7713,active,25-34,Stuttgart,DE,sms
Rafael Luiz,Oliveira,rafael-luiz.oliveira.6750@customer360.test,+1-555-550-7750,active,18-24,Rio de Janeiro,BR,email
Nora,Turner,nora.turner.6751@customer360.test,+1-555-551-7787,active,45-54,San Diego,US,push
Carmen,Vidal,carmen.vidal.6752@customer360.test,+1-555-552-7824,active,25-34,Madrid,ES,push
Chloe,Bouchard,chloe.bouchard.6753@customer360.test,+1-555-553-7861,active,55-64,Toronto,CA,email
Ethan,Mitchell,ethan.mitchell.6754@customer360.test,+1-555-554-7898,active,18-24,Atlanta,US,sms
Elena,Garcia,elena.garcia.6755@customer360.test,+1-555-555-7935,active,55-64,Bilbao,ES,push
Caleb,Ward,caleb.ward.6756@customer360.test,+1-555-556-7972,active,25-34,San Diego,US,push
Ines,Dubois,ines.dubois.6757@customer360.test,+1-555-557-8009,active,55-64,Lille,FR,push
Arthur,Mercer,arthur.mercer.6758@customer360.test,+1-555-558-8046,active,25-34,Bristol,GB,email
Elena,Fuentes,elena.fuentes.6759@customer360.test,+1-555-559-8083,active,35-44,Merida,MX,email
Amelie,Rousseau,amelie.rousseau.6760@customer360.test,+1-555-560-8120,active,45-54,Lyon,FR,push
Aisha,Teo,aisha.teo.6761@customer360.test,+1-555-561-8157,active,25-34,Singapore,SG,push
Arthur,Girard,arthur.girard.6762@customer360.test,+1-555-562-8194,active,18-24,Lyon,FR,sms
Diya Dev,Iyer,diya-dev.iyer.6763@customer360.test,+1-555-563-8231,active,45-54,Chennai,IN,email
Sakura,Nakamura,sakura.nakamura.6764@customer360.test,+1-555-564-8268,active,45-54,Nagoya,JP,sms
Lorenzo,Lombardi,lorenzo.lombardi.6765@customer360.test,+1-555-565-8305,active,45-54,Naples,IT,email
Sana,Desai,sana.desai.6766@customer360.test,+1-555-566-8342,active,35-44,Kolkata,IN,email
Meera,Kulkarni,meera.kulkarni.6767@customer360.test,+1-555-567-8379,active,18-24,Pune,IN,email
Emiliano,Rios,emiliano.rios.6768@customer360.test,+1-555-568-8416,active,25-34,Queretaro,MX,sms
Diya,Sharma,diya.sharma.6769@customer360.test,+1-555-569-8453,active,25-34,Mumbai,IN,sms
Mila,Keller,mila.keller.6770@customer360.test,+1-555-570-8490,active,45-54,Munich,DE,push
Lucia,Delgado,lucia.delgado.6771@customer360.test,+1-555-571-8527,active,45-54,Puebla,MX,sms
Rohan,Desai,rohan.desai.6772@customer360.test,+1-555-572-8564,active,45-54,Mumbai,IN,email
Louis,Marchand,louis.marchand.6773@customer360.test,+1-555-573-8601,active,55-64,Nantes,FR,push
Hina Miki,Yoshida,hina-miki.yoshida.6774@customer360.test,+1-555-574-8638,active,55-64,Sapporo,JP,sms
Aditya,Iyer,aditya.iyer.6775@customer360.test,+1-555-575-8675,active,25-34,Delhi,IN,push
Aarav,Kulkarni,aarav.kulkarni.6776@customer360.test,+1-555-576-8712,active,18-24,Pune,IN,sms
Bram,Meijer,bram.meijer.6777@customer360.test,+1-555-577-8749,active,35-44,Eindhoven,NL,sms
Arjun,Nair,arjun.nair.6778@customer360.test,+1-555-578-8786,active,18-24,Ahmedabad,IN,email
Mila Lukas,Hartmann,mila-lukas.hartmann.6779@customer360.test,+1-555-579-8823,active,25-34,Hamburg,DE,sms
Vivaan,Bhat,vivaan.bhat.6780@customer360.test,+1-555-580-8860,active,25-34,Jaipur,IN,email
Ayanda,Botha,ayanda.botha.6781@customer360.test,+1-555-581-8897,active,18-24,Durban,ZA,push
Martin,Rojas,martin.rojas.6782@customer360.test,+1-555-582-8934,active,25-34,Madrid,ES,email
Maya,Morgan,maya.morgan.6783@customer360.test,+1-555-583-8971,active,18-24,Philadelphia,US,sms
Diya,Desai,diya.desai.6784@customer360.test,+1-555-584-9008,active,25-34,Jaipur,IN,push
Camila,Ferreira,camila.ferreira.6785@customer360.test,+1-555-585-9045,active,35-44,Recife,BR,push
Matteo,Gallo,matteo.gallo.6786@customer360.test,+1-555-586-9082,active,45-54,Palermo,IT,sms
Naomi James,Parker,naomi-james.parker.6787@customer360.test,+1-555-587-9119,inactive,35-44,Portland,US,push
Arjun,Iyer,arjun.iyer.6788@customer360.test,+1-555-588-9156,active,35-44,Mumbai,IN,sms
Poppy,Harrington,poppy.harrington.6789@customer360.test,+1-555-589-9193,active,18-24,Glasgow,GB,push
Valentina Maria,Araujo,valentina-maria.araujo.6790@customer360.test,+1-555-590-9230,active,35-44,Recife,BR,sms
Nisha Raj,Chatterjee,nisha-raj.chatterjee.6791@customer360.test,+1-555-591-9267,active,25-34,Delhi,IN,sms
Jordan,Ward,jordan.ward.6792@customer360.test,+1-555-592-9304,active,55-64,Minneapolis,US,email
Ethan,Ong,ethan.ong.6793@customer360.test,+1-555-593-9341,active,35-44,Singapore,SG,sms
Maya,Mitchell,maya.mitchell.6794@customer360.test,+1-555-594-9378,active,55-64,Portland,US,push
Oscar,Hayes,oscar.hayes.6795@customer360.test,+1-555-595-9415,inactive,25-34,Adelaide,AU,push
Harper,Brooks,harper.brooks.6796@customer360.test,+1-555-596-9452,active,45-54,Austin,US,push
Mia,Cameron,mia.cameron.6797@customer360.test,+1-555-597-9489,active,25-34,Hobart,AU,sms
Mei Lin,Ong,mei-lin.ong.6798@customer360.test,+1-555-598-9526,active,35-44,Singapore,SG,sms
Aditi,Sharma,aditi.sharma.6799@customer360.test,+1-555-599-9563,active,55-64,Hyderabad,IN,email
Noor,De Vries,noor.de-vries.6800@customer360.test,+1-555-600-9600,active,18-24,Amsterdam,NL,email
Vega,Serrano,vega.serrano.6801@customer360.test,+1-555-601-9637,active,35-44,Barcelona,ES,push
Owen,Bouchard,owen.bouchard.6802@customer360.test,+1-555-602-9674,active,25-34,Edmonton,CA,push
Ruby Louise,Mercer,ruby-louise.mercer.6803@customer360.test,+1-555-603-9711,active,25-34,Glasgow,GB,email
Haruto,Sato,haruto.sato.6804@customer360.test,+1-555-604-9748,active,18-24,Sapporo,JP,sms
Clara,Fournier,clara.fournier.6805@customer360.test,+1-555-605-9785,active,25-34,Halifax,CA,email
Gabriel,Moreau,gabriel.moreau.6806@customer360.test,+1-555-606-9822,active,25-34,Lille,FR,email
Mathis Paul,Dubois,mathis-paul.dubois.6807@customer360.test,+1-555-607-9859,active,45-54,Paris,FR,push
Julian,Bennett,julian.bennett.6808@customer360.test,+1-555-608-9896,inactive,25-34,Toronto,CA,sms
Lucia Maria,Castillo,lucia-maria.castillo.6809@customer360.test,+1-555-609-9933,inactive,35-44,Guadalajara,MX,email
Rafael Clara,Ribeiro,rafael-clara.ribeiro.6810@customer360.test,+1-555-610-9970,active,35-44,Brasilia,BR,sms
Lena,Turner,lena.turner.6811@customer360.test,+1-555-611-1007,active,45-54,Portland,US,sms
Kaito Hiro,Nakamura,kaito-hiro.nakamura.6812@customer360.test,+1-555-612-1044,active,25-34,Kyoto,JP,sms
Nora,Russell,nora.russell.6813@customer360.test,+1-555-613-1081,inactive,35-44,Denver,US,sms
Isabela,Martins,isabela.martins.6814@customer360.test,+1-555-614-1118,active,25-34,Rio de Janeiro,BR,push
Amelie,Fournier,amelie.fournier.6815@customer360.test,+1-555-615-1155,active,35-44,Toronto,CA,push
Clara,Neumann,clara.neumann.6816@customer360.test,+1-555-616-1192,active,45-54,Cologne,DE,email
Cheryl,Tan,cheryl.tan.6817@customer360.test,+1-555-617-1229,active,35-44,Singapore,SG,email
Javier,Castillo,javier.castillo.6818@customer360.test,+1-555-618-1266,active,18-24,Merida,MX,email
Chiara,Bianchi,chiara.bianchi.6819@customer360.test,+1-555-619-1303,active,55-64,Florence,IT,push
Baptiste,Rousseau,baptiste.rousseau.6820@customer360.test,+1-555-620-1340,active,35-44,Toulouse,FR,push
Davide,Moretti,davide.moretti.6821@customer360.test,+1-555-621-1377,active,45-54,Naples,IT,sms
Jordan,Russell,jordan.russell.6822@customer360.test,+1-555-622-1414,active,35-44,Portland,US,sms
Poppy,Crawford,poppy.crawford.6823@customer360.test,+1-555-623-1451,active,25-34,Edinburgh,GB,email
Pedro,Ribeiro,pedro.ribeiro.6824@customer360.test,+1-555-624-1488,active,25-34,Brasilia,BR,sms
Maisie,Hughes,maisie.hughes.6825@customer360.test,+1-555-625-1525,active,25-34,Birmingham,GB,push
Enzo,Martins,enzo.martins.6826@customer360.test,+1-555-626-1562,active,55-64,Rio de Janeiro,BR,sms
Ren,Kobayashi,ren.kobayashi.6827@customer360.test,+1-555-627-1599,active,35-44,Tokyo,JP,sms
Daniel,Delgado,daniel.delgado.6828@customer360.test,+1-555-628-1636,active,55-64,Merida,MX,email
Owen,Poirier,owen.poirier.6829@customer360.test,+1-555-629-1673,active,18-24,Toronto,CA,sms
Valeria,Delgado,valeria.delgado.6830@customer360.test,+1-555-630-1710,inactive,55-64,Mexico City,MX,sms
Parker Marie,Bennett,parker-marie.bennett.6831@customer360.test,+1-555-631-1747,inactive,18-24,San Diego,US,push
Caleb,Morgan,caleb.morgan.6832@customer360.test,+1-555-632-1784,active,45-54,Chicago,US,push
Kaito,Ito,kaito.ito.6833@customer360.test,+1-555-633-1821,active,45-54,Kyoto,JP,email
Mio Hiro,Sato,mio-hiro.sato.6834@customer360.test,+1-555-634-1858,active,35-44,Nagoya,JP,push
Diya,Desai,diya.desai.6835@customer360.test,+1-555-635-1895,active,35-44,Mumbai,IN,push
Parker,Cooper,parker.cooper.6836@customer360.test,+1-555-636-1932,active,35-44,Austin,US,push
Matteo,Lombardi,matteo.lombardi.6837@customer360.test,+1-555-637-1969,active,45-54,Rome,IT,sms
Jonas,Fischer,jonas.fischer.6838@customer360.test,+1-555-638-2006,active,25-34,Cologne,DE,email
Ethan,Bennett,ethan.bennett.6839@customer360.test,+1-555-639-2043,active,35-44,Seattle,US,email
Mateo,Mendoza,mateo.mendoza.6840@customer360.test,+1-555-640-2080,inactive,25-34,Queretaro,MX,sms
Elena,Fuentes,elena.fuentes.6841@customer360.test,+1-555-641-2117,inactive,55-64,Merida,MX,push
Diego,Vidal,diego.vidal.6842@customer360.test,+1-555-642-2154,active,18-24,Valencia,ES,email
Javier,Castillo,javier.castillo.6843@customer360.test,+1-555-643-2191,active,45-54,Mexico City,MX,sms
Jordan,Carter,jordan.carter.6844@customer360.test,+1-555-644-2228,active,35-44,Philadelphia,US,email
Davide Maria,Gallo,davide-maria.gallo.6845@customer360.test,+1-555-645-2265,active,18-24,Bologna,IT,push
Ishaan,Kapoor,ishaan.kapoor.6846@customer360.test,+1-555-646-2302,active,45-54,Kochi,IN,sms
Isla,Lawson,isla.lawson.6847@customer360.test,+1-555-647-2339,active,45-54,Leeds,GB,sms
Owen,Bouchard,owen.bouchard.6848@customer360.test,+1-555-648-2376,active,25-34,Montreal,CA,sms
Clara,Wagner,clara.wagner.6849@customer360.test,+1-555-649-2413,active,35-44,Munich,DE,sms
Vivaan,Iyer,vivaan.iyer.6850@customer360.test,+1-555-650-2450,active,25-34,Mumbai,IN,push
Arjun,Chua,arjun.chua.6851@customer360.test,+1-555-651-2487,active,25-34,Singapore,SG,push
Jordan,Reed,jordan.reed.6852@customer360.test,+1-555-652-2524,active,18-24,Minneapolis,US,email
Diya,Kulkarni,diya.kulkarni.6853@customer360.test,+1-555-653-2561,active,25-34,Kochi,IN,push
Mio Ken,Takahashi,mio-ken.takahashi.6854@customer360.test,+1-555-654-2598,active,25-34,Sapporo,JP,email
Elisa,Conti,elisa.conti.6855@customer360.test,+1-555-655-2635,active,25-34,Palermo,IT,push
Aditya,Pillai,aditya.pillai.6856@customer360.test,+1-555-656-2672,active,35-44,Kolkata,IN,email
Marcus,Ong,marcus.ong.6857@customer360.test,+1-555-657-2709,active,35-44,Singapore,SG,email
Vivaan,Rao,vivaan.rao.6858@customer360.test,+1-555-658-2746,active,35-44,Mumbai,IN,sms
Aarav,Saxena,aarav.saxena.6859@customer360.test,+1-555-659-2783,active,55-64,Bengaluru,IN,push
Amelie,Keller,amelie.keller.6860@customer360.test,+1-555-660-2820,inactive,35-44,Frankfurt,DE,push
Diya Priya,Sharma,diya-priya.sharma.6861@customer360.test,+1-555-661-2857,active,18-24,Hyderabad,IN,email
Ryan Min,Lee,ryan-min.lee.6862@customer360.test,+1-555-662-2894,active,25-34,Singapore,SG,sms
Maya,Van Wyk,maya.van-wyk.6863@customer360.test,+1-555-663-2931,active,45-54,Durban,ZA,email
Sofia,Rojas,sofia.rojas.6864@customer360.test,+1-555-664-2968,active,45-54,Seville,ES,push
Lucas,Sinclair,lucas.sinclair.6865@customer360.test,+1-555-665-3005,active,35-44,Toronto,CA,sms
Evie,Mercer,evie.mercer.6866@customer360.test,+1-555-666-3042,active,35-44,Bristol,GB,email
Louis,Laurent,louis.laurent.6867@customer360.test,+1-555-667-3079,active,25-34,Nantes,FR,email
Nana,Yoshida,nana.yoshida.6868@customer360.test,+1-555-668-3116,active,45-54,Kyoto,JP,email
Yui,Takahashi,yui.takahashi.6869@customer360.test,+1-555-669-3153,active,55-64,Tokyo,JP,sms
Noor,De Vries,noor.de-vries.6870@customer360.test,+1-555-670-3190,active,35-44,The Hague,NL,push
Liam,Fraser,liam.fraser.6871@customer360.test,+1-555-671-3227,active,25-34,Montreal,CA,email
Camila,Morales,camila.morales.6872@customer360.test,+1-555-672-3264,active,35-44,Guadalajara,MX,sms
Theo,Ellis,theo.ellis.6873@customer360.test,+1-555-673-3301,inactive,55-64,Edinburgh,GB,push
Aditi,Sharma,aditi.sharma.6874@customer360.test,+1-555-674-3338,active,25-34,Kochi,IN,email
Mateus Luiz,Costa,mateus-luiz.costa.6875@customer360.test,+1-555-675-3375,active,55-64,Recife,BR,sms
Kian,Nkosi,kian.nkosi.6876@customer360.test,+1-555-676-3412,active,45-54,Johannesburg,ZA,push
Amelie,Marchand,amelie.marchand.6877@customer360.test,+1-555-677-3449,active,25-34,Bordeaux,FR,email
Theo,Girard,theo.girard.6878@customer360.test,+1-555-678-3486,active,35-44,Lille,FR,sms
Kabir,Joshi,kabir.joshi.6879@customer360.test,+1-555-679-3523,active,35-44,Ahmedabad,IN,push
Harper,Reed,harper.reed.6880@customer360.test,+1-555-680-3560,active,25-34,Atlanta,US,email
Pablo,Rojas,pablo.rojas.6881@customer360.test,+1-555-681-3597,active,25-34,Malaga,ES,sms
Daiki,Tanaka,daiki.tanaka.6882@customer360.test,+1-555-682-3634,active,35-44,Kyoto,JP,sms
Haruto,Nakamura,haruto.nakamura.6883@customer360.test,+1-555-683-3671,active,45-54,Sapporo,JP,sms
Maeve,Fournier,maeve.fournier.6884@customer360.test,+1-555-684-3708,active,25-34,Edmonton,CA,email
Kabir Kiran,Bhat,kabir-kiran.bhat.6885@customer360.test,+1-555-685-3745,active,35-44,Kolkata,IN,email
Cheryl Min,Rahman,cheryl-min.rahman.6886@customer360.test,+1-555-686-3782,active,35-44,Singapore,SG,push
Lena,Neumann,lena.neumann.6887@customer360.test,+1-555-687-3819,active,35-44,Berlin,DE,email
Hugo,Whitmore,hugo.whitmore.6888@customer360.test,+1-555-688-3856,active,35-44,Birmingham,GB,email
Maeve,Lavoie,maeve.lavoie.6889@customer360.test,+1-555-689-3893,active,18-24,Ottawa,CA,push
Hamish,Sullivan,hamish.sullivan.6890@customer360.test,+1-555-690-3930,active,25-34,Melbourne,AU,sms
Ryan,Tan,ryan.tan.6891@customer360.test,+1-555-691-3967,active,35-44,Singapore,SG,sms
Rohan,Rao,rohan.rao.6892@customer360.test,+1-555-692-4004,active,55-64,Delhi,IN,email
Vihaan,Desai,vihaan.desai.6893@customer360.test,+1-555-693-4041,active,35-44,Mumbai,IN,push
Hamish,Hughes,hamish.hughes.6894@customer360.test,+1-555-694-4078,active,35-44,Melbourne,AU,push
Caio,Barbosa,caio.barbosa.6895@customer360.test,+1-555-695-4115,active,35-44,Recife,BR,email
Sofia,Mitchell,sofia.mitchell.6896@customer360.test,+1-555-696-4152,active,35-44,Seattle,US,email
Isla,Lawson,isla.lawson.6897@customer360.test,+1-555-697-4189,active,45-54,Manchester,GB,email
Amelie,Girard,amelie.girard.6898@customer360.test,+1-555-698-4226,active,45-54,Nantes,FR,push
Isabela,Nogueira,isabela.nogueira.6899@customer360.test,+1-555-699-4263,active,35-44,Rio de Janeiro,BR,push
Sofia,Bianchi,sofia.bianchi.6900@customer360.test,+1-555-700-4300,active,18-24,Milan,IT,sms
Ayanda Grace,Van Wyk,ayanda-grace.van-wyk.6901@customer360.test,+1-555-701-4337,active,45-54,Pretoria,ZA,sms
Callum,Cameron,callum.cameron.6902@customer360.test,+1-555-702-4374,active,25-34,Sydney,AU,email
Noah,Becker,noah.becker.6903@customer360.test,+1-555-703-4411,active,25-34,Munich,DE,push
Ayanda,Dlamini,ayanda.dlamini.6904@customer360.test,+1-555-704-4448,active,25-34,Johannesburg,ZA,sms
Amelie,Bennett,amelie.bennett.6905@customer360.test,+1-555-705-4485,active,45-54,Toronto,CA,push
Harper James,Bailey,harper-james.bailey.6906@customer360.test,+1-555-706-4522,active,55-64,Philadelphia,US,push
Kaito Miki,Yamada,kaito-miki.yamada.6907@customer360.test,+1-555-707-4559,inactive,35-44,Osaka,JP,push
Manon,Moreau,manon.moreau.6908@customer360.test,+1-555-708-4596,active,55-64,Toulouse,FR,push
Ishita,Rao,ishita.rao.6909@customer360.test,+1-555-709-4633,active,55-64,Kochi,IN,email
Mateo,Ortega,mateo.ortega.6910@customer360.test,+1-555-710-4670,active,25-34,Merida,MX,sms
Aditya,Iyer,aditya.iyer.6911@customer360.test,+1-555-711-4707,active,18-24,Ahmedabad,IN,push
Leo,Serrano,leo.serrano.6912@customer360.test,+1-555-712-4744,active,25-34,Barcelona,ES,email
Maya,Maseko,maya.maseko.6913@customer360.test,+1-555-713-4781,active,35-44,Gqeberha,ZA,email
Zinhle,Maseko,zinhle.maseko.6914@customer360.test,+1-555-714-4818,active,45-54,Pretoria,ZA,email
Matilda,Fletcher,matilda.fletcher.6915@customer360.test,+1-555-715-4855,active,35-44,Perth,AU,sms
Finn,Kruger,finn.kruger.6916@customer360.test,+1-555-716-4892,active,25-34,Cologne,DE,email
Beatriz,Mendes,beatriz.mendes.6917@customer360.test,+1-555-717-4929,active,25-34,Recife,BR,sms
Chloe,Fontaine,chloe.fontaine.6918@customer360.test,+1-555-718-4966,active,25-34,Toulouse,FR,push
Felix,Kruger,felix.kruger.6919@customer360.test,+1-555-719-5003,active,45-54,Hamburg,DE,email
Pedro,Oliveira,pedro.oliveira.6920@customer360.test,+1-555-720-5040,active,25-34,Curitiba,BR,sms
Gabriel,Araujo,gabriel.araujo.6921@customer360.test,+1-555-721-5077,active,45-54,Brasilia,BR,email
Finn,Vos,finn.vos.6922@customer360.test,+1-555-722-5114,active,25-34,Eindhoven,NL,push
Theo,Mercier,theo.mercier.6923@customer360.test,+1-555-723-5151,active,25-34,Paris,FR,email
Lena,Bennett,lena.bennett.6924@customer360.test,+1-555-724-5188,active,18-24,Atlanta,US,sms
Evie,Sinclair,evie.sinclair.6925@customer360.test,+1-555-725-5225,active,25-34,Glasgow,GB,sms
Naomi,Bennett,naomi.bennett.6926@customer360.test,+1-555-726-5262,active,25-34,Minneapolis,US,sms
Martin,Iglesias,martin.iglesias.6927@customer360.test,+1-555-727-5299,active,18-24,Barcelona,ES,push
Enzo,Costa,enzo.costa.6928@customer360.test,+1-555-728-5336,active,35-44,Salvador,BR,push
Ines,Fontaine,ines.fontaine.6929@customer360.test,+1-555-729-5373,active,35-44,Bordeaux,FR,sms
Hamish,Hughes,hamish.hughes.6930@customer360.test,+1-555-730-5410,active,35-44,Sydney,AU,email
Mia,Hayes,mia.hayes.6931@customer360.test,+1-555-731-5447,active,35-44,Hobart,AU,sms
Kavya Riya,Iyer,kavya-riya.iyer.6932@customer360.test,+1-555-732-5484,active,25-34,Kolkata,IN,email
Oliver,Fletcher,oliver.fletcher.6933@customer360.test,+1-555-733-5521,active,45-54,Manchester,GB,push
Camille,Sinclair,camille.sinclair.6934@customer360.test,+1-555-734-5558,active,45-54,Montreal,CA,sms
Bram,Bos,bram.bos.6935@customer360.test,+1-555-735-5595,active,45-54,Amsterdam,NL,email
Clara Marie,Campbell,clara-marie.campbell.6936@customer360.test,+1-555-736-5632,active,45-54,Halifax,CA,email
Quinn,Bailey,quinn.bailey.6937@customer360.test,+1-555-737-5669,active,25-34,Denver,US,email
Clara Luc,Laurent,clara-luc.laurent.6938@customer360.test,+1-555-738-5706,active,25-34,Lille,FR,email
Hamish,Anderson,hamish.anderson.6939@customer360.test,+1-555-739-5743,active,45-54,Sydney,AU,sms
Sakura Ken,Kobayashi,sakura-ken.kobayashi.6940@customer360.test,+1-555-740-5780,active,25-34,Sapporo,JP,email
Ishaan,Chatterjee,ishaan.chatterjee.6941@customer360.test,+1-555-741-5817,active,18-24,Kolkata,IN,email
Zinhle James,Mokoena,zinhle-james.mokoena.6942@customer360.test,+1-555-742-5854,inactive,55-64,Pretoria,ZA,email
Amelie,Kruger,amelie.kruger.6943@customer360.test,+1-555-743-5891,active,25-34,Frankfurt,DE,push
Oscar,Crawford,oscar.crawford.6944@customer360.test,+1-555-744-5928,active,35-44,Birmingham,GB,push
Riley,Ward,riley.ward.6945@customer360.test,+1-555-745-5965,active,18-24,Boston,US,email
Matilda Lee,Anderson,matilda-lee.anderson.6946@customer360.test,+1-555-746-6002,active,45-54,Adelaide,AU,email
Jia En,Lee,jia-en.lee.6947@customer360.test,+1-555-747-6039,active,35-44,Singapore,SG,email
Renata,Vargas,renata.vargas.6948@customer360.test,+1-555-748-6076,active,25-34,Queretaro,MX,push
Aiden,Maseko,aiden.maseko.6949@customer360.test,+1-555-749-6113,active,25-34,Gqeberha,ZA,sms
Kabir,Joshi,kabir.joshi.6950@customer360.test,+1-555-750-6150,active,25-34,Pune,IN,push
Caio,Teixeira,caio.teixeira.6951@customer360.test,+1-555-751-6187,active,35-44,Curitiba,BR,sms
Leon,Richter,leon.richter.6952@customer360.test,+1-555-752-6224,active,55-64,Stuttgart,DE,sms
Lena,Collins,lena.collins.6953@customer360.test,+1-555-753-6261,active,35-44,Portland,US,sms
Leon Marie,Hartmann,leon-marie.hartmann.6954@customer360.test,+1-555-754-6298,active,18-24,Hamburg,DE,sms
Theo Jane,Fletcher,theo-jane.fletcher.6955@customer360.test,+1-555-755-6335,active,45-54,Glasgow,GB,push
Mei Lin,Koh,mei-lin.koh.6956@customer360.test,+1-555-756-6372,active,25-34,Singapore,SG,push
Aarav,Mehta,aarav.mehta.6957@customer360.test,+1-555-757-6409,active,18-24,Hyderabad,IN,email
Meera,Joshi,meera.joshi.6958@customer360.test,+1-555-758-6446,active,18-24,Kochi,IN,email
Gabriel,Marchand,gabriel.marchand.6959@customer360.test,+1-555-759-6483,active,18-24,Bordeaux,FR,email
Daiki Ken,Takahashi,daiki-ken.takahashi.6960@customer360.test,+1-555-760-6520,active,25-34,Sapporo,JP,push
Giulia,Rossi,giulia.rossi.6961@customer360.test,+1-555-761-6557,active,45-54,Bologna,IT,push
Evie,Harrington,evie.harrington.6962@customer360.test,+1-555-762-6594,active,25-34,Edinburgh,GB,sms
Cooper James,Morgan,cooper-james.morgan.6963@customer360.test,+1-555-763-6631,active,35-44,Perth,AU,email
Hugo,Iglesias,hugo.iglesias.6964@customer360.test,+1-555-764-6668,active,55-64,Valencia,ES,email
Amara,Nkosi,amara.nkosi.6965@customer360.test,+1-555-765-6705,active,25-34,Johannesburg,ZA,sms
Nana Ken,Watanabe,nana-ken.watanabe.6966@customer360.test,+1-555-766-6742,active,55-64,Kyoto,JP,push
Hamish,McKenzie,hamish.mckenzie.6967@customer360.test,+1-555-767-6779,active,45-54,Perth,AU,sms
Sanne,Visser,sanne.visser.6968@customer360.test,+1-555-768-6816,active,25-34,Groningen,NL,email
Tara Kiran,Mehta,tara-kiran.mehta.6969@customer360.test,+1-555-769-6853,active,35-44,Pune,IN,email
Aisha,Rahman,aisha.rahman.6970@customer360.test,+1-555-770-6890,active,25-34,Singapore,SG,push
Renata Jose,Mendoza,renata-jose.mendoza.6971@customer360.test,+1-555-771-6927,active,18-24,Queretaro,MX,email
Evie,Lawson,evie.lawson.6972@customer360.test,+1-555-772-6964,active,25-34,Birmingham,GB,push
Sota,Yamamoto,sota.yamamoto.6973@customer360.test,+1-555-773-7001,active,25-34,Sapporo,JP,push
Jack,Anderson,jack.anderson.6974@customer360.test,+1-555-774-7038,active,25-34,Brisbane,AU,email
Lucas,Campbell,lucas.campbell.6975@customer360.test,+1-555-775-7075,active,35-44,Calgary,CA,push
Camille,Fournier,camille.fournier.6976@customer360.test,+1-555-776-7112,active,45-54,Toronto,CA,push
Mateo,Serrano,mateo.serrano.6977@customer360.test,+1-555-777-7149,active,45-54,Monterrey,MX,push
Mei,Kato,mei.kato.6978@customer360.test,+1-555-778-7186,active,25-34,Sapporo,JP,push
Caleb Lee,Parker,caleb-lee.parker.6979@customer360.test,+1-555-779-7223,active,35-44,Philadelphia,US,sms
Lena,Schneider,lena.schneider.6980@customer360.test,+1-555-780-7260,active,25-34,Munich,DE,email
Luiza,Oliveira,luiza.oliveira.6981@customer360.test,+1-555-781-7297,active,55-64,Sao Paulo,BR,email
Mathis,Chevalier,mathis.chevalier.6982@customer360.test,+1-555-782-7334,active,45-54,Lyon,FR,push
Maximilian,Neumann,maximilian.neumann.6983@customer360.test,+1-555-783-7371,active,25-34,Berlin,DE,push
Alfie,Whitmore,alfie.whitmore.6984@customer360.test,+1-555-784-7408,active,25-34,London,GB,sms
Noah,Bouchard,noah.bouchard.6985@customer360.test,+1-555-785-7445,inactive,35-44,Calgary,CA,email
Morgan,Parker,morgan.parker.6986@customer360.test,+1-555-786-7482,active,35-44,Atlanta,US,email
Lucia Jose,Castro,lucia-jose.castro.6987@customer360.test,+1-555-787-7519,active,45-54,Malaga,ES,push
Paul,Becker,paul.becker.6988@customer360.test,+1-555-788-7556,active,18-24,Berlin,DE,sms
Thiago,Ribeiro,thiago.ribeiro.6989@customer360.test,+1-555-789-7593,active,55-64,Rio de Janeiro,BR,email
Oscar,Sinclair,oscar.sinclair.6990@customer360.test,+1-555-790-7630,active,35-44,London,GB,email
Avery,Mitchell,avery.mitchell.6991@customer360.test,+1-555-791-7667,active,18-24,Austin,US,sms
Rin Ken,Sato,rin-ken.sato.6992@customer360.test,+1-555-792-7704,active,25-34,Fukuoka,JP,push
Aarav,Nair,aarav.nair.6993@customer360.test,+1-555-793-7741,inactive,55-64,Ahmedabad,IN,push
Ryan Kai,Wong,ryan-kai.wong.6994@customer360.test,+1-555-794-7778,active,25-34,Singapore,SG,email
Sana,Desai,sana.desai.6995@customer360.test,+1-555-795-7815,active,45-54,Chennai,IN,email
Clara Elise,Vogel,clara-elise.vogel.6996@customer360.test,+1-555-796-7852,active,55-64,Munich,DE,sms
Juliette,Girard,juliette.girard.6997@customer360.test,+1-555-797-7889,active,25-34,Paris,FR,sms
Sofia,Ferrari,sofia.ferrari.6998@customer360.test,+1-555-798-7926,active,45-54,Bologna,IT,sms
Maximilian,Keller,maximilian.keller.6999@customer360.test,+1-555-799-7963,active,25-34,Leipzig,DE,push
Rafael,Martins,rafael.martins.7000@customer360.test,+1-555-800-8000,active,55-64,Curitiba,BR,email
Hugo,Renard,hugo.renard.7001@customer360.test,+1-555-801-8037,active,45-54,Nantes,FR,push
Marie,Keller,marie.keller.7002@customer360.test,+1-555-802-8074,active,18-24,Frankfurt,DE,push
Theo,Lavoie,theo.lavoie.7003@customer360.test,+1-555-803-8111,active,35-44,Montreal,CA,email
Hugo Luc,Fontaine,hugo-luc.fontaine.7004@customer360.test,+1-555-804-8148,active,35-44,Paris,FR,email
Camila,Oliveira,camila.oliveira.7005@customer360.test,+1-555-805-8185,active,45-54,Recife,BR,push
Lotte Pieter,Van Dijk,lotte-pieter.van-dijk.7006@customer360.test,+1-555-806-8222,inactive,18-24,Groningen,NL,sms
Lucas Luiz,Martins,lucas-luiz.martins.7007@customer360.test,+1-555-807-8259,active,45-54,Salvador,BR,push
Paul,Hoffmann,paul.hoffmann.7008@customer360.test,+1-555-808-8296,active,35-44,Stuttgart,DE,push
Chiara,Romano,chiara.romano.7009@customer360.test,+1-555-809-8333,active,35-44,Turin,IT,email
Meera,Nair,meera.nair.7010@customer360.test,+1-555-810-8370,active,18-24,Hyderabad,IN,push
Liam,Lavoie,liam.lavoie.7011@customer360.test,+1-555-811-8407,inactive,25-34,Ottawa,CA,email
Isla,McKenzie,isla.mckenzie.7012@customer360.test,+1-555-812-8444,active,45-54,Brisbane,AU,sms
Caleb,Bailey,caleb.bailey.7013@customer360.test,+1-555-813-8481,active,18-24,Chicago,US,email
Taylor,Cooper,taylor.cooper.7014@customer360.test,+1-555-814-8518,active,25-34,Minneapolis,US,sms
Zara,McKenzie,zara.mckenzie.7015@customer360.test,+1-555-815-8555,active,18-24,Perth,AU,email
Marco,Conti,marco.conti.7016@customer360.test,+1-555-816-8592,active,35-44,Milan,IT,sms
Lucia,Mendoza,lucia.mendoza.7017@customer360.test,+1-555-817-8629,active,45-54,Queretaro,MX,push
Harper,Turner,harper.turner.7018@customer360.test,+1-555-818-8666,active,25-34,Boston,US,email
Kavya,Sharma,kavya.sharma.7019@customer360.test,+1-555-819-8703,active,25-34,Jaipur,IN,push
Rohan,Nair,rohan.nair.7020@customer360.test,+1-555-820-8740,active,25-34,Ahmedabad,IN,sms
Milan,Jansen,milan.jansen.7021@customer360.test,+1-555-821-8777,active,25-34,Amsterdam,NL,push
Vihaan,Sharma,vihaan.sharma.7022@customer360.test,+1-555-822-8814,active,18-24,Mumbai,IN,email
Thabo Grace,Botha,thabo-grace.botha.7023@customer360.test,+1-555-823-8851,active,35-44,Cape Town,ZA,push
Theo,Fournier,theo.fournier.7024@customer360.test,+1-555-824-8888,active,45-54,Ottawa,CA,sms
Ruby,Griffiths,ruby.griffiths.7025@customer360.test,+1-555-825-8925,inactive,35-44,Manchester,GB,sms
Theo Paul,Fontaine,theo-paul.fontaine.7026@customer360.test,+1-555-826-8962,active,35-44,Toulouse,FR,email
Finn,Wallace,finn.wallace.7027@customer360.test,+1-555-827-8999,active,18-24,Perth,AU,push
Aditya,Rao,aditya.rao.7028@customer360.test,+1-555-828-9036,active,55-64,Ahmedabad,IN,sms
Diego,Castillo,diego.castillo.7029@customer360.test,+1-555-829-9073,active,25-34,Guadalajara,MX,push
Oscar,Cameron,oscar.cameron.7030@customer360.test,+1-555-830-9110,active,55-64,Melbourne,AU,push
Paul,Hartmann,paul.hartmann.7031@customer360.test,+1-555-831-9147,active,25-34,Hamburg,DE,email
Siti,Rahman,siti.rahman.7032@customer360.test,+1-555-832-9184,active,18-24,Singapore,SG,sms
Jia En,Teo,jia-en.teo.7033@customer360.test,+1-555-833-9221,active,35-44,Singapore,SG,push
Giulia,Conti,giulia.conti.7034@customer360.test,+1-555-834-9258,active,45-54,Naples,IT,email
Gabriele,Ferrari,gabriele.ferrari.7035@customer360.test,+1-555-835-9295,active,45-54,Milan,IT,sms
Ruby Louise,Harrington,ruby-louise.harrington.7036@customer360.test,+1-555-836-9332,active,45-54,Leeds,GB,email
Sota,Watanabe,sota.watanabe.7037@customer360.test,+1-555-837-9369,active,25-34,Yokohama,JP,sms
Callum,Fletcher,callum.fletcher.7038@customer360.test,+1-555-838-9406,active,35-44,Melbourne,AU,sms
Nina,Mulder,nina.mulder.7039@customer360.test,+1-555-839-9443,active,25-34,Amsterdam,NL,push
Jesse,De Boer,jesse.de-boer.7040@customer360.test,+1-555-840-9480,active,18-24,Groningen,NL,push
Ryan,Chua,ryan.chua.7041@customer360.test,+1-555-841-9517,active,55-64,Singapore,SG,email
Riku,Tanaka,riku.tanaka.7042@customer360.test,+1-555-842-9554,active,18-24,Osaka,JP,sms
Nina,Bos,nina.bos.7043@customer360.test,+1-555-843-9591,active,45-54,Utrecht,NL,email
Mila,Wagner,mila.wagner.7044@customer360.test,+1-555-844-9628,active,25-34,Berlin,DE,push
Oscar,Harrington,oscar.harrington.7045@customer360.test,+1-555-845-9665,active,45-54,Manchester,GB,sms
Mateo,Serrano,mateo.serrano.7046@customer360.test,+1-555-846-9702,active,55-64,Queretaro,MX,sms
Yuto,Sato,yuto.sato.7047@customer360.test,+1-555-847-9739,active,25-34,Tokyo,JP,push
Mateus,Nogueira,mateus.nogueira.7048@customer360.test,+1-555-848-9776,active,35-44,Salvador,BR,sms
Haruto,Nakamura,haruto.nakamura.7049@customer360.test,+1-555-849-9813,inactive,35-44,Tokyo,JP,sms
Ishaan,Chatterjee,ishaan.chatterjee.7050@customer360.test,+1-555-850-9850,active,25-34,Chennai,IN,push
Mateo,Marin,mateo.marin.7051@customer360.test,+1-555-851-9887,active,25-34,Seville,ES,sms
Diego,Castillo,diego.castillo.7052@customer360.test,+1-555-852-9924,active,55-64,Mexico City,MX,push
Callum,Reid,callum.reid.7053@customer360.test,+1-555-853-9961,inactive,25-34,Perth,AU,push
Mathis,Marchand,mathis.marchand.7054@customer360.test,+1-555-854-9998,active,18-24,Paris,FR,email
Ethan,Reed,ethan.reed.7055@customer360.test,+1-555-855-1035,active,45-54,Atlanta,US,push
Elena,Fuentes,elena.fuentes.7056@customer360.test,+1-555-856-1072,active,25-34,Monterrey,MX,push
Nana Miki,Takahashi,nana-miki.takahashi.7057@customer360.test,+1-555-857-1109,active,45-54,Kyoto,JP,push
Oscar,Bennett,oscar.bennett.7058@customer360.test,+1-555-858-1146,active,25-34,Glasgow,GB,email
George Jane,Chapman,george-jane.chapman.7059@customer360.test,+1-555-859-1183,active,25-34,London,GB,sms
Enzo,Carvalho,enzo.carvalho.7060@customer360.test,+1-555-860-1220,active,25-34,Brasilia,BR,push
Ethan,Morgan,ethan.morgan.7061@customer360.test,+1-555-861-1257,inactive,45-54,Philadelphia,US,sms
Elena,Fuentes,elena.fuentes.7062@customer360.test,+1-555-862-1294,active,35-44,Puebla,MX,sms
Julian,Poirier,julian.poirier.7063@customer360.test,+1-555-863-1331,active,18-24,Ottawa,CA,sms
Carmen,Ortega,carmen.ortega.7064@customer360.test,+1-555-864-1368,active,25-34,Madrid,ES,sms
Sanne,De Vries,sanne.de-vries.7065@customer360.test,+1-555-865-1405,active,25-34,The Hague,NL,sms
Yuto,Suzuki,yuto.suzuki.7066@customer360.test,+1-555-866-1442,active,18-24,Kyoto,JP,sms
Sienna,Anderson,sienna.anderson.7067@customer360.test,+1-555-867-1479,active,35-44,Perth,AU,push
Miles,Carter,miles.carter.7068@customer360.test,+1-555-868-1516,active,55-64,San Diego,US,email
Hina,Takahashi,hina.takahashi.7069@customer360.test,+1-555-869-1553,active,35-44,Nagoya,JP,email
Mio,Nakamura,mio.nakamura.7070@customer360.test,+1-555-870-1590,active,55-64,Nagoya,JP,sms
Daniel,Vargas,daniel.vargas.7071@customer360.test,+1-555-871-1627,active,35-44,Monterrey,MX,push
Ethan,Lim,ethan.lim.7072@customer360.test,+1-555-872-1664,active,25-34,Singapore,SG,sms
Jonas,Vogel,jonas.vogel.7073@customer360.test,+1-555-873-1701,active,25-34,Hamburg,DE,email
Naomi,Turner,naomi.turner.7074@customer360.test,+1-555-874-1738,active,45-54,Atlanta,US,email
Vihaan,Saxena,vihaan.saxena.7075@customer360.test,+1-555-875-1775,active,18-24,Ahmedabad,IN,sms
Oscar,Ellis,oscar.ellis.7076@customer360.test,+1-555-876-1812,active,45-54,Birmingham,GB,email
Tara,Nair,tara.nair.7077@customer360.test,+1-555-877-1849,active,45-54,Chennai,IN,push
Cameron,Foster,cameron.foster.7078@customer360.test,+1-555-878-1886,active,35-44,Chicago,US,push
Sana,Iyer,sana.iyer.7079@customer360.test,+1-555-879-1923,active,35-44,Chennai,IN,email
Sota,Watanabe,sota.watanabe.7080@customer360.test,+1-555-880-1960,active,18-24,Osaka,JP,push
Sana,Iyer,sana.iyer.7081@customer360.test,+1-555-881-1997,active,45-54,Hyderabad,IN,push
Liam Louis,Mercer,liam-louis.mercer.7082@customer360.test,+1-555-882-2034,active,35-44,Toronto,CA,sms
Manon,Rousseau,manon.rousseau.7083@customer360.test,+1-555-883-2071,active,45-54,Marseille,FR,sms
Mariana,Mendoza,mariana.mendoza.7084@customer360.test,+1-555-884-2108,active,55-64,Mexico City,MX,push
Jack,Reid,jack.reid.7085@customer360.test,+1-555-885-2145,active,18-24,Melbourne,AU,push
Eva,Bakker,eva.bakker.7086@customer360.test,+1-555-886-2182,active,55-64,Utrecht,NL,push
Dylan,Bailey,dylan.bailey.7087@customer360.test,+1-555-887-2219,active,35-44,Minneapolis,US,sms
Rafael,Oliveira,rafael.oliveira.7088@customer360.test,+1-555-888-2256,active,18-24,Rio de Janeiro,BR,email
Matteo,Conti,matteo.conti.7089@customer360.test,+1-555-889-2293,inactive,35-44,Bologna,IT,push
Gabriele,Gallo,gabriele.gallo.7090@customer360.test,+1-555-890-2330,active,55-64,Turin,IT,sms
Leo,Navarro,leo.navarro.7091@customer360.test,+1-555-891-2367,active,25-34,Bilbao,ES,email
Vihaan,Saxena,vihaan.saxena.7092@customer360.test,+1-555-892-2404,active,25-34,Kochi,IN,sms
Leon,Hartmann,leon.hartmann.7093@customer360.test,+1-555-893-2441,active,25-34,Berlin,DE,email
Sipho,Botha,sipho.botha.7094@customer360.test,+1-555-894-2478,active,25-34,Gqeberha,ZA,email
Valentina,Ferreira,valentina.ferreira.7095@customer360.test,+1-555-895-2515,active,45-54,Sao Paulo,BR,email
Ruby,Mercer,ruby.mercer.7096@customer360.test,+1-555-896-2552,active,25-34,Edinburgh,GB,email
Javier,Castillo,javier.castillo.7097@customer360.test,+1-555-897-2589,active,45-54,Monterrey,MX,sms
Emiliano,Ortega,emiliano.ortega.7098@customer360.test,+1-555-898-2626,active,18-24,Queretaro,MX,sms
Paul,Becker,paul.becker.7099@customer360.test,+1-555-899-2663,active,35-44,Hamburg,DE,email
Miles,Mitchell,miles.mitchell.7100@customer360.test,+1-555-900-2700,active,35-44,Minneapolis,US,email
Finn,Kruger,finn.kruger.7101@customer360.test,+1-555-901-2737,active,55-64,Leipzig,DE,sms
Aoi,Sato,aoi.sato.7102@customer360.test,+1-555-902-2774,active,35-44,Kyoto,JP,sms
Wei Ming,Lim,wei-ming.lim.7103@customer360.test,+1-555-903-2811,active,35-44,Singapore,SG,push
Sipho,Jacobs,sipho.jacobs.7104@customer360.test,+1-555-904-2848,active,55-64,Johannesburg,ZA,sms
Jack,McKenzie,jack.mckenzie.7105@customer360.test,+1-555-905-2885,active,35-44,Adelaide,AU,push
Lucas,Visser,lucas.visser.7106@customer360.test,+1-555-906-2922,active,18-24,Utrecht,NL,sms
Isabela,Barbosa,isabela.barbosa.7107@customer360.test,+1-555-907-2959,active,45-54,Brasilia,BR,email
Marcus,Wong,marcus.wong.7108@customer360.test,+1-555-908-2996,active,45-54,Singapore,SG,email
Sanne,Bakker,sanne.bakker.7109@customer360.test,+1-555-909-3033,active,35-44,Amsterdam,NL,email
Jordan,Mitchell,jordan.mitchell.7110@customer360.test,+1-555-910-3070,active,45-54,San Diego,US,email
Logan Lee,Mitchell,logan-lee.mitchell.7111@customer360.test,+1-555-911-3107,active,25-34,Portland,US,email
Diya,Joshi,diya.joshi.7112@customer360.test,+1-555-912-3144,active,25-34,Pune,IN,push
Chiara,Rossi,chiara.rossi.7113@customer360.test,+1-555-913-3181,active,35-44,Rome,IT,sms
Oscar,Hayes,oscar.hayes.7114@customer360.test,+1-555-914-3218,active,25-34,Perth,AU,sms
Rin,Yamada,rin.yamada.7115@customer360.test,+1-555-915-3255,inactive,55-64,Yokohama,JP,push
Gabriele,Gallo,gabriele.gallo.7116@customer360.test,+1-555-916-3292,active,45-54,Florence,IT,push
Owen Louis,Bennett,owen-louis.bennett.7117@customer360.test,+1-555-917-3329,active,45-54,Ottawa,CA,email
Finn Pieter,Visser,finn-pieter.visser.7118@customer360.test,+1-555-918-3366,active,35-44,Utrecht,NL,push
Amelie,Campbell,amelie.campbell.7119@customer360.test,+1-555-919-3403,active,45-54,Halifax,CA,push
Nana,Kato,nana.kato.7120@customer360.test,+1-555-920-3440,active,25-34,Tokyo,JP,sms
Marie,Schneider,marie.schneider.7121@customer360.test,+1-555-921-3477,active,45-54,Leipzig,DE,sms
Darren,Tan,darren.tan.7122@customer360.test,+1-555-922-3514,active,18-24,Singapore,SG,sms
Felix,Richter,felix.richter.7123@customer360.test,+1-555-923-3551,active,35-44,Munich,DE,push
Daiki,Yoshida,daiki.yoshida.7124@customer360.test,+1-555-924-3588,inactive,25-34,Kyoto,JP,push
Leah,Gauthier,leah.gauthier.7125@customer360.test,+1-555-925-3625,active,18-24,Montreal,CA,push
Mateus,Martins,mateus.martins.7126@customer360.test,+1-555-926-3662,active,25-34,Salvador,BR,sms
Felix,Becker,felix.becker.7127@customer360.test,+1-555-927-3699,active,25-34,Hamburg,DE,sms
Ethan,Reed,ethan.reed.7128@customer360.test,+1-555-928-3736,inactive,45-54,Boston,US,sms
Nana,Takahashi,nana.takahashi.7129@customer360.test,+1-555-929-3773,active,18-24,Osaka,JP,email
Ishita,Mehta,ishita.mehta.7130@customer360.test,+1-555-930-3810,active,55-64,Kochi,IN,email
Camille,Beaulieu,camille.beaulieu.7131@customer360.test,+1-555-931-3847,active,18-24,Montreal,CA,email
Beatrice,Esposito,beatrice.esposito.7132@customer360.test,+1-555-932-3884,active,45-54,Milan,IT,email
Helena,Martins,helena.martins.7133@customer360.test,+1-555-933-3921,active,25-34,Recife,BR,push
Jia En,Ng,jia-en.ng.7134@customer360.test,+1-555-934-3958,active,35-44,Singapore,SG,sms
Amelie,Dubois,amelie.dubois.7135@customer360.test,+1-555-935-3995,active,18-24,Lyon,FR,email
Logan Rose,Cooper,logan-rose.cooper.7136@customer360.test,+1-555-936-4032,active,35-44,Philadelphia,US,push
Emilia,Brandt,emilia.brandt.7137@customer360.test,+1-555-937-4069,active,45-54,Leipzig,DE,sms
Liam,Sinclair,liam.sinclair.7138@customer360.test,+1-555-938-4106,active,18-24,Ottawa,CA,email
Clara,Lefevre,clara.lefevre.7139@customer360.test,+1-555-939-4143,active,18-24,Nantes,FR,sms
Jonas Lukas,Kruger,jonas-lukas.kruger.7140@customer360.test,+1-555-940-4180,active,45-54,Frankfurt,DE,push
Avery,Foster,avery.foster.7141@customer360.test,+1-555-941-4217,active,45-54,Atlanta,US,email
Oscar James,Hughes,oscar-james.hughes.7142@customer360.test,+1-555-942-4254,active,35-44,Adelaide,AU,sms
Emiliano,Morales,emiliano.morales.7143@customer360.test,+1-555-943-4291,active,35-44,Puebla,MX,push
Riley,Mitchell,riley.mitchell.7144@customer360.test,+1-555-944-4328,active,25-34,Portland,US,sms
Aditya,Sharma,aditya.sharma.7145@customer360.test,+1-555-945-4365,inactive,55-64,Chennai,IN,email
Tara,Kapoor,tara.kapoor.7146@customer360.test,+1-555-946-4402,active,45-54,Kochi,IN,sms
Parker,Reed,parker.reed.7147@customer360.test,+1-555-947-4439,active,35-44,Chicago,US,sms
Sota Hiro,Yoshida,sota-hiro.yoshida.7148@customer360.test,+1-555-948-4476,active,25-34,Yokohama,JP,push
Maeve,Morrison,maeve.morrison.7149@customer360.test,+1-555-949-4513,active,25-34,Halifax,CA,sms
Juliette,Moreau,juliette.moreau.7150@customer360.test,+1-555-950-4550,active,25-34,Toulouse,FR,email
Elena,Rojas,elena.rojas.7151@customer360.test,+1-555-951-4587,active,25-34,Barcelona,ES,push
Ayanda,Naidoo,ayanda.naidoo.7152@customer360.test,+1-555-952-4624,active,45-54,Cape Town,ZA,email
Daniel Jose,Rios,daniel-jose.rios.7153@customer360.test,+1-555-953-4661,active,25-34,Monterrey,MX,email
Nora,Cooper,nora.cooper.7154@customer360.test,+1-555-954-4698,active,35-44,Seattle,US,sms
George,Crawford,george.crawford.7155@customer360.test,+1-555-955-4735,active,25-34,Manchester,GB,email
Luiza,Nogueira,luiza.nogueira.7156@customer360.test,+1-555-956-4772,active,45-54,Porto Alegre,BR,email
Elena,Castro,elena.castro.7157@customer360.test,+1-555-957-4809,active,45-54,Bilbao,ES,sms
Ethan Kai,Ismail,ethan-kai.ismail.7158@customer360.test,+1-555-958-4846,active,55-64,Singapore,SG,sms
Diya,Sharma,diya.sharma.7159@customer360.test,+1-555-959-4883,active,55-64,Kolkata,IN,email
Marie,Hoffmann,marie.hoffmann.7160@customer360.test,+1-555-960-4920,active,55-64,Berlin,DE,sms
Pablo,Rojas,pablo.rojas.7161@customer360.test,+1-555-961-4957,active,18-24,Bilbao,ES,push
Thiago,Teixeira,thiago.teixeira.7162@customer360.test,+1-555-962-4994,active,25-34,Salvador,BR,push
Yui,Ito,yui.ito.7163@customer360.test,+1-555-963-5031,active,35-44,Sapporo,JP,push
Aditya,Rao,aditya.rao.7164@customer360.test,+1-555-964-5068,active,35-44,Kochi,IN,email
Jordan,Cooper,jordan.cooper.7165@customer360.test,+1-555-965-5105,active,45-54,San Diego,US,email
Nur,Chua,nur.chua.7166@customer360.test,+1-555-966-5142,active,45-54,Singapore,SG,email
Aiden,Van Wyk,aiden.van-wyk.7167@customer360.test,+1-555-967-5179,active,45-54,Pretoria,ZA,push
Evie,Ellis,evie.ellis.7168@customer360.test,+1-555-968-5216,active,45-54,Leeds,GB,push
Nur Rui,Rahman,nur-rui.rahman.7169@customer360.test,+1-555-969-5253,active,35-44,Singapore,SG,email
Quinn,Foster,quinn.foster.7170@customer360.test,+1-555-970-5290,active,35-44,Denver,US,sms
Eva,Jansen,eva.jansen.7171@customer360.test,+1-555-971-5327,active,35-44,Eindhoven,NL,email
Leah,Mercer,leah.mercer.7172@customer360.test,+1-555-972-5364,active,35-44,Calgary,CA,email
Lucas,Carvalho,lucas.carvalho.7173@customer360.test,+1-555-973-5401,inactive,25-34,Sao Paulo,BR,email
Aarav Raj,Chatterjee,aarav-raj.chatterjee.7174@customer360.test,+1-555-974-5438,active,25-34,Chennai,IN,sms
Oliver,Chapman,oliver.chapman.7175@customer360.test,+1-555-975-5475,active,35-44,Glasgow,GB,sms
Naomi,Ward,naomi.ward.7176@customer360.test,+1-555-976-5512,active,35-44,Denver,US,email
Nisha,Pillai,nisha.pillai.7177@customer360.test,+1-555-977-5549,active,55-64,Delhi,IN,push
Yuto Ken,Yamamoto,yuto-ken.yamamoto.7178@customer360.test,+1-555-978-5586,active,35-44,Fukuoka,JP,push
Alfie,Harrington,alfie.harrington.7179@customer360.test,+1-555-979-5623,active,55-64,London,GB,email
Ishita,Saxena,ishita.saxena.7180@customer360.test,+1-555-980-5660,active,25-34,Mumbai,IN,push
Camille Paul,Laurent,camille-paul.laurent.7181@customer360.test,+1-555-981-5697,active,35-44,Nantes,FR,push
Gabriele Maria,Conti,gabriele-maria.conti.7182@customer360.test,+1-555-982-5734,active,25-34,Milan,IT,sms
Mila,Morrison,mila.morrison.7183@customer360.test,+1-555-983-5771,active,18-24,Montreal,CA,push
Leah,Poirier,leah.poirier.7184@customer360.test,+1-555-984-5808,active,35-44,Edmonton,CA,email
Chloe,Mercer,chloe.mercer.7185@customer360.test,+1-555-985-5845,active,25-34,Montreal,CA,sms
Clara,Poirier,clara.poirier.7186@customer360.test,+1-555-986-5882,active,18-24,Calgary,CA,email
Vihaan,Menon,vihaan.menon.7187@customer360.test,+1-555-987-5919,active,35-44,Chennai,IN,email
Marco Luca,Moretti,marco-luca.moretti.7188@customer360.test,+1-555-988-5956,active,25-34,Milan,IT,email
Rin Hiro,Sato,rin-hiro.sato.7189@customer360.test,+1-555-989-5993,active,25-34,Fukuoka,JP,push
Gabriel,Mercier,gabriel.mercier.7190@customer360.test,+1-555-990-6030,active,55-64,Nantes,FR,sms
Nina,Smit,nina.smit.7191@customer360.test,+1-555-991-6067,inactive,35-44,Rotterdam,NL,push
Alice,Costa,alice.costa.7192@customer360.test,+1-555-992-6104,inactive,25-34,Palermo,IT,push
Dylan Kai,Collins,dylan-kai.collins.7193@customer360.test,+1-555-993-6141,active,45-54,Denver,US,sms
Maya James,Russell,maya-james.russell.7194@customer360.test,+1-555-994-6178,active,55-64,Denver,US,push
Vihaan,Menon,vihaan.menon.7195@customer360.test,+1-555-995-6215,active,25-34,Ahmedabad,IN,push
Elena Maria,Cabrera,elena-maria.cabrera.7196@customer360.test,+1-555-996-6252,active,18-24,Malaga,ES,email
Logan,Cooper,logan.cooper.7197@customer360.test,+1-555-997-6289,active,18-24,Portland,US,sms
Sophie Claire,Bennett,sophie-claire.bennett.7198@customer360.test,+1-555-998-6326,inactive,25-34,Vancouver,CA,sms
Maisie,Ellis,maisie.ellis.7199@customer360.test,+1-555-999-6363,active,45-54,London,GB,email
Eva,De Vries,eva.de-vries.7200@customer360.test,+1-555-100-6400,active,18-24,Eindhoven,NL,push
Ruby,Sinclair,ruby.sinclair.7201@customer360.test,+1-555-101-6437,active,25-34,London,GB,sms
Daiki Aya,Ito,daiki-aya.ito.7202@customer360.test,+1-555-102-6474,active,45-54,Kyoto,JP,sms
Kabir Raj,Menon,kabir-raj.menon.7203@customer360.test,+1-555-103-6511,active,18-24,Pune,IN,push
Freya Louise,Whitmore,freya-louise.whitmore.7204@customer360.test,+1-555-104-6548,active,35-44,Birmingham,GB,push
Mariana,Teixeira,mariana.teixeira.7205@customer360.test,+1-555-105-6585,active,25-34,Porto Alegre,BR,push
Lerato Lee,Nkosi,lerato-lee.nkosi.7206@customer360.test,+1-555-106-6622,active,25-34,Bloemfontein,ZA,push
Caleb Alex,Cooper,caleb-alex.cooper.7207@customer360.test,+1-555-107-6659,active,45-54,Philadelphia,US,push
Daniel,Serrano,daniel.serrano.7208@customer360.test,+1-555-108-6696,active,18-24,Queretaro,MX,push
Vihaan,Bhat,vihaan.bhat.7209@customer360.test,+1-555-109-6733,inactive,25-34,Pune,IN,email
Sofia,Hayes,sofia.hayes.7210@customer360.test,+1-555-110-6770,active,45-54,Seattle,US,email
Diego Carmen,Navarro,diego-carmen.navarro.7211@customer360.test,+1-555-111-6807,active,18-24,Madrid,ES,sms
Aarav,Menon,aarav.menon.7212@customer360.test,+1-555-112-6844,active,35-44,Kochi,IN,push
Sanne,Bos,sanne.bos.7213@customer360.test,+1-555-113-6881,active,35-44,Rotterdam,NL,sms
Clara Marie,Bennett,clara-marie.bennett.7214@customer360.test,+1-555-114-6918,active,25-34,Halifax,CA,push
Aarav,Nair,aarav.nair.7215@customer360.test,+1-555-115-6955,active,35-44,Pune,IN,email
Juliette,Lefevre,juliette.lefevre.7216@customer360.test,+1-555-116-6992,active,55-64,Paris,FR,push
Vivaan,Saxena,vivaan.saxena.7217@customer360.test,+1-555-117-7029,active,25-34,Mumbai,IN,push
Zara,Fletcher,zara.fletcher.7218@customer360.test,+1-555-118-7066,active,18-24,Sydney,AU,push
Ethan Marie,Bennett,ethan-marie.bennett.7219@customer360.test,+1-555-119-7103,active,25-34,Boston,US,push
Oscar,Fletcher,oscar.fletcher.7220@customer360.test,+1-555-120-7140,active,25-34,Bristol,GB,push
Lerato,Van Wyk,lerato.van-wyk.7221@customer360.test,+1-555-121-7177,active,45-54,Bloemfontein,ZA,push
Pablo,Vidal,pablo.vidal.7222@customer360.test,+1-555-122-7214,active,45-54,Bilbao,ES,sms
Sota,Kato,sota.kato.7223@customer360.test,+1-555-123-7251,active,35-44,Osaka,JP,email
Helena,Martins,helena.martins.7224@customer360.test,+1-555-124-7288,active,25-34,Sao Paulo,BR,sms
Nina,Mulder,nina.mulder.7225@customer360.test,+1-555-125-7325,active,35-44,Groningen,NL,email
Dylan,Cooper,dylan.cooper.7226@customer360.test,+1-555-126-7362,active,25-34,Philadelphia,US,push
Beatrice,Romano,beatrice.romano.7227@customer360.test,+1-555-127-7399,active,35-44,Bologna,IT,sms
Sana,Pillai,sana.pillai.7228@customer360.test,+1-555-128-7436,active,25-34,Mumbai,IN,sms
Valentina,Carvalho,valentina.carvalho.7229@customer360.test,+1-555-129-7473,inactive,18-24,Sao Paulo,BR,email
Kai Wen,Teo,kai-wen.teo.7230@customer360.test,+1-555-130-7510,inactive,35-44,Singapore,SG,email
Harper,Ward,harper.ward.7231@customer360.test,+1-555-131-7547,active,25-34,Denver,US,push
Emilia,Wagner,emilia.wagner.7232@customer360.test,+1-555-132-7584,active,25-34,Cologne,DE,sms
Harper,Parker,harper.parker.7233@customer360.test,+1-555-133-7621,active,25-34,Boston,US,push
Chloe,Lefevre,chloe.lefevre.7234@customer360.test,+1-555-134-7658,active,55-64,Marseille,FR,push
Gabriel Clara,Nogueira,gabriel-clara.nogueira.7235@customer360.test,+1-555-135-7695,active,25-34,Porto Alegre,BR,email
Nisha,Rao,nisha.rao.7236@customer360.test,+1-555-136-7732,inactive,25-34,Kochi,IN,email
Aoi,Tanaka,aoi.tanaka.7237@customer360.test,+1-555-137-7769,active,35-44,Yokohama,JP,push
Sofia,Brooks,sofia.brooks.7238@customer360.test,+1-555-138-7806,active,25-34,Chicago,US,email
Helena,Carvalho,helena.carvalho.7239@customer360.test,+1-555-139-7843,active,18-24,Rio de Janeiro,BR,email
Valeria,Morales,valeria.morales.7240@customer360.test,+1-555-140-7880,active,45-54,Mexico City,MX,email
Miles James,Bailey,miles-james.bailey.7241@customer360.test,+1-555-141-7917,active,25-34,Denver,US,email
Arthur,Mercier,arthur.mercier.7242@customer360.test,+1-555-142-7954,active,25-34,Lille,FR,push
Jonas,Hoffmann,jonas.hoffmann.7243@customer360.test,+1-555-143-7991,active,35-44,Munich,DE,sms
Helena,Araujo,helena.araujo.7244@customer360.test,+1-555-144-8028,active,35-44,Recife,BR,push
Mila,Vogel,mila.vogel.7245@customer360.test,+1-555-145-8065,active,45-54,Munich,DE,push
Hugo,Garcia,hugo.garcia.7246@customer360.test,+1-555-146-8102,active,25-34,Valencia,ES,sms
Siti Jia,Rahman,siti-jia.rahman.7247@customer360.test,+1-555-147-8139,active,35-44,Singapore,SG,sms
Harper,Turner,harper.turner.7248@customer360.test,+1-555-148-8176,active,55-64,Atlanta,US,push
Zoe,Ward,zoe.ward.7249@customer360.test,+1-555-149-8213,active,35-44,Minneapolis,US,push
Owen,Sinclair,owen.sinclair.7250@customer360.test,+1-555-150-8250,inactive,55-64,Toronto,CA,push
Lena,Bailey,lena.bailey.7251@customer360.test,+1-555-151-8287,active,25-34,Atlanta,US,sms
Mila Marie,Brandt,mila-marie.brandt.7252@customer360.test,+1-555-152-8324,active,25-34,Hamburg,DE,sms
Valentina,Mendes,valentina.mendes.7253@customer360.test,+1-555-153-8361,inactive,18-24,Sao Paulo,BR,push
Alice,Esposito,alice.esposito.7254@customer360.test,+1-555-154-8398,active,25-34,Rome,IT,push
Caio,Teixeira,caio.teixeira.7255@customer360.test,+1-555-155-8435,active,25-34,Salvador,BR,email
Sana Kiran,Rao,sana-kiran.rao.7256@customer360.test,+1-555-156-8472,active,25-34,Kolkata,IN,push
Valentina,Ferreira,valentina.ferreira.7257@customer360.test,+1-555-157-8509,active,18-24,Porto Alegre,BR,email
Jia En,Rahman,jia-en.rahman.7258@customer360.test,+1-555-158-8546,active,25-34,Singapore,SG,email
Lotte,Bos,lotte.bos.7259@customer360.test,+1-555-159-8583,active,55-64,Groningen,NL,push
Mateus,Carvalho,mateus.carvalho.7260@customer360.test,+1-555-160-8620,active,18-24,Brasilia,BR,sms
Enzo,Nogueira,enzo.nogueira.7261@customer360.test,+1-555-161-8657,active,25-34,Salvador,BR,push
Noah,Bennett,noah.bennett.7262@customer360.test,+1-555-162-8694,active,35-44,Calgary,CA,push
Ishita,Iyer,ishita.iyer.7263@customer360.test,+1-555-163-8731,inactive,25-34,Mumbai,IN,sms
Giulia,Gallo,giulia.gallo.7264@customer360.test,+1-555-164-8768,active,25-34,Bologna,IT,push
Harper Alex,Russell,harper-alex.russell.7265@customer360.test,+1-555-165-8805,active,25-34,Chicago,US,push
Hannah Lukas,Becker,hannah-lukas.becker.7266@customer360.test,+1-555-166-8842,inactive,45-54,Munich,DE,push
Lucia Elena,Ortega,lucia-elena.ortega.7267@customer360.test,+1-555-167-8879,active,45-54,Queretaro,MX,sms
Callum,Reid,callum.reid.7268@customer360.test,+1-555-168-8916,active,25-34,Hobart,AU,sms
Thiago Maria,Nogueira,thiago-maria.nogueira.7269@customer360.test,+1-555-169-8953,active,35-44,Brasilia,BR,email
Camille,Beaulieu,camille.beaulieu.7270@customer360.test,+1-555-170-8990,active,25-34,Vancouver,CA,sms
Theo,Girard,theo.girard.7271@customer360.test,+1-555-171-9027,active,45-54,Lyon,FR,email
Oscar Louise,Fletcher,oscar-louise.fletcher.7272@customer360.test,+1-555-172-9064,active,45-54,Birmingham,GB,email
Arthur,Chevalier,arthur.chevalier.7273@customer360.test,+1-555-173-9101,active,25-34,Lille,FR,email
Jordan,Carter,jordan.carter.7274@customer360.test,+1-555-174-9138,active,25-34,Portland,US,sms
Caio,Martins,caio.martins.7275@customer360.test,+1-555-175-9175,active,25-34,Brasilia,BR,sms
Caio,Carvalho,caio.carvalho.7276@customer360.test,+1-555-176-9212,inactive,18-24,Recife,BR,sms
Milan Jan,Meijer,milan-jan.meijer.7277@customer360.test,+1-555-177-9249,active,35-44,Utrecht,NL,email
Ishita,Kapoor,ishita.kapoor.7278@customer360.test,+1-555-178-9286,active,18-24,Bengaluru,IN,email
Elliot,Morgan,elliot.morgan.7279@customer360.test,+1-555-179-9323,active,35-44,Brisbane,AU,sms
Ethan Alex,Mitchell,ethan-alex.mitchell.7280@customer360.test,+1-555-180-9360,active,25-34,San Diego,US,sms
Taylor,Ward,taylor.ward.7281@customer360.test,+1-555-181-9397,active,25-34,Seattle,US,push
Rafael,Ferreira,rafael.ferreira.7282@customer360.test,+1-555-182-9434,active,25-34,Recife,BR,sms
Kai Wen,Ong,kai-wen.ong.7283@customer360.test,+1-555-183-9471,active,25-34,Singapore,SG,push
Isla,Hayes,isla.hayes.7284@customer360.test,+1-555-184-9508,active,25-34,Perth,AU,sms
Kavya,Iyer,kavya.iyer.7285@customer360.test,+1-555-185-9545,active,45-54,Bengaluru,IN,push
Clara,Marchand,clara.marchand.7286@customer360.test,+1-555-186-9582,active,35-44,Paris,FR,push
Yui,Sato,yui.sato.7287@customer360.test,+1-555-187-9619,active,35-44,Yokohama,JP,email
Nana,Tanaka,nana.tanaka.7288@customer360.test,+1-555-188-9656,active,25-34,Osaka,JP,sms
Beatrice,Costa,beatrice.costa.7289@customer360.test,+1-555-189-9693,active,18-24,Rome,IT,sms
George,Crawford,george.crawford.7290@customer360.test,+1-555-190-9730,active,45-54,Leeds,GB,sms
Felix,Becker,felix.becker.7291@customer360.test,+1-555-191-9767,active,45-54,Leipzig,DE,email
Sophie,Schneider,sophie.schneider.7292@customer360.test,+1-555-192-9804,active,18-24,Berlin,DE,sms
Elena Maria,Vega,elena-maria.vega.7293@customer360.test,+1-555-193-9841,active,25-34,Bilbao,ES,sms
Dylan,Carter,dylan.carter.7294@customer360.test,+1-555-194-9878,active,18-24,San Diego,US,email
Sophie,Fischer,sophie.fischer.7295@customer360.test,+1-555-195-9915,active,25-34,Stuttgart,DE,push
Maeve Marie,Fournier,maeve-marie.fournier.7296@customer360.test,+1-555-196-9952,inactive,35-44,Toronto,CA,email
Imogen,Sinclair,imogen.sinclair.7297@customer360.test,+1-555-197-9989,active,45-54,Glasgow,GB,email
Kabir Neel,Sharma,kabir-neel.sharma.7298@customer360.test,+1-555-198-1026,active,25-34,Ahmedabad,IN,push
Vivaan,Kapoor,vivaan.kapoor.7299@customer360.test,+1-555-199-1063,active,25-34,Mumbai,IN,sms
Nur,Lee,nur.lee.7300@customer360.test,+1-555-200-1100,active,55-64,Singapore,SG,email
Kavya,Rao,kavya.rao.7301@customer360.test,+1-555-201-1137,active,35-44,Jaipur,IN,push
Sofia,Costa,sofia.costa.7302@customer360.test,+1-555-202-1174,active,25-34,Florence,IT,sms
Daniel,Mendoza,daniel.mendoza.7303@customer360.test,+1-555-203-1211,inactive,35-44,Queretaro,MX,sms
Kai Wen,Lee,kai-wen.lee.7304@customer360.test,+1-555-204-1248,active,25-34,Singapore,SG,sms
Lena Marie,Parker,lena-marie.parker.7305@customer360.test,+1-555-205-1285,active,45-54,Minneapolis,US,email
Mariana,Castillo,mariana.castillo.7306@customer360.test,+1-555-206-1322,active,55-64,Monterrey,MX,email
Oscar,Crawford,oscar.crawford.7307@customer360.test,+1-555-207-1359,active,45-54,Leeds,GB,push
Morgan,Parker,morgan.parker.7308@customer360.test,+1-555-208-1396,inactive,25-34,Philadelphia,US,sms
Kavya Dev,Rao,kavya-dev.rao.7309@customer360.test,+1-555-209-1433,active,55-64,Ahmedabad,IN,email
Diego,Navarro,diego.navarro.7310@customer360.test,+1-555-210-1470,active,55-64,Monterrey,MX,sms
Mei Lin,Ng,mei-lin.ng.7311@customer360.test,+1-555-211-1507,active,45-54,Singapore,SG,sms
Mila,Lavoie,mila.lavoie.7312@customer360.test,+1-555-212-1544,active,25-34,Ottawa,CA,sms
Arjun,Rao,arjun.rao.7313@customer360.test,+1-555-213-1581,active,45-54,Kochi,IN,email
Sofia,Serrano,sofia.serrano.7314@customer360.test,+1-555-214-1618,active,35-44,Malaga,ES,sms
Camila,Ribeiro,camila.ribeiro.7315@customer360.test,+1-555-215-1655,active,25-34,Brasilia,BR,push
Arjun,Chatterjee,arjun.chatterjee.7316@customer360.test,+1-555-216-1692,active,25-34,Kochi,IN,email
Ethan,Mthembu,ethan.mthembu.7317@customer360.test,+1-555-217-1729,active,35-44,Cape Town,ZA,sms
Gabriele,Conti,gabriele.conti.7318@customer360.test,+1-555-218-1766,active,25-34,Turin,IT,sms
Darren,Goh,darren.goh.7319@customer360.test,+1-555-219-1803,active,45-54,Singapore,SG,email
Nana,Watanabe,nana.watanabe.7320@customer360.test,+1-555-220-1840,active,35-44,Osaka,JP,sms
Sienna Grace,Anderson,sienna-grace.anderson.7321@customer360.test,+1-555-221-1877,active,35-44,Perth,AU,push
Alfie,Bennett,alfie.bennett.7322@customer360.test,+1-555-222-1914,active,35-44,London,GB,email
Vivaan,Mehta,vivaan.mehta.7323@customer360.test,+1-555-223-1951,active,25-34,Pune,IN,push
Sana,Mehta,sana.mehta.7324@customer360.test,+1-555-224-1988,active,18-24,Delhi,IN,sms
Fleur,Van Dijk,fleur.van-dijk.7325@customer360.test,+1-555-225-2025,inactive,45-54,Groningen,NL,sms
Kavya Neel,Pillai,kavya-neel.pillai.7326@customer360.test,+1-555-226-2062,active,55-64,Ahmedabad,IN,sms
Lorenzo,Rossi,lorenzo.rossi.7327@customer360.test,+1-555-227-2099,active,25-34,Rome,IT,sms
Mateo Elena,Ortega,mateo-elena.ortega.7328@customer360.test,+1-555-228-2136,active,25-34,Guadalajara,MX,sms
Maeve Jean,Fraser,maeve-jean.fraser.7329@customer360.test,+1-555-229-2173,active,55-64,Calgary,CA,sms
Gabriele,Rossi,gabriele.rossi.7330@customer360.test,+1-555-230-2210,active,55-64,Naples,IT,push
Leonie,Chevalier,leonie.chevalier.7331@customer360.test,+1-555-231-2247,inactive,18-24,Nantes,FR,push
Pablo,Iglesias,pablo.iglesias.7332@customer360.test,+1-555-232-2284,active,55-64,Seville,ES,sms
Matilda,Morgan,matilda.morgan.7333@customer360.test,+1-555-233-2321,active,35-44,Canberra,AU,push
Nandi,Mthembu,nandi.mthembu.7334@customer360.test,+1-555-234-2358,active,18-24,Bloemfontein,ZA,push
Maya James,Pillay,maya-james.pillay.7335@customer360.test,+1-555-235-2395,active,55-64,Pretoria,ZA,sms
Giulia,Romano,giulia.romano.7336@customer360.test,+1-555-236-2432,active,18-24,Palermo,IT,push
Sophie,Fraser,sophie.fraser.7337@customer360.test,+1-555-237-2469,active,55-64,Montreal,CA,email
Isla,Mercer,isla.mercer.7338@customer360.test,+1-555-238-2506,active,35-44,Birmingham,GB,email
Theo,Fontaine,theo.fontaine.7339@customer360.test,+1-555-239-2543,active,45-54,Nantes,FR,sms
Camille Jean,Bouchard,camille-jean.bouchard.7340@customer360.test,+1-555-240-2580,active,35-44,Toronto,CA,push
Mariana,Nogueira,mariana.nogueira.7341@customer360.test,+1-555-241-2617,active,18-24,Curitiba,BR,push
Finn,Hayes,finn.hayes.7342@customer360.test,+1-555-242-2654,active,55-64,Melbourne,AU,sms
Baptiste,Fontaine,baptiste.fontaine.7343@customer360.test,+1-555-243-2691,active,25-34,Marseille,FR,push
Kai Wen,Chua,kai-wen.chua.7344@customer360.test,+1-555-244-2728,active,25-34,Singapore,SG,email
Reyansh,Chatterjee,reyansh.chatterjee.7345@customer360.test,+1-555-245-2765,active,35-44,Bengaluru,IN,sms
Wei Ming,Koh,wei-ming.koh.7346@customer360.test,+1-555-246-2802,active,25-34,Singapore,SG,push
Daan,Vos,daan.vos.7347@customer360.test,+1-555-247-2839,inactive,35-44,Groningen,NL,sms
Alejandro,Fuentes,alejandro.fuentes.7348@customer360.test,+1-555-248-2876,active,25-34,Monterrey,MX,sms
Valentina,Ribeiro,valentina.ribeiro.7349@customer360.test,+1-555-249-2913,active,25-34,Porto Alegre,BR,email
Hannah,Brandt,hannah.brandt.7350@customer360.test,+1-555-250-2950,active,35-44,Stuttgart,DE,push
Aiden Grace,Jacobs,aiden-grace.jacobs.7351@customer360.test,+1-555-251-2987,active,55-64,Gqeberha,ZA,push
Jack,Wallace,jack.wallace.7352@customer360.test,+1-555-252-3024,inactive,35-44,Perth,AU,sms
Jonas,Schneider,jonas.schneider.7353@customer360.test,+1-555-253-3061,active,45-54,Munich,DE,email
Leon,Neumann,leon.neumann.7354@customer360.test,+1-555-254-3098,inactive,35-44,Frankfurt,DE,email
Kabir,Malhotra,kabir.malhotra.7355@customer360.test,+1-555-255-3135,inactive,45-54,Mumbai,IN,sms
Jonas,Neumann,jonas.neumann.7356@customer360.test,+1-555-256-3172,active,35-44,Munich,DE,email
Lachlan James,Reid,lachlan-james.reid.7357@customer360.test,+1-555-257-3209,inactive,35-44,Melbourne,AU,email
Matilda,Clarke,matilda.clarke.7358@customer360.test,+1-555-258-3246,active,25-34,Melbourne,AU,sms
Nisha,Joshi,nisha.joshi.7359@customer360.test,+1-555-259-3283,inactive,35-44,Kochi,IN,push
Vihaan Kiran,Rao,vihaan-kiran.rao.7360@customer360.test,+1-555-260-3320,active,25-34,Kochi,IN,email
Valeria,Mendoza,valeria.mendoza.7361@customer360.test,+1-555-261-3357,active,18-24,Mexico City,MX,sms
Isla Lee,Cameron,isla-lee.cameron.7362@customer360.test,+1-555-262-3394,active,25-34,Brisbane,AU,push
Rohan,Kulkarni,rohan.kulkarni.7363@customer360.test,+1-555-263-3431,active,35-44,Delhi,IN,push
Lucas Jan,Bos,lucas-jan.bos.7364@customer360.test,+1-555-264-3468,active,35-44,Groningen,NL,sms
Ruby,Clarke,ruby.clarke.7365@customer360.test,+1-555-265-3505,active,35-44,Brisbane,AU,push
Mathis Luc,Fontaine,mathis-luc.fontaine.7366@customer360.test,+1-555-266-3542,active,35-44,Toulouse,FR,sms
Imogen,Sinclair,imogen.sinclair.7367@customer360.test,+1-555-267-3579,inactive,55-64,London,GB,sms
Beatrice,Marino,beatrice.marino.7368@customer360.test,+1-555-268-3616,active,35-44,Palermo,IT,sms
Hugo,Molina,hugo.molina.7369@customer360.test,+1-555-269-3653,inactive,35-44,Madrid,ES,sms
Lwazi,Mthembu,lwazi.mthembu.7370@customer360.test,+1-555-270-3690,active,45-54,Pretoria,ZA,email
Felix,Schneider,felix.schneider.7371@customer360.test,+1-555-271-3727,active,45-54,Leipzig,DE,push
Pedro,Carvalho,pedro.carvalho.7372@customer360.test,+1-555-272-3764,active,25-34,Brasilia,BR,email
Riku Miki,Kato,riku-miki.kato.7373@customer360.test,+1-555-273-3801,active,25-34,Osaka,JP,sms
Mila,Lavoie,mila.lavoie.7374@customer360.test,+1-555-274-3838,active,45-54,Vancouver,CA,sms
Freya,Hughes,freya.hughes.7375@customer360.test,+1-555-275-3875,active,35-44,Manchester,GB,sms
Amelia,Chapman,amelia.chapman.7376@customer360.test,+1-555-276-3912,active,55-64,Birmingham,GB,sms
Emiliano,Ortega,emiliano.ortega.7377@customer360.test,+1-555-277-3949,active,25-34,Queretaro,MX,push
Oscar,Reid,oscar.reid.7378@customer360.test,+1-555-278-3986,active,45-54,Canberra,AU,email
Jonas,Keller,jonas.keller.7379@customer360.test,+1-555-279-4023,active,35-44,Munich,DE,email
Aditya,Mehta,aditya.mehta.7380@customer360.test,+1-555-280-4060,active,18-24,Pune,IN,sms
Owen Claire,Fournier,owen-claire.fournier.7381@customer360.test,+1-555-281-4097,active,25-34,Toronto,CA,email
Lwazi,Nkosi,lwazi.nkosi.7382@customer360.test,+1-555-282-4134,active,35-44,Johannesburg,ZA,email
Liam,Fournier,liam.fournier.7383@customer360.test,+1-555-283-4171,active,35-44,Edmonton,CA,sms
Ruby,Harrington,ruby.harrington.7384@customer360.test,+1-555-284-4208,active,45-54,Manchester,GB,push
Reyansh,Bhat,reyansh.bhat.7385@customer360.test,+1-555-285-4245,active,25-34,Pune,IN,sms
Nina,De Vries,nina.de-vries.7386@customer360.test,+1-555-286-4282,inactive,25-34,Amsterdam,NL,email
Beatrice,Gallo,beatrice.gallo.7387@customer360.test,+1-555-287-4319,active,45-54,Turin,IT,sms
Lucia,Navarro,lucia.navarro.7388@customer360.test,+1-555-288-4356,inactive,35-44,Guadalajara,MX,sms
Oscar,Lawson,oscar.lawson.7389@customer360.test,+1-555-289-4393,active,35-44,Edinburgh,GB,sms
Sofia,Morales,sofia.morales.7390@customer360.test,+1-555-290-4430,active,25-34,Merida,MX,email
Camille,Chevalier,camille.chevalier.7391@customer360.test,+1-555-291-4467,active,25-34,Lille,FR,push
Finn,Sullivan,finn.sullivan.7392@customer360.test,+1-555-292-4504,active,25-34,Sydney,AU,sms
Hugo Carmen,Marin,hugo-carmen.marin.7393@customer360.test,+1-555-293-4541,active,35-44,Malaga,ES,sms
Aurora,Moretti,aurora.moretti.7394@customer360.test,+1-555-294-4578,active,25-34,Bologna,IT,sms
Zara,Hughes,zara.hughes.7395@customer360.test,+1-555-295-4615,active,35-44,Perth,AU,sms
Naomi,Cooper,naomi.cooper.7396@customer360.test,+1-555-296-4652,active,45-54,San Diego,US,email
Pedro,Barbosa,pedro.barbosa.7397@customer360.test,+1-555-297-4689,active,25-34,Curitiba,BR,push
Clara,Morrison,clara.morrison.7398@customer360.test,+1-555-298-4726,active,55-64,Calgary,CA,email
Sienna,Fletcher,sienna.fletcher.7399@customer360.test,+1-555-299-4763,active,18-24,Melbourne,AU,push
Sana,Saxena,sana.saxena.7400@customer360.test,+1-555-300-4800,active,25-34,Delhi,IN,sms
Ayanda,Naidoo,ayanda.naidoo.7401@customer360.test,+1-555-301-4837,active,18-24,Durban,ZA,sms
Ishaan Riya,Bhat,ishaan-riya.bhat.7402@customer360.test,+1-555-302-4874,active,35-44,Ahmedabad,IN,email
Jonas,Wagner,jonas.wagner.7403@customer360.test,+1-555-303-4911,active,25-34,Berlin,DE,email
Marie,Fischer,marie.fischer.7404@customer360.test,+1-555-304-4948,active,25-34,Munich,DE,push
Noah,Hartmann,noah.hartmann.7405@customer360.test,+1-555-305-4985,active,18-24,Cologne,DE,push
Valeria,Fuentes,valeria.fuentes.7406@customer360.test,+1-555-306-5022,active,45-54,Queretaro,MX,push
Anaya,Kulkarni,anaya.kulkarni.7407@customer360.test,+1-555-307-5059,active,18-24,Pune,IN,email
Fleur,Van Dijk,fleur.van-dijk.7408@customer360.test,+1-555-308-5096,active,35-44,Groningen,NL,push
George,Sinclair,george.sinclair.7409@customer360.test,+1-555-309-5133,active,25-34,Edinburgh,GB,sms
Rohan Kiran,Sharma,rohan-kiran.sharma.7410@customer360.test,+1-555-310-5170,active,25-34,Mumbai,IN,sms
Meera,Mehta,meera.mehta.7411@customer360.test,+1-555-311-5207,active,55-64,Ahmedabad,IN,push
Nur,Koh,nur.koh.7412@customer360.test,+1-555-312-5244,active,25-34,Singapore,SG,push
Aarav,Nair,aarav.nair.7413@customer360.test,+1-555-313-5281,active,35-44,Bengaluru,IN,push
Sana,Mehta,sana.mehta.7414@customer360.test,+1-555-314-5318,active,45-54,Ahmedabad,IN,push
Jesse,De Vries,jesse.de-vries.7415@customer360.test,+1-555-315-5355,active,18-24,Eindhoven,NL,email
Pedro,Teixeira,pedro.teixeira.7416@customer360.test,+1-555-316-5392,inactive,25-34,Porto Alegre,BR,sms
Isla,Bennett,isla.bennett.7417@customer360.test,+1-555-317-5429,active,55-64,Birmingham,GB,push
Lena,Turner,lena.turner.7418@customer360.test,+1-555-318-5466,active,35-44,Chicago,US,sms
Daiki,Sato,daiki.sato.7419@customer360.test,+1-555-319-5503,active,18-24,Nagoya,JP,push
Tommaso Maria,Ferrari,tommaso-maria.ferrari.7420@customer360.test,+1-555-320-5540,active,55-64,Milan,IT,push
Sofia,Reed,sofia.reed.7421@customer360.test,+1-555-321-5577,active,25-34,Denver,US,push
Lena,Wagner,lena.wagner.7422@customer360.test,+1-555-322-5614,active,25-34,Cologne,DE,email
Aarav,Pillai,aarav.pillai.7423@customer360.test,+1-555-323-5651,active,45-54,Mumbai,IN,sms
Helena,Nogueira,helena.nogueira.7424@customer360.test,+1-555-324-5688,active,35-44,Rio de Janeiro,BR,push
Aditya,Bhat,aditya.bhat.7425@customer360.test,+1-555-325-5725,active,45-54,Pune,IN,push
Leon,Vogel,leon.vogel.7426@customer360.test,+1-555-326-5762,active,25-34,Frankfurt,DE,sms
Lachlan,Hayes,lachlan.hayes.7427@customer360.test,+1-555-327-5799,active,45-54,Brisbane,AU,email
Clara Elise,Wagner,clara-elise.wagner.7428@customer360.test,+1-555-328-5836,inactive,25-34,Berlin,DE,push
Maya Marie,Bailey,maya-marie.bailey.7429@customer360.test,+1-555-329-5873,active,45-54,Minneapolis,US,push
Jack,Clarke,jack.clarke.7430@customer360.test,+1-555-330-5910,active,45-54,Hobart,AU,push
Cooper,Hughes,cooper.hughes.7431@customer360.test,+1-555-331-5947,active,35-44,Canberra,AU,email
Mei,Yamada,mei.yamada.7432@customer360.test,+1-555-332-5984,active,45-54,Osaka,JP,push
Cameron Alex,Bailey,cameron-alex.bailey.7433@customer360.test,+1-555-333-6021,active,25-34,Boston,US,push
Helena,Araujo,helena.araujo.7434@customer360.test,+1-555-334-6058,active,35-44,Porto Alegre,BR,sms
Diya,Joshi,diya.joshi.7435@customer360.test,+1-555-335-6095,inactive,35-44,Mumbai,IN,sms
Sana Raj,Saxena,sana-raj.saxena.7436@customer360.test,+1-555-336-6132,active,55-64,Hyderabad,IN,sms
Marco,Romano,marco.romano.7437@customer360.test,+1-555-337-6169,active,35-44,Bologna,IT,push
Vihaan,Nair,vihaan.nair.7438@customer360.test,+1-555-338-6206,active,18-24,Hyderabad,IN,sms
Avery,Bennett,avery.bennett.7439@customer360.test,+1-555-339-6243,active,18-24,Boston,US,sms
Hina,Kato,hina.kato.7440@customer360.test,+1-555-340-6280,active,25-34,Tokyo,JP,push
Chloe,Rousseau,chloe.rousseau.7441@customer360.test,+1-555-341-6317,active,25-34,Toulouse,FR,email
Marcus,Ong,marcus.ong.7442@customer360.test,+1-555-342-6354,active,25-34,Singapore,SG,sms
Finn,Smit,finn.smit.7443@customer360.test,+1-555-343-6391,active,25-34,Rotterdam,NL,email
Hamish Lee,Reid,hamish-lee.reid.7444@customer360.test,+1-555-344-6428,active,55-64,Adelaide,AU,sms
Vega,Marin,vega.marin.7445@customer360.test,+1-555-345-6465,active,18-24,Malaga,ES,sms
Elisa,Rossi,elisa.rossi.7446@customer360.test,+1-555-346-6502,active,18-24,Turin,IT,push
Oscar Rose,Anderson,oscar-rose.anderson.7447@customer360.test,+1-555-347-6539,active,35-44,Melbourne,AU,push
Diya Raj,Desai,diya-raj.desai.7448@customer360.test,+1-555-348-6576,active,25-34,Bengaluru,IN,push
Juliette,Dubois,juliette.dubois.7449@customer360.test,+1-555-349-6613,inactive,35-44,Marseille,FR,sms
Naledi Grace,Botha,naledi-grace.botha.7450@customer360.test,+1-555-350-6650,active,35-44,Durban,ZA,push
Parker,Hayes,parker.hayes.7451@customer360.test,+1-555-351-6687,active,25-34,Denver,US,push
Nana,Suzuki,nana.suzuki.7452@customer360.test,+1-555-352-6724,active,25-34,Osaka,JP,sms
Meera Priya,Pillai,meera-priya.pillai.7453@customer360.test,+1-555-353-6761,active,18-24,Chennai,IN,sms
Jack,Cameron,jack.cameron.7454@customer360.test,+1-555-354-6798,active,18-24,Perth,AU,sms
Hannah,Wagner,hannah.wagner.7455@customer360.test,+1-555-355-6835,active,25-34,Frankfurt,DE,sms
Valeria,Fuentes,valeria.fuentes.7456@customer360.test,+1-555-356-6872,active,45-54,Guadalajara,MX,email
Quinn,Parker,quinn.parker.7457@customer360.test,+1-555-357-6909,inactive,18-24,Denver,US,email
Lucas Marie,Campbell,lucas-marie.campbell.7458@customer360.test,+1-555-358-6946,active,18-24,Montreal,CA,email
Valentina Joao,Ribeiro,valentina-joao.ribeiro.7459@customer360.test,+1-555-359-6983,active,18-24,Recife,BR,push
Sofia,Foster,sofia.foster.7460@customer360.test,+1-555-360-7020,active,55-64,Philadelphia,US,email
Finn Rose,Clarke,finn-rose.clarke.7461@customer360.test,+1-555-361-7057,active,55-64,Canberra,AU,sms
Lucas,Fraser,lucas.fraser.7462@customer360.test,+1-555-362-7094,active,45-54,Toronto,CA,email
Lerato,Maseko,lerato.maseko.7463@customer360.test,+1-555-363-7131,active,55-64,Cape Town,ZA,push
Clara,Mercer,clara.mercer.7464@customer360.test,+1-555-364-7168,active,35-44,Vancouver,CA,email
Hui Min,Teo,hui-min.teo.7465@customer360.test,+1-555-365-7205,active,18-24,Singapore,SG,sms
Dylan,Russell,dylan.russell.7466@customer360.test,+1-555-366-7242,active,55-64,Austin,US,email
Nora,Parker,nora.parker.7467@customer360.test,+1-555-367-7279,active,18-24,Seattle,US,push
Lorenzo,Marino,lorenzo.marino.7468@customer360.test,+1-555-368-7316,inactive,25-34,Rome,IT,sms
Amelie,Renard,amelie.renard.7469@customer360.test,+1-555-369-7353,inactive,35-44,Lille,FR,push
Finn,De Vries,finn.de-vries.7470@customer360.test,+1-555-370-7390,active,55-64,Amsterdam,NL,push
Sakura Hiro,Yamamoto,sakura-hiro.yamamoto.7471@customer360.test,+1-555-371-7427,inactive,45-54,Fukuoka,JP,email
Noah,Lavoie,noah.lavoie.7472@customer360.test,+1-555-372-7464,active,25-34,Edmonton,CA,push
Jack,Clarke,jack.clarke.7473@customer360.test,+1-555-373-7501,active,25-34,Sydney,AU,sms
Sophie,Bouchard,sophie.bouchard.7474@customer360.test,+1-555-374-7538,active,25-34,Halifax,CA,email
Ruby James,Clarke,ruby-james.clarke.7475@customer360.test,+1-555-375-7575,active,35-44,Hobart,AU,sms
Theo,Moreau,theo.moreau.7476@customer360.test,+1-555-376-7612,active,25-34,Marseille,FR,email
Tess,De Boer,tess.de-boer.7477@customer360.test,+1-555-377-7649,active,45-54,The Hague,NL,push
Leo,Castro,leo.castro.7478@customer360.test,+1-555-378-7686,active,25-34,Valencia,ES,push
Sophie,Bouchard,sophie.bouchard.7479@customer360.test,+1-555-379-7723,active,45-54,Ottawa,CA,sms
Poppy,Lawson,poppy.lawson.7480@customer360.test,+1-555-380-7760,active,55-64,Leeds,GB,push
Camille,Blanc,camille.blanc.7481@customer360.test,+1-555-381-7797,active,25-34,Lille,FR,email
Santiago Luis,Castillo,santiago-luis.castillo.7482@customer360.test,+1-555-382-7834,active,18-24,Puebla,MX,push
Ines Marie,Girard,ines-marie.girard.7483@customer360.test,+1-555-383-7871,active,35-44,Bordeaux,FR,push
Poppy,Ellis,poppy.ellis.7484@customer360.test,+1-555-384-7908,active,25-34,Edinburgh,GB,push
Camille,Fontaine,camille.fontaine.7485@customer360.test,+1-555-385-7945,active,45-54,Marseille,FR,email
Santiago,Vargas,santiago.vargas.7486@customer360.test,+1-555-386-7982,active,25-34,Queretaro,MX,email
Chloe,Marchand,chloe.marchand.7487@customer360.test,+1-555-387-8019,active,55-64,Nantes,FR,push
Pablo,Navarro,pablo.navarro.7488@customer360.test,+1-555-388-8056,active,18-24,Malaga,ES,email
Beatrice Anna,Ferrari,beatrice-anna.ferrari.7489@customer360.test,+1-555-389-8093,active,55-64,Rome,IT,push
Clara Anne,Bouchard,clara-anne.bouchard.7490@customer360.test,+1-555-390-8130,active,45-54,Montreal,CA,push
Theo,Lawson,theo.lawson.7491@customer360.test,+1-555-391-8167,active,35-44,Leeds,GB,email
Hugo,Navarro,hugo.navarro.7492@customer360.test,+1-555-392-8204,active,25-34,Seville,ES,push
Thabo,Maseko,thabo.maseko.7493@customer360.test,+1-555-393-8241,active,45-54,Johannesburg,ZA,sms
Rohan,Sharma,rohan.sharma.7494@customer360.test,+1-555-394-8278,active,45-54,Hyderabad,IN,email
Davide,Ricci,davide.ricci.7495@customer360.test,+1-555-395-8315,active,35-44,Turin,IT,sms
Caio,Costa,caio.costa.7496@customer360.test,+1-555-396-8352,active,45-54,Curitiba,BR,email
Zoe,Reed,zoe.reed.7497@customer360.test,+1-555-397-8389,active,35-44,Minneapolis,US,sms
Mila Elise,Hartmann,mila-elise.hartmann.7498@customer360.test,+1-555-398-8426,inactive,25-34,Cologne,DE,sms
Luiza,Araujo,luiza.araujo.7499@customer360.test,+1-555-399-8463,active,55-64,Rio de Janeiro,BR,push
Leah,Lavoie,leah.lavoie.7500@customer360.test,+1-555-400-8500,active,18-24,Halifax,CA,push
Amelia,Hughes,amelia.hughes.7501@customer360.test,+1-555-401-8537,active,55-64,Bristol,GB,sms
Fleur Sofie,Bos,fleur-sofie.bos.7502@customer360.test,+1-555-402-8574,active,25-34,Eindhoven,NL,push
Aditya,Saxena,aditya.saxena.7503@customer360.test,+1-555-403-8611,active,35-44,Ahmedabad,IN,email
Sana,Pillai,sana.pillai.7504@customer360.test,+1-555-404-8648,active,25-34,Jaipur,IN,sms
Maximilian,Brandt,maximilian.brandt.7505@customer360.test,+1-555-405-8685,active,55-64,Stuttgart,DE,email
Ren,Nakamura,ren.nakamura.7506@customer360.test,+1-555-406-8722,active,25-34,Fukuoka,JP,email
Maximilian,Fischer,maximilian.fischer.7507@customer360.test,+1-555-407-8759,active,35-44,Munich,DE,email
Amelie,Girard,amelie.girard.7508@customer360.test,+1-555-408-8796,active,35-44,Bordeaux,FR,push
Meera,Kapoor,meera.kapoor.7509@customer360.test,+1-555-409-8833,active,35-44,Kochi,IN,email
Daniel,Iglesias,daniel.iglesias.7510@customer360.test,+1-555-410-8870,active,18-24,Madrid,ES,email
Nandi,Mabena,nandi.mabena.7511@customer360.test,+1-555-411-8907,active,35-44,Pretoria,ZA,sms
Amelia,Whitmore,amelia.whitmore.7512@customer360.test,+1-555-412-8944,active,25-34,London,GB,email
Sakura Aya,Kato,sakura-aya.kato.7513@customer360.test,+1-555-413-8981,active,35-44,Nagoya,JP,email
Pablo,Serrano,pablo.serrano.7514@customer360.test,+1-555-414-9018,active,25-34,Barcelona,ES,sms
Caleb,Foster,caleb.foster.7515@customer360.test,+1-555-415-9055,active,35-44,Boston,US,push
Finn Rose,Fletcher,finn-rose.fletcher.7516@customer360.test,+1-555-416-9092,active,55-64,Perth,AU,email
Nina,Van Dijk,nina.van-dijk.7517@customer360.test,+1-555-417-9129,active,55-64,Amsterdam,NL,email
Aisha,Teo,aisha.teo.7518@customer360.test,+1-555-418-9166,active,25-34,Singapore,SG,sms
Fleur,Jansen,fleur.jansen.7519@customer360.test,+1-555-419-9203,active,18-24,The Hague,NL,sms
Hui Min,Rahman,hui-min.rahman.7520@customer360.test,+1-555-420-9240,active,25-34,Singapore,SG,push
Sana,Menon,sana.menon.7521@customer360.test,+1-555-421-9277,active,55-64,Bengaluru,IN,email
Leonie,Moreau,leonie.moreau.7522@customer360.test,+1-555-422-9314,active,35-44,Bordeaux,FR,sms
Kavya,Pillai,kavya.pillai.7523@customer360.test,+1-555-423-9351,active,25-34,Kolkata,IN,push
Kavya,Saxena,kavya.saxena.7524@customer360.test,+1-555-424-9388,active,25-34,Pune,IN,sms
Vivaan,Mehta,vivaan.mehta.7525@customer360.test,+1-555-425-9425,active,25-34,Chennai,IN,push
Jordan,Cooper,jordan.cooper.7526@customer360.test,+1-555-426-9462,active,45-54,Atlanta,US,sms
Jonas,Hartmann,jonas.hartmann.7527@customer360.test,+1-555-427-9499,active,55-64,Leipzig,DE,sms
Rafael,Carvalho,rafael.carvalho.7528@customer360.test,+1-555-428-9536,active,45-54,Salvador,BR,sms
Hamish,Clarke,hamish.clarke.7529@customer360.test,+1-555-429-9573,active,35-44,Canberra,AU,push
Kian,Mokoena,kian.mokoena.7530@customer360.test,+1-555-430-9610,active,25-34,Pretoria,ZA,push
Leah,Morrison,leah.morrison.7531@customer360.test,+1-555-431-9647,inactive,35-44,Toronto,CA,email
Isla,Bennett,isla.bennett.7532@customer360.test,+1-555-432-9684,active,45-54,Canberra,AU,email
Kavya,Iyer,kavya.iyer.7533@customer360.test,+1-555-433-9721,active,35-44,Ahmedabad,IN,email
Arjun,Kapoor,arjun.kapoor.7534@customer360.test,+1-555-434-9758,active,25-34,Pune,IN,email
Diego,Iglesias,diego.iglesias.7535@customer360.test,+1-555-435-9795,active,45-54,Valencia,ES,sms
Miles,Hayes,miles.hayes.7536@customer360.test,+1-555-436-9832,active,35-44,Philadelphia,US,email
Arthur,Fontaine,arthur.fontaine.7537@customer360.test,+1-555-437-9869,active,35-44,Lyon,FR,push
Valeria,Navarro,valeria.navarro.7538@customer360.test,+1-555-438-9906,active,25-34,Guadalajara,MX,push
Jack,Hughes,jack.hughes.7539@customer360.test,+1-555-439-9943,active,45-54,Adelaide,AU,push
Rohan,Iyer,rohan.iyer.7540@customer360.test,+1-555-440-9980,active,45-54,Pune,IN,sms
Rohan,Sharma,rohan.sharma.7541@customer360.test,+1-555-441-1017,active,25-34,Kochi,IN,push
Hui Min,Goh,hui-min.goh.7542@customer360.test,+1-555-442-1054,active,35-44,Singapore,SG,push
Jesse,Bos,jesse.bos.7543@customer360.test,+1-555-443-1091,active,25-34,The Hague,NL,sms
Theo,Fraser,theo.fraser.7544@customer360.test,+1-555-444-1128,active,45-54,Montreal,CA,sms
Diya,Kulkarni,diya.kulkarni.7545@customer360.test,+1-555-445-1165,active,18-24,Delhi,IN,sms
Camille,Fournier,camille.fournier.7546@customer360.test,+1-555-446-1202,active,45-54,Calgary,CA,email
Kaito Hiro,Tanaka,kaito-hiro.tanaka.7547@customer360.test,+1-555-447-1239,active,35-44,Sapporo,JP,push
Kavya,Menon,kavya.menon.7548@customer360.test,+1-555-448-1276,active,25-34,Ahmedabad,IN,sms
George,Lawson,george.lawson.7549@customer360.test,+1-555-449-1313,active,45-54,London,GB,push
Lena,Fischer,lena.fischer.7550@customer360.test,+1-555-450-1350,active,55-64,Frankfurt,DE,email
Bram,Vos,bram.vos.7551@customer360.test,+1-555-451-1387,active,45-54,Groningen,NL,email
Theo Rose,Whitmore,theo-rose.whitmore.7552@customer360.test,+1-555-452-1424,inactive,25-34,Bristol,GB,sms
Aarav,Desai,aarav.desai.7553@customer360.test,+1-555-453-1461,active,18-24,Jaipur,IN,push
Carmen,Iglesias,carmen.iglesias.7554@customer360.test,+1-555-454-1498,active,18-24,Seville,ES,push
Lotte,Jansen,lotte.jansen.7555@customer360.test,+1-555-455-1535,active,45-54,Utrecht,NL,push
Davide,Bianchi,davide.bianchi.7556@customer360.test,+1-555-456-1572,active,25-34,Florence,IT,email
Anaya Riya,Mehta,anaya-riya.mehta.7557@customer360.test,+1-555-457-1609,active,55-64,Delhi,IN,email
Oscar Grace,Anderson,oscar-grace.anderson.7558@customer360.test,+1-555-458-1646,inactive,25-34,Brisbane,AU,push
Grace,Anderson,grace.anderson.7559@customer360.test,+1-555-459-1683,active,25-34,Sydney,AU,email
Lotte,Mulder,lotte.mulder.7560@customer360.test,+1-555-460-1720,active,35-44,Amsterdam,NL,sms
Pedro Clara,Teixeira,pedro-clara.teixeira.7561@customer360.test,+1-555-461-1757,active,25-34,Curitiba,BR,push
Riley Grace,Ward,riley-grace.ward.7562@customer360.test,+1-555-462-1794,inactive,18-24,Portland,US,email
Davide Maria,Moretti,davide-maria.moretti.7563@customer360.test,+1-555-463-1831,active,35-44,Naples,IT,email
Camila,Mendoza,camila.mendoza.7564@customer360.test,+1-555-464-1868,active,45-54,Mexico City,MX,push
Lucas,Fournier,lucas.fournier.7565@customer360.test,+1-555-465-1905,active,35-44,Calgary,CA,sms
Hugo Carmen,Cabrera,hugo-carmen.cabrera.7566@customer360.test,+1-555-466-1942,active,55-64,Madrid,ES,email
Sofia,Castillo,sofia.castillo.7567@customer360.test,+1-555-467-1979,active,25-34,Puebla,MX,email
Sana,Saxena,sana.saxena.7568@customer360.test,+1-555-468-2016,active,25-34,Ahmedabad,IN,email
Siti,Chua,siti.chua.7569@customer360.test,+1-555-469-2053,active,35-44,Singapore,SG,sms
Gabriel,Costa,gabriel.costa.7570@customer360.test,+1-555-470-2090,active,25-34,Curitiba,BR,sms
Leon,Neumann,leon.neumann.7571@customer360.test,+1-555-471-2127,active,25-34,Munich,DE,push
Nana Ken,Takahashi,nana-ken.takahashi.7572@customer360.test,+1-555-472-2164,active,18-24,Osaka,JP,email
Cameron,Carter,cameron.carter.7573@customer360.test,+1-555-473-2201,active,25-34,Atlanta,US,email
Martin,Rojas,martin.rojas.7574@customer360.test,+1-555-474-2238,inactive,45-54,Barcelona,ES,sms
Aiden,Pillay,aiden.pillay.7575@customer360.test,+1-555-475-2275,active,35-44,Cape Town,ZA,push
Tara,Joshi,tara.joshi.7576@customer360.test,+1-555-476-2312,active,45-54,Delhi,IN,email
Grace,Clarke,grace.clarke.7577@customer360.test,+1-555-477-2349,active,55-64,Canberra,AU,sms
Helena,Costa,helena.costa.7578@customer360.test,+1-555-478-2386,active,35-44,Curitiba,BR,sms
Baptiste,Mercier,baptiste.mercier.7579@customer360.test,+1-555-479-2423,active,25-34,Toulouse,FR,push
Naledi,Van Wyk,naledi.van-wyk.7580@customer360.test,+1-555-480-2460,active,35-44,Johannesburg,ZA,sms
Lucas,Visser,lucas.visser.7581@customer360.test,+1-555-481-2497,active,18-24,Rotterdam,NL,push
Liam,Lavoie,liam.lavoie.7582@customer360.test,+1-555-482-2534,active,45-54,Ottawa,CA,email
Alejandro,Ortega,alejandro.ortega.7583@customer360.test,+1-555-483-2571,active,25-34,Guadalajara,MX,push
Baptiste Luc,Moreau,baptiste-luc.moreau.7584@customer360.test,+1-555-484-2608,active,35-44,Bordeaux,FR,sms
Pedro,Teixeira,pedro.teixeira.7585@customer360.test,+1-555-485-2645,active,25-34,Porto Alegre,BR,email
Daniel,Cabrera,daniel.cabrera.7586@customer360.test,+1-555-486-2682,active,18-24,Madrid,ES,push
Theo,Lavoie,theo.lavoie.7587@customer360.test,+1-555-487-2719,active,45-54,Toronto,CA,sms
Noah,Lavoie,noah.lavoie.7588@customer360.test,+1-555-488-2756,active,25-34,Calgary,CA,push
Riley,Reed,riley.reed.7589@customer360.test,+1-555-489-2793,active,25-34,Philadelphia,US,push
Ishaan,Pillai,ishaan.pillai.7590@customer360.test,+1-555-490-2830,active,35-44,Delhi,IN,email
Finn,Vos,finn.vos.7591@customer360.test,+1-555-491-2867,active,25-34,The Hague,NL,push
Camille Paul,Mercier,camille-paul.mercier.7592@customer360.test,+1-555-492-2904,active,25-34,Lyon,FR,sms
Ishaan Kiran,Saxena,ishaan-kiran.saxena.7593@customer360.test,+1-555-493-2941,inactive,25-34,Chennai,IN,email
Zoe,Bennett,zoe.bennett.7594@customer360.test,+1-555-494-2978,active,25-34,Atlanta,US,push
Matilda,Morgan,matilda.morgan.7595@customer360.test,+1-555-495-3015,active,18-24,Adelaide,AU,sms
Javier,Navarro,javier.navarro.7596@customer360.test,+1-555-496-3052,active,18-24,Mexico City,MX,push
Julian,Gauthier,julian.gauthier.7597@customer360.test,+1-555-497-3089,active,35-44,Montreal,CA,push
Tara,Iyer,tara.iyer.7598@customer360.test,+1-555-498-3126,active,45-54,Hyderabad,IN,push
Lerato Lee,Pillay,lerato-lee.pillay.7599@customer360.test,+1-555-499-3163,active,18-24,Johannesburg,ZA,email
Taylor,Collins,taylor.collins.7600@customer360.test,+1-555-500-3200,active,35-44,San Diego,US,sms
Mateus,Ferreira,mateus.ferreira.7601@customer360.test,+1-555-501-3237,active,35-44,Recife,BR,sms
Juliette,Girard,juliette.girard.7602@customer360.test,+1-555-502-3274,active,25-34,Bordeaux,FR,push
Ishaan,Malhotra,ishaan.malhotra.7603@customer360.test,+1-555-503-3311,inactive,35-44,Delhi,IN,email
Harper,Reed,harper.reed.7604@customer360.test,+1-555-504-3348,inactive,25-34,Seattle,US,email
Vivaan,Menon,vivaan.menon.7605@customer360.test,+1-555-505-3385,active,18-24,Ahmedabad,IN,push
Nisha,Saxena,nisha.saxena.7606@customer360.test,+1-555-506-3422,active,25-34,Hyderabad,IN,push
Vivaan Riya,Nair,vivaan-riya.nair.7607@customer360.test,+1-555-507-3459,active,35-44,Ahmedabad,IN,push
Paul,Vogel,paul.vogel.7608@customer360.test,+1-555-508-3496,inactive,35-44,Munich,DE,sms
Sipho,Naidoo,sipho.naidoo.7609@customer360.test,+1-555-509-3533,active,25-34,Bloemfontein,ZA,sms
Lucas Luiz,Teixeira,lucas-luiz.teixeira.7610@customer360.test,+1-555-510-3570,active,25-34,Porto Alegre,BR,push
Rohan,Saxena,rohan.saxena.7611@customer360.test,+1-555-511-3607,active,25-34,Hyderabad,IN,email
Dylan Rose,Foster,dylan-rose.foster.7612@customer360.test,+1-555-512-3644,active,45-54,Atlanta,US,email
Hugo,Fletcher,hugo.fletcher.7613@customer360.test,+1-555-513-3681,active,25-34,Birmingham,GB,email
Hugo,Lawson,hugo.lawson.7614@customer360.test,+1-555-514-3718,active,25-34,Birmingham,GB,push
Kavya,Malhotra,kavya.malhotra.7615@customer360.test,+1-555-515-3755,active,18-24,Jaipur,IN,sms
Ethan Alex,Mitchell,ethan-alex.mitchell.7616@customer360.test,+1-555-516-3792,inactive,55-64,Portland,US,email
Imogen Jane,Harrington,imogen-jane.harrington.7617@customer360.test,+1-555-517-3829,active,25-34,Leeds,GB,email
Pablo,Vega,pablo.vega.7618@customer360.test,+1-555-518-3866,active,18-24,Valencia,ES,email
Leonie,Fontaine,leonie.fontaine.7619@customer360.test,+1-555-519-3903,active,25-34,Bordeaux,FR,sms
Yuto,Yamada,yuto.yamada.7620@customer360.test,+1-555-520-3940,active,35-44,Sapporo,JP,push
Clara,Richter,clara.richter.7621@customer360.test,+1-555-521-3977,active,25-34,Berlin,DE,email
Helena,Costa,helena.costa.7622@customer360.test,+1-555-522-4014,active,55-64,Recife,BR,email
Quinn,Russell,quinn.russell.7623@customer360.test,+1-555-523-4051,active,35-44,Portland,US,sms
Gabriel,Teixeira,gabriel.teixeira.7624@customer360.test,+1-555-524-4088,inactive,18-24,Rio de Janeiro,BR,push
Renata,Cervantes,renata.cervantes.7625@customer360.test,+1-555-525-4125,active,45-54,Queretaro,MX,email
Gabriele,Rossi,gabriele.rossi.7626@customer360.test,+1-555-526-4162,active,25-34,Naples,IT,email
Kavya,Chatterjee,kavya.chatterjee.7627@customer360.test,+1-555-527-4199,active,25-34,Hyderabad,IN,sms
Rafael,Oliveira,rafael.oliveira.7628@customer360.test,+1-555-528-4236,active,18-24,Salvador,BR,push
Avery,Turner,avery.turner.7629@customer360.test,+1-555-529-4273,active,35-44,Boston,US,email
Valeria Elena,Morales,valeria-elena.morales.7630@customer360.test,+1-555-530-4310,active,25-34,Mexico City,MX,push
Emilia,Vogel,emilia.vogel.7631@customer360.test,+1-555-531-4347,active,35-44,Berlin,DE,push
Zoe,Turner,zoe.turner.7632@customer360.test,+1-555-532-4384,active,55-64,Chicago,US,sms
Hannah Elise,Kruger,hannah-elise.kruger.7633@customer360.test,+1-555-533-4421,inactive,25-34,Frankfurt,DE,sms
Naledi,Jacobs,naledi.jacobs.7634@customer360.test,+1-555-534-4458,active,25-34,Pretoria,ZA,sms
George,Chapman,george.chapman.7635@customer360.test,+1-555-535-4495,active,55-64,Bristol,GB,email
Amelie Marie,Girard,amelie-marie.girard.7636@customer360.test,+1-555-536-4532,active,35-44,Nantes,FR,push
Lena Grace,Reed,lena-grace.reed.7637@customer360.test,+1-555-537-4569,active,25-34,Philadelphia,US,sms
Manon,Fontaine,manon.fontaine.7638@customer360.test,+1-555-538-4606,inactive,35-44,Toulouse,FR,email
Evie,Sinclair,evie.sinclair.7639@customer360.test,+1-555-539-4643,active,55-64,Leeds,GB,email
Jesse,Van Dijk,jesse.van-dijk.7640@customer360.test,+1-555-540-4680,active,55-64,Groningen,NL,push
Lachlan,Bennett,lachlan.bennett.7641@customer360.test,+1-555-541-4717,active,18-24,Hobart,AU,email
Ethan,Ong,ethan.ong.7642@customer360.test,+1-555-542-4754,active,18-24,Singapore,SG,email
Noah Louis,Gauthier,noah-louis.gauthier.7643@customer360.test,+1-555-543-4791,active,25-34,Toronto,CA,push
Lena,Fischer,lena.fischer.7644@customer360.test,+1-555-544-4828,active,55-64,Cologne,DE,push
Sofia,Hayes,sofia.hayes.7645@customer360.test,+1-555-545-4865,active,18-24,Chicago,US,sms
Isabela,Araujo,isabela.araujo.7646@customer360.test,+1-555-546-4902,active,25-34,Curitiba,BR,email
Pedro,Martins,pedro.martins.7647@customer360.test,+1-555-547-4939,active,25-34,Salvador,BR,push
Chloe,Beaulieu,chloe.beaulieu.7648@customer360.test,+1-555-548-4976,active,35-44,Halifax,CA,sms
Vihaan,Menon,vihaan.menon.7649@customer360.test,+1-555-549-5013,active,35-44,Mumbai,IN,email
Camille,Laurent,camille.laurent.7650@customer360.test,+1-555-550-5050,active,55-64,Lille,FR,email
Morgan,Morgan,morgan.morgan.7651@customer360.test,+1-555-551-5087,active,25-34,Austin,US,email
Haruto,Sato,haruto.sato.7652@customer360.test,+1-555-552-5124,active,35-44,Sapporo,JP,push
Juliette,Fontaine,juliette.fontaine.7653@customer360.test,+1-555-553-5161,inactive,35-44,Lyon,FR,push
Owen,Fournier,owen.fournier.7654@customer360.test,+1-555-554-5198,active,35-44,Ottawa,CA,push
Sana Kiran,Saxena,sana-kiran.saxena.7655@customer360.test,+1-555-555-5235,inactive,35-44,Hyderabad,IN,email
Nora,Mitchell,nora.mitchell.7656@customer360.test,+1-555-556-5272,active,18-24,Minneapolis,US,sms
Tara,Joshi,tara.joshi.7657@customer360.test,+1-555-557-5309,active,45-54,Delhi,IN,push
Marcus,Ng,marcus.ng.7658@customer360.test,+1-555-558-5346,active,18-24,Singapore,SG,email
Jack,Morgan,jack.morgan.7659@customer360.test,+1-555-559-5383,active,18-24,Sydney,AU,sms
Lucia,Delgado,lucia.delgado.7660@customer360.test,+1-555-560-5420,inactive,25-34,Puebla,MX,email
Fleur,Van Dijk,fleur.van-dijk.7661@customer360.test,+1-555-561-5457,active,35-44,Groningen,NL,push
Aiden Grace,Van Wyk,aiden-grace.van-wyk.7662@customer360.test,+1-555-562-5494,active,25-34,Bloemfontein,ZA,push
Riku,Ito,riku.ito.7663@customer360.test,+1-555-563-5531,active,25-34,Osaka,JP,email
Ethan,Bennett,ethan.bennett.7664@customer360.test,+1-555-564-5568,active,25-34,Boston,US,email
Aditi,Malhotra,aditi.malhotra.7665@customer360.test,+1-555-565-5605,active,55-64,Pune,IN,sms
Santiago Elena,Vargas,santiago-elena.vargas.7666@customer360.test,+1-555-566-5642,active,45-54,Queretaro,MX,push
Camila,Almeida,camila.almeida.7667@customer360.test,+1-555-567-5679,active,45-54,Sao Paulo,BR,sms
Daniel,Rios,daniel.rios.7668@customer360.test,+1-555-568-5716,active,18-24,Merida,MX,push
Matilda,Hayes,matilda.hayes.7669@customer360.test,+1-555-569-5753,active,35-44,Perth,AU,sms
Valeria Luis,Navarro,valeria-luis.navarro.7670@customer360.test,+1-555-570-5790,active,25-34,Mexico City,MX,sms
Quinn,Collins,quinn.collins.7671@customer360.test,+1-555-571-5827,active,25-34,Chicago,US,email
Quinn,Hayes,quinn.hayes.7672@customer360.test,+1-555-572-5864,active,25-34,Seattle,US,push
Ines,Laurent,ines.laurent.7673@customer360.test,+1-555-573-5901,active,25-34,Nantes,FR,email
Meera Neel,Kulkarni,meera-neel.kulkarni.7674@customer360.test,+1-555-574-5938,active,35-44,Delhi,IN,push
Ines,Mercier,ines.mercier.7675@customer360.test,+1-555-575-5975,active,45-54,Marseille,FR,sms
Lucia,Castillo,lucia.castillo.7676@customer360.test,+1-555-576-6012,active,45-54,Queretaro,MX,push
Ethan,Turner,ethan.turner.7677@customer360.test,+1-555-577-6049,active,18-24,Atlanta,US,email
Quinn,Russell,quinn.russell.7678@customer360.test,+1-555-578-6086,active,25-34,Atlanta,US,email
Mei,Suzuki,mei.suzuki.7679@customer360.test,+1-555-579-6123,active,35-44,Yokohama,JP,push
Parker Lee,Mitchell,parker-lee.mitchell.7680@customer360.test,+1-555-580-6160,active,35-44,Philadelphia,US,email
Mei Lin,Wong,mei-lin.wong.7681@customer360.test,+1-555-581-6197,active,55-64,Singapore,SG,sms
Elena Jose,Navarro,elena-jose.navarro.7682@customer360.test,+1-555-582-6234,active,18-24,Monterrey,MX,email
Camille,Chevalier,camille.chevalier.7683@customer360.test,+1-555-583-6271,active,25-34,Nantes,FR,sms
Daan,Meijer,daan.meijer.7684@customer360.test,+1-555-584-6308,active,25-34,Utrecht,NL,push
Kabir,Rao,kabir.rao.7685@customer360.test,+1-555-585-6345,active,35-44,Mumbai,IN,sms
Nandi,Mthembu,nandi.mthembu.7686@customer360.test,+1-555-586-6382,active,55-64,Durban,ZA,sms
Mariana,Costa,mariana.costa.7687@customer360.test,+1-555-587-6419,active,25-34,Porto Alegre,BR,email
Nisha,Nair,nisha.nair.7688@customer360.test,+1-555-588-6456,active,35-44,Bengaluru,IN,push
Grace,Wallace,grace.wallace.7689@customer360.test,+1-555-589-6493,active,35-44,Canberra,AU,sms
Aoi,Nakamura,aoi.nakamura.7690@customer360.test,+1-555-590-6530,active,18-24,Osaka,JP,push
Ruby,Hughes,ruby.hughes.7691@customer360.test,+1-555-591-6567,active,25-34,Perth,AU,sms
Eva,Jansen,eva.jansen.7692@customer360.test,+1-555-592-6604,active,45-54,The Hague,NL,push
Lotte,De Boer,lotte.de-boer.7693@customer360.test,+1-555-593-6641,active,25-34,Eindhoven,NL,sms
Ayanda,Maseko,ayanda.maseko.7694@customer360.test,+1-555-594-6678,active,25-34,Johannesburg,ZA,sms
Nina,Smit,nina.smit.7695@customer360.test,+1-555-595-6715,active,18-24,Amsterdam,NL,sms
Lerato,Mokoena,lerato.mokoena.7696@customer360.test,+1-555-596-6752,active,35-44,Durban,ZA,email
Lucia,Fuentes,lucia.fuentes.7697@customer360.test,+1-555-597-6789,active,18-24,Puebla,MX,push
Leonie,Moreau,leonie.moreau.7698@customer360.test,+1-555-598-6826,active,45-54,Lyon,FR,push
Camila,Oliveira,camila.oliveira.7699@customer360.test,+1-555-599-6863,active,25-34,Recife,BR,sms
Luiza,Carvalho,luiza.carvalho.7700@customer360.test,+1-555-600-6900,active,55-64,Salvador,BR,sms
Grace,Hughes,grace.hughes.7701@customer360.test,+1-555-601-6937,inactive,45-54,Sydney,AU,sms
Morgan,Reed,morgan.reed.7702@customer360.test,+1-555-602-6974,active,25-34,Austin,US,push
Aoi Miki,Yamada,aoi-miki.yamada.7703@customer360.test,+1-555-603-7011,active,45-54,Yokohama,JP,push
Mei Lin Rui,Koh,mei-lin-rui.koh.7704@customer360.test,+1-555-604-7048,active,18-24,Singapore,SG,push
Sofia,Vega,sofia.vega.7705@customer360.test,+1-555-605-7085,inactive,45-54,Bilbao,ES,email
Theo,Fontaine,theo.fontaine.7706@customer360.test,+1-555-606-7122,active,35-44,Lyon,FR,sms
Sofia Alex,Morgan,sofia-alex.morgan.7707@customer360.test,+1-555-607-7159,active,25-34,Boston,US,push
Rafael,Nogueira,rafael.nogueira.7708@customer360.test,+1-555-608-7196,active,45-54,Salvador,BR,sms
Lucas,Van Dijk,lucas.van-dijk.7709@customer360.test,+1-555-609-7233,active,25-34,Groningen,NL,email
Aurora,Moretti,aurora.moretti.7710@customer360.test,+1-555-610-7270,active,18-24,Naples,IT,push
Sota,Kato,sota.kato.7711@customer360.test,+1-555-611-7307,active,25-34,Nagoya,JP,email
Mateo,Fuentes,mateo.fuentes.7712@customer360.test,+1-555-612-7344,active,25-34,Queretaro,MX,push
Hugo,Sinclair,hugo.sinclair.7713@customer360.test,+1-555-613-7381,active,35-44,Glasgow,GB,email
Isla,Bennett,isla.bennett.7714@customer360.test,+1-555-614-7418,active,18-24,Edinburgh,GB,sms
Harper,Reed,harper.reed.7715@customer360.test,+1-555-615-7455,active,45-54,Minneapolis,US,email
Lena,Cooper,lena.cooper.7716@customer360.test,+1-555-616-7492,active,18-24,Seattle,US,sms
Elias Marie,Fraser,elias-marie.fraser.7717@customer360.test,+1-555-617-7529,active,35-44,Montreal,CA,push
Vivaan,Iyer,vivaan.iyer.7718@customer360.test,+1-555-618-7566,active,35-44,Kolkata,IN,email
Lorenzo Giovanni,Marino,lorenzo-giovanni.marino.7719@customer360.test,+1-555-619-7603,active,45-54,Milan,IT,email
Daniel,Navarro,daniel.navarro.7720@customer360.test,+1-555-620-7640,active,55-64,Monterrey,MX,push
Callum,Bennett,callum.bennett.7721@customer360.test,+1-555-621-7677,active,35-44,Melbourne,AU,push
Mariana,Serrano,mariana.serrano.7722@customer360.test,+1-555-622-7714,active,25-34,Guadalajara,MX,email
Isla,Mercer,isla.mercer.7723@customer360.test,+1-555-623-7751,active,25-34,Manchester,GB,email
Daniel,Vega,daniel.vega.7724@customer360.test,+1-555-624-7788,active,18-24,Seville,ES,email
Ishita,Malhotra,ishita.malhotra.7725@customer360.test,+1-555-625-7825,active,25-34,Chennai,IN,push
Leo Luis,Rojas,leo-luis.rojas.7726@customer360.test,+1-555-626-7862,active,25-34,Barcelona,ES,email
Louis,Rousseau,louis.rousseau.7727@customer360.test,+1-555-627-7899,active,35-44,Lyon,FR,email
Sophie,Lavoie,sophie.lavoie.7728@customer360.test,+1-555-628-7936,active,35-44,Ottawa,CA,email
Hina,Nakamura,hina.nakamura.7729@customer360.test,+1-555-629-7973,active,55-64,Nagoya,JP,sms
Ayanda,Mokoena,ayanda.mokoena.7730@customer360.test,+1-555-630-8010,active,25-34,Cape Town,ZA,push
Beatriz Luiz,Oliveira,beatriz-luiz.oliveira.7731@customer360.test,+1-555-631-8047,active,35-44,Salvador,BR,sms
Finn,Fletcher,finn.fletcher.7732@customer360.test,+1-555-632-8084,active,18-24,Brisbane,AU,push
Riku,Nakamura,riku.nakamura.7733@customer360.test,+1-555-633-8121,active,55-64,Nagoya,JP,email
Mia,Hayes,mia.hayes.7734@customer360.test,+1-555-634-8158,active,55-64,Adelaide,AU,sms
Leo,Marin,leo.marin.7735@customer360.test,+1-555-635-8195,active,18-24,Bilbao,ES,sms
Dylan,Morgan,dylan.morgan.7736@customer360.test,+1-555-636-8232,inactive,25-34,San Diego,US,sms
Felix,Hartmann,felix.hartmann.7737@customer360.test,+1-555-637-8269,active,35-44,Frankfurt,DE,sms
Callum,Hughes,callum.hughes.7738@customer360.test,+1-555-638-8306,active,25-34,Adelaide,AU,email
Kaito,Suzuki,kaito.suzuki.7739@customer360.test,+1-555-639-8343,active,45-54,Fukuoka,JP,sms
Miles,Bennett,miles.bennett.7740@customer360.test,+1-555-640-8380,active,35-44,Atlanta,US,sms
Renata,Fuentes,renata.fuentes.7741@customer360.test,+1-555-641-8417,active,25-34,Mexico City,MX,email
Miles Kai,Morgan,miles-kai.morgan.7742@customer360.test,+1-555-642-8454,active,35-44,Atlanta,US,sms
Finn,Meijer,finn.meijer.7743@customer360.test,+1-555-643-8491,active,18-24,Groningen,NL,email
Sophie,Brandt,sophie.brandt.7744@customer360.test,+1-555-644-8528,active,45-54,Leipzig,DE,email
Kaito,Sato,kaito.sato.7745@customer360.test,+1-555-645-8565,active,25-34,Nagoya,JP,push
Carmen Luis,Molina,carmen-luis.molina.7746@customer360.test,+1-555-646-8602,active,18-24,Madrid,ES,email
Louis,Marchand,louis.marchand.7747@customer360.test,+1-555-647-8639,active,25-34,Toulouse,FR,push
Sofia Jose,Molina,sofia-jose.molina.7748@customer360.test,+1-555-648-8676,inactive,35-44,Valencia,ES,email
Lucia,Serrano,lucia.serrano.7749@customer360.test,+1-555-649-8713,active,25-34,Guadalajara,MX,email
Leo,Navarro,leo.navarro.7750@customer360.test,+1-555-650-8750,active,35-44,Malaga,ES,sms
Lerato,Mokoena,lerato.mokoena.7751@customer360.test,+1-555-651-8787,active,25-34,Cape Town,ZA,push
Marcus Min,Lim,marcus-min.lim.7752@customer360.test,+1-555-652-8824,inactive,35-44,Singapore,SG,sms
Elliot Lee,Bennett,elliot-lee.bennett.7753@customer360.test,+1-555-653-8861,active,18-24,Hobart,AU,push
Kai Wen,Chua,kai-wen.chua.7754@customer360.test,+1-555-654-8898,active,55-64,Singapore,SG,push
Vega,Vidal,vega.vidal.7755@customer360.test,+1-555-655-8935,active,45-54,Valencia,ES,push
Kaito,Kobayashi,kaito.kobayashi.7756@customer360.test,+1-555-656-8972,active,35-44,Nagoya,JP,sms
Lachlan,Bennett,lachlan.bennett.7757@customer360.test,+1-555-657-9009,inactive,35-44,Perth,AU,push
Beatriz,Barbosa,beatriz.barbosa.7758@customer360.test,+1-555-658-9046,active,25-34,Curitiba,BR,sms
Cameron,Cooper,cameron.cooper.7759@customer360.test,+1-555-659-9083,active,25-34,Seattle,US,push
Ishaan,Saxena,ishaan.saxena.7760@customer360.test,+1-555-660-9120,active,25-34,Ahmedabad,IN,sms
Leah Claire,Lavoie,leah-claire.lavoie.7761@customer360.test,+1-555-661-9157,active,35-44,Toronto,CA,sms
Neo,Jacobs,neo.jacobs.7762@customer360.test,+1-555-662-9194,active,35-44,Bloemfontein,ZA,push
Beatriz,Carvalho,beatriz.carvalho.7763@customer360.test,+1-555-663-9231,active,35-44,Recife,BR,sms
Kavya,Saxena,kavya.saxena.7764@customer360.test,+1-555-664-9268,active,25-34,Pune,IN,email
Mio Ken,Tanaka,mio-ken.tanaka.7765@customer360.test,+1-555-665-9305,active,25-34,Nagoya,JP,push
Arthur,Dubois,arthur.dubois.7766@customer360.test,+1-555-666-9342,active,35-44,Bordeaux,FR,sms
Ethan,Mthembu,ethan.mthembu.7767@customer360.test,+1-555-667-9379,active,35-44,Bloemfontein,ZA,sms
Mila,Wagner,mila.wagner.7768@customer360.test,+1-555-668-9416,active,25-34,Hamburg,DE,sms
Hugo,Vega,hugo.vega.7769@customer360.test,+1-555-669-9453,active,18-24,Malaga,ES,sms
Mathis,Mercier,mathis.mercier.7770@customer360.test,+1-555-670-9490,active,55-64,Nantes,FR,push
Arjun Wei,Koh,arjun-wei.koh.7771@customer360.test,+1-555-671-9527,active,35-44,Singapore,SG,email
Mateo,Castillo,mateo.castillo.7772@customer360.test,+1-555-672-9564,active,18-24,Puebla,MX,sms
Rin,Tanaka,rin.tanaka.7773@customer360.test,+1-555-673-9601,active,25-34,Yokohama,JP,email
Diego Jose,Rojas,diego-jose.rojas.7774@customer360.test,+1-555-674-9638,active,45-54,Malaga,ES,email
Zara,Clarke,zara.clarke.7775@customer360.test,+1-555-675-9675,active,55-64,Perth,AU,email
Callum James,Hayes,callum-james.hayes.7776@customer360.test,+1-555-676-9712,active,25-34,Perth,AU,sms
Gabriel,Lefevre,gabriel.lefevre.7777@customer360.test,+1-555-677-9749,inactive,25-34,Paris,FR,sms
Marcus,Lee,marcus.lee.7778@customer360.test,+1-555-678-9786,active,45-54,Singapore,SG,sms
Maeve,Campbell,maeve.campbell.7779@customer360.test,+1-555-679-9823,active,25-34,Toronto,CA,sms
Taylor,Brooks,taylor.brooks.7780@customer360.test,+1-555-680-9860,active,55-64,Boston,US,email
Parker,Collins,parker.collins.7781@customer360.test,+1-555-681-9897,active,25-34,San Diego,US,sms
Juliette Claire,Chevalier,juliette-claire.chevalier.7782@customer360.test,+1-555-682-9934,active,25-34,Nantes,FR,push
Mei,Sato,mei.sato.7783@customer360.test,+1-555-683-9971,active,55-64,Sapporo,JP,email
Siti Jia,Goh,siti-jia.goh.7784@customer360.test,+1-555-684-1008,active,35-44,Singapore,SG,sms
Daniel Maria,Castro,daniel-maria.castro.7785@customer360.test,+1-555-685-1045,active,25-34,Malaga,ES,email
Lena,Foster,lena.foster.7786@customer360.test,+1-555-686-1082,active,18-24,Philadelphia,US,sms
Maximilian,Hartmann,maximilian.hartmann.7787@customer360.test,+1-555-687-1119,active,45-54,Berlin,DE,sms
Owen,Fournier,owen.fournier.7788@customer360.test,+1-555-688-1156,inactive,25-34,Halifax,CA,email
Diya,Desai,diya.desai.7789@customer360.test,+1-555-689-1193,active,25-34,Jaipur,IN,push
Maximilian Johann,Wagner,maximilian-johann.wagner.7790@customer360.test,+1-555-690-1230,active,25-34,Frankfurt,DE,push
Ren,Kato,ren.kato.7791@customer360.test,+1-555-691-1267,active,25-34,Yokohama,JP,sms
Isabela,Ferreira,isabela.ferreira.7792@customer360.test,+1-555-692-1304,inactive,25-34,Curitiba,BR,push
Logan,Bennett,logan.bennett.7793@customer360.test,+1-555-693-1341,active,25-34,San Diego,US,push
Hugo,Navarro,hugo.navarro.7794@customer360.test,+1-555-694-1378,inactive,25-34,Madrid,ES,sms
Felix,Brandt,felix.brandt.7795@customer360.test,+1-555-695-1415,active,25-34,Stuttgart,DE,email
Naomi Kai,Turner,naomi-kai.turner.7796@customer360.test,+1-555-696-1452,active,35-44,Atlanta,US,sms
Nandi Nia,Mokoena,nandi-nia.mokoena.7797@customer360.test,+1-555-697-1489,active,45-54,Bloemfontein,ZA,sms
Mei Lin,Ismail,mei-lin.ismail.7798@customer360.test,+1-555-698-1526,active,35-44,Singapore,SG,push
Jordan,Reed,jordan.reed.7799@customer360.test,+1-555-699-1563,active,25-34,Chicago,US,email
Gabriele,Esposito,gabriele.esposito.7800@customer360.test,+1-555-700-1600,active,25-34,Rome,IT,email
Tess,Visser,tess.visser.7801@customer360.test,+1-555-701-1637,active,45-54,Utrecht,NL,push
Kaito,Ito,kaito.ito.7802@customer360.test,+1-555-702-1674,active,18-24,Yokohama,JP,sms
Elias,Fraser,elias.fraser.7803@customer360.test,+1-555-703-1711,active,45-54,Calgary,CA,sms
Anaya,Menon,anaya.menon.7804@customer360.test,+1-555-704-1748,active,45-54,Kolkata,IN,email
Arthur,Chapman,arthur.chapman.7805@customer360.test,+1-555-705-1785,active,35-44,Glasgow,GB,sms
Sofia,Ortega,sofia.ortega.7806@customer360.test,+1-555-706-1822,active,35-44,Malaga,ES,push
Aurora Luca,Gallo,aurora-luca.gallo.7807@customer360.test,+1-555-707-1859,active,25-34,Naples,IT,sms
Theo,Gauthier,theo.gauthier.7808@customer360.test,+1-555-708-1896,active,55-64,Edmonton,CA,push
Nisha,Kulkarni,nisha.kulkarni.7809@customer360.test,+1-555-709-1933,active,55-64,Delhi,IN,sms
Lucia Jose,Castillo,lucia-jose.castillo.7810@customer360.test,+1-555-710-1970,active,18-24,Mexico City,MX,push
Davide,Romano,davide.romano.7811@customer360.test,+1-555-711-2007,active,35-44,Naples,IT,email
Daniel Maria,Vargas,daniel-maria.vargas.7812@customer360.test,+1-555-712-2044,active,25-34,Monterrey,MX,sms
Ryan,Rahman,ryan.rahman.7813@customer360.test,+1-555-713-2081,active,18-24,Singapore,SG,sms
Logan,Ward,logan.ward.7814@customer360.test,+1-555-714-2118,active,55-64,Philadelphia,US,push
Avery,Carter,avery.carter.7815@customer360.test,+1-555-715-2155,active,18-24,Philadelphia,US,sms
Jack,Sullivan,jack.sullivan.7816@customer360.test,+1-555-716-2192,active,55-64,Hobart,AU,email
Reyansh,Saxena,reyansh.saxena.7817@customer360.test,+1-555-717-2229,active,35-44,Kochi,IN,push
Harper,Mitchell,harper.mitchell.7818@customer360.test,+1-555-718-2266,active,25-34,Austin,US,email
Amelie,Fischer,amelie.fischer.7819@customer360.test,+1-555-719-2303,active,25-34,Frankfurt,DE,sms
Lachlan,Cameron,lachlan.cameron.7820@customer360.test,+1-555-720-2340,active,25-34,Brisbane,AU,sms
Gabriele,Ferrari,gabriele.ferrari.7821@customer360.test,+1-555-721-2377,active,18-24,Florence,IT,email
Liam,Fournier,liam.fournier.7822@customer360.test,+1-555-722-2414,inactive,25-34,Ottawa,CA,push
Taylor,Mitchell,taylor.mitchell.7823@customer360.test,+1-555-723-2451,inactive,35-44,Boston,US,sms
Nana,Tanaka,nana.tanaka.7824@customer360.test,+1-555-724-2488,active,45-54,Nagoya,JP,sms
Hugo Maria,Vega,hugo-maria.vega.7825@customer360.test,+1-555-725-2525,active,18-24,Madrid,ES,sms
Ruby,Crawford,ruby.crawford.7826@customer360.test,+1-555-726-2562,active,25-34,London,GB,email
Ishaan,Chatterjee,ishaan.chatterjee.7827@customer360.test,+1-555-727-2599,active,35-44,Kochi,IN,push
Mio,Suzuki,mio.suzuki.7828@customer360.test,+1-555-728-2636,active,55-64,Kyoto,JP,push
Javier,Morales,javier.morales.7829@customer360.test,+1-555-729-2673,active,45-54,Merida,MX,sms
Zara Rose,Bennett,zara-rose.bennett.7830@customer360.test,+1-555-730-2710,active,45-54,Canberra,AU,push
Chloe,Gauthier,chloe.gauthier.7831@customer360.test,+1-555-731-2747,inactive,25-34,Ottawa,CA,push
Riley Alex,Foster,riley-alex.foster.7832@customer360.test,+1-555-732-2784,active,18-24,Philadelphia,US,sms
Aiden Grace,Nkosi,aiden-grace.nkosi.7833@customer360.test,+1-555-733-2821,active,18-24,Gqeberha,ZA,sms
Leah,Fournier,leah.fournier.7834@customer360.test,+1-555-734-2858,active,25-34,Montreal,CA,push
Hugo,Mercier,hugo.mercier.7835@customer360.test,+1-555-735-2895,active,35-44,Paris,FR,sms
Taylor,Parker,taylor.parker.7836@customer360.test,+1-555-736-2932,active,25-34,Minneapolis,US,push
Giulia Maria,Romano,giulia-maria.romano.7837@customer360.test,+1-555-737-2969,active,35-44,Florence,IT,email
Grace,Wallace,grace.wallace.7838@customer360.test,+1-555-738-3006,active,35-44,Sydney,AU,push
Cameron,Carter,cameron.carter.7839@customer360.test,+1-555-739-3043,active,25-34,Portland,US,email
Eva,Bakker,eva.bakker.7840@customer360.test,+1-555-740-3080,active,25-34,Rotterdam,NL,email
Maya,Pillay,maya.pillay.7841@customer360.test,+1-555-741-3117,active,45-54,Bloemfontein,ZA,sms
Elias,Fournier,elias.fournier.7842@customer360.test,+1-555-742-3154,active,45-54,Toronto,CA,push
Mila Lukas,Schneider,mila-lukas.schneider.7843@customer360.test,+1-555-743-3191,active,25-34,Berlin,DE,push
Lena,Bennett,lena.bennett.7844@customer360.test,+1-555-744-3228,active,25-34,Atlanta,US,email
Vihaan,Malhotra,vihaan.malhotra.7845@customer360.test,+1-555-745-3265,active,55-64,Jaipur,IN,sms
Valeria,Morales,valeria.morales.7846@customer360.test,+1-555-746-3302,inactive,25-34,Guadalajara,MX,push
Leonie,Chevalier,leonie.chevalier.7847@customer360.test,+1-555-747-3339,active,45-54,Nantes,FR,email
Davide Giovanni,Romano,davide-giovanni.romano.7848@customer360.test,+1-555-748-3376,active,45-54,Milan,IT,email
Maeve,Fraser,maeve.fraser.7849@customer360.test,+1-555-749-3413,active,35-44,Ottawa,CA,sms
Arjun,Sharma,arjun.sharma.7850@customer360.test,+1-555-750-3450,active,35-44,Chennai,IN,email
Luiza,Martins,luiza.martins.7851@customer360.test,+1-555-751-3487,active,45-54,Porto Alegre,BR,push
Logan,Brooks,logan.brooks.7852@customer360.test,+1-555-752-3524,active,35-44,Seattle,US,push
Daniel,Morales,daniel.morales.7853@customer360.test,+1-555-753-3561,active,45-54,Puebla,MX,push
Enzo,Almeida,enzo.almeida.7854@customer360.test,+1-555-754-3598,active,18-24,Rio de Janeiro,BR,email
Chiara,Moretti,chiara.moretti.7855@customer360.test,+1-555-755-3635,active,35-44,Palermo,IT,push
Thabo Nia,Botha,thabo-nia.botha.7856@customer360.test,+1-555-756-3672,active,35-44,Gqeberha,ZA,push
Theo,Bouchard,theo.bouchard.7857@customer360.test,+1-555-757-3709,active,35-44,Calgary,CA,sms
Mathis Claire,Renard,mathis-claire.renard.7858@customer360.test,+1-555-758-3746,active,35-44,Lyon,FR,email
Maya,Mitchell,maya.mitchell.7859@customer360.test,+1-555-759-3783,active,18-24,Philadelphia,US,email
Juliette,Girard,juliette.girard.7860@customer360.test,+1-555-760-3820,active,25-34,Toulouse,FR,sms
Lwazi,Nkosi,lwazi.nkosi.7861@customer360.test,+1-555-761-3857,active,55-64,Gqeberha,ZA,sms
Grace,Hughes,grace.hughes.7862@customer360.test,+1-555-762-3894,active,55-64,Brisbane,AU,email
Ethan,Bennett,ethan.bennett.7863@customer360.test,+1-555-763-3931,active,25-34,Seattle,US,email
Mathis,Mercier,mathis.mercier.7864@customer360.test,+1-555-764-3968,active,45-54,Paris,FR,push
Arjun,Desai,arjun.desai.7865@customer360.test,+1-555-765-4005,active,35-44,Mumbai,IN,sms
Enzo,Martins,enzo.martins.7866@customer360.test,+1-555-766-4042,active,45-54,Rio de Janeiro,BR,push
Hugo,Garcia,hugo.garcia.7867@customer360.test,+1-555-767-4079,active,25-34,Madrid,ES,sms
Neo,Mokoena,neo.mokoena.7868@customer360.test,+1-555-768-4116,active,55-64,Cape Town,ZA,push
Kavya,Sharma,kavya.sharma.7869@customer360.test,+1-555-769-4153,active,35-44,Ahmedabad,IN,push
Hamish James,Sullivan,hamish-james.sullivan.7870@customer360.test,+1-555-770-4190,active,25-34,Perth,AU,push
Emilia,Richter,emilia.richter.7871@customer360.test,+1-555-771-4227,active,45-54,Frankfurt,DE,email
Caleb,Bennett,caleb.bennett.7872@customer360.test,+1-555-772-4264,active,25-34,Austin,US,push
Liam,Poirier,liam.poirier.7873@customer360.test,+1-555-773-4301,active,35-44,Montreal,CA,push
Maya Nia,Nkosi,maya-nia.nkosi.7874@customer360.test,+1-555-774-4338,active,25-34,Pretoria,ZA,email
Arjun,Desai,arjun.desai.7875@customer360.test,+1-555-775-4375,active,45-54,Kochi,IN,email
Hamish,Wallace,hamish.wallace.7876@customer360.test,+1-555-776-4412,active,45-54,Canberra,AU,sms
Beatriz,Costa,beatriz.costa.7877@customer360.test,+1-555-777-4449,active,35-44,Sao Paulo,BR,email
Nina,Visser,nina.visser.7878@customer360.test,+1-555-778-4486,active,35-44,Rotterdam,NL,sms
Zara,Hayes,zara.hayes.7879@customer360.test,+1-555-779-4523,active,25-34,Adelaide,AU,push
Valeria Jose,Rojas,valeria-jose.rojas.7880@customer360.test,+1-555-780-4560,active,18-24,Barcelona,ES,push
Leonie Jean,Moreau,leonie-jean.moreau.7881@customer360.test,+1-555-781-4597,active,45-54,Paris,FR,push
Oscar Edward,Fletcher,oscar-edward.fletcher.7882@customer360.test,+1-555-782-4634,active,45-54,London,GB,push
Tara,Malhotra,tara.malhotra.7883@customer360.test,+1-555-783-4671,active,45-54,Bengaluru,IN,email
Ethan Lee,Mthembu,ethan-lee.mthembu.7884@customer360.test,+1-555-784-4708,active,45-54,Bloemfontein,ZA,sms
Jordan,Foster,jordan.foster.7885@customer360.test,+1-555-785-4745,inactive,45-54,Minneapolis,US,push
Aditi,Kulkarni,aditi.kulkarni.7886@customer360.test,+1-555-786-4782,active,35-44,Hyderabad,IN,sms
Yuto,Yoshida,yuto.yoshida.7887@customer360.test,+1-555-787-4819,active,18-24,Nagoya,JP,sms
Ishita,Kapoor,ishita.kapoor.7888@customer360.test,+1-555-788-4856,inactive,45-54,Mumbai,IN,sms
Isla,Fletcher,isla.fletcher.7889@customer360.test,+1-555-789-4893,active,35-44,Leeds,GB,sms
Daiki,Kobayashi,daiki.kobayashi.7890@customer360.test,+1-555-790-4930,active,35-44,Osaka,JP,push
Cameron,Collins,cameron.collins.7891@customer360.test,+1-555-791-4967,active,25-34,Minneapolis,US,push
Hugo,Lawson,hugo.lawson.7892@customer360.test,+1-555-792-5004,active,25-34,Manchester,GB,sms
Caio,Martins,caio.martins.7893@customer360.test,+1-555-793-5041,active,45-54,Salvador,BR,sms
Dylan,Foster,dylan.foster.7894@customer360.test,+1-555-794-5078,active,35-44,Chicago,US,sms
Theo Louise,Bennett,theo-louise.bennett.7895@customer360.test,+1-555-795-5115,active,18-24,Glasgow,GB,sms
Isabela,Costa,isabela.costa.7896@customer360.test,+1-555-796-5152,active,25-34,Porto Alegre,BR,sms
Mariana,Barbosa,mariana.barbosa.7897@customer360.test,+1-555-797-5189,active,55-64,Salvador,BR,sms
Zinhle Nia,Pillay,zinhle-nia.pillay.7898@customer360.test,+1-555-798-5226,active,25-34,Durban,ZA,email
Martin,Cabrera,martin.cabrera.7899@customer360.test,+1-555-799-5263,inactive,35-44,Bilbao,ES,email
Diego,Ortega,diego.ortega.7900@customer360.test,+1-555-800-5300,active,25-34,Queretaro,MX,email
Clara Marie,Morrison,clara-marie.morrison.7901@customer360.test,+1-555-801-5337,active,25-34,Toronto,CA,sms
Cameron,Parker,cameron.parker.7902@customer360.test,+1-555-802-5374,active,25-34,San Diego,US,push
Ishaan,Sharma,ishaan.sharma.7903@customer360.test,+1-555-803-5411,active,45-54,Bengaluru,IN,sms
Aditya,Iyer,aditya.iyer.7904@customer360.test,+1-555-804-5448,active,25-34,Ahmedabad,IN,push
Caleb,Russell,caleb.russell.7905@customer360.test,+1-555-805-5485,active,45-54,Austin,US,push
Maisie,Harrington,maisie.harrington.7906@customer360.test,+1-555-806-5522,active,55-64,Leeds,GB,email
Arjun Riya,Pillai,arjun-riya.pillai.7907@customer360.test,+1-555-807-5559,active,45-54,Jaipur,IN,sms
Maisie,Mercer,maisie.mercer.7908@customer360.test,+1-555-808-5596,active,18-24,Birmingham,GB,sms
Julian,Morrison,julian.morrison.7909@customer360.test,+1-555-809-5633,active,18-24,Edmonton,CA,email
Sanne Marie,Mulder,sanne-marie.mulder.7910@customer360.test,+1-555-810-5670,active,25-34,Rotterdam,NL,sms
Juliette,Blanc,juliette.blanc.7911@customer360.test,+1-555-811-5707,active,35-44,Paris,FR,sms
Riley,Russell,riley.russell.7912@customer360.test,+1-555-812-5744,active,25-34,Minneapolis,US,push
Nana,Yamada,nana.yamada.7913@customer360.test,+1-555-813-5781,active,25-34,Fukuoka,JP,email
Ren,Yamamoto,ren.yamamoto.7914@customer360.test,+1-555-814-5818,active,35-44,Fukuoka,JP,sms
Finn,Meijer,finn.meijer.7915@customer360.test,+1-555-815-5855,active,45-54,Utrecht,NL,sms
Renata,Delgado,renata.delgado.7916@customer360.test,+1-555-816-5892,active,25-34,Merida,MX,sms
Harper,Bailey,harper.bailey.7917@customer360.test,+1-555-817-5929,active,45-54,San Diego,US,push
Martin,Rojas,martin.rojas.7918@customer360.test,+1-555-818-5966,active,55-64,Valencia,ES,push
Vivaan,Rao,vivaan.rao.7919@customer360.test,+1-555-819-6003,active,25-34,Kolkata,IN,push
Baptiste,Mercier,baptiste.mercier.7920@customer360.test,+1-555-820-6040,active,25-34,Toulouse,FR,email
Sienna Rose,Bennett,sienna-rose.bennett.7921@customer360.test,+1-555-821-6077,active,18-24,Adelaide,AU,email
Owen,Fournier,owen.fournier.7922@customer360.test,+1-555-822-6114,inactive,25-34,Montreal,CA,sms
Jordan James,Brooks,jordan-james.brooks.7923@customer360.test,+1-555-823-6151,active,35-44,Portland,US,sms
Mateo Carmen,Iglesias,mateo-carmen.iglesias.7924@customer360.test,+1-555-824-6188,active,25-34,Madrid,ES,sms
Mateo,Serrano,mateo.serrano.7925@customer360.test,+1-555-825-6225,inactive,25-34,Queretaro,MX,push
Ethan Rose,Turner,ethan-rose.turner.7926@customer360.test,+1-555-826-6262,active,25-34,Portland,US,email
Ishita,Desai,ishita.desai.7927@customer360.test,+1-555-827-6299,active,45-54,Chennai,IN,push
Maximilian,Brandt,maximilian.brandt.7928@customer360.test,+1-555-828-6336,active,25-34,Cologne,DE,push
Elliot,Fletcher,elliot.fletcher.7929@customer360.test,+1-555-829-6373,active,25-34,Adelaide,AU,email
Lena,Bailey,lena.bailey.7930@customer360.test,+1-555-830-6410,inactive,35-44,Chicago,US,sms
Marco,Gallo,marco.gallo.7931@customer360.test,+1-555-831-6447,active,25-34,Milan,IT,push
Matilda,Sullivan,matilda.sullivan.7932@customer360.test,+1-555-832-6484,inactive,35-44,Canberra,AU,sms
Santiago,Navarro,santiago.navarro.7933@customer360.test,+1-555-833-6521,active,25-34,Puebla,MX,sms
Marcus,Teo,marcus.teo.7934@customer360.test,+1-555-834-6558,active,18-24,Singapore,SG,push
Harper,Turner,harper.turner.7935@customer360.test,+1-555-835-6595,active,35-44,Chicago,US,push
Sienna,Clarke,sienna.clarke.7936@customer360.test,+1-555-836-6632,inactive,25-34,Brisbane,AU,push
Rafael,Costa,rafael.costa.7937@customer360.test,+1-555-837-6669,active,25-34,Porto Alegre,BR,push
George,Griffiths,george.griffiths.7938@customer360.test,+1-555-838-6706,active,35-44,Birmingham,GB,email
Ayanda,Naidoo,ayanda.naidoo.7939@customer360.test,+1-555-839-6743,inactive,55-64,Cape Town,ZA,email
Vihaan,Kapoor,vihaan.kapoor.7940@customer360.test,+1-555-840-6780,active,18-24,Bengaluru,IN,sms
Isla Lee,Hughes,isla-lee.hughes.7941@customer360.test,+1-555-841-6817,active,25-34,Perth,AU,sms
Yui,Ito,yui.ito.7942@customer360.test,+1-555-842-6854,active,25-34,Kyoto,JP,push
Julian,Lavoie,julian.lavoie.7943@customer360.test,+1-555-843-6891,active,45-54,Halifax,CA,push
Mathis,Blanc,mathis.blanc.7944@customer360.test,+1-555-844-6928,active,35-44,Toulouse,FR,sms
Daan,Meijer,daan.meijer.7945@customer360.test,+1-555-845-6965,active,35-44,Groningen,NL,email
Pedro,Ferreira,pedro.ferreira.7946@customer360.test,+1-555-846-7002,active,45-54,Sao Paulo,BR,push
Alejandro Maria,Mendoza,alejandro-maria.mendoza.7947@customer360.test,+1-555-847-7039,active,18-24,Mexico City,MX,email
George,Crawford,george.crawford.7948@customer360.test,+1-555-848-7076,active,25-34,London,GB,push
Mila,Lavoie,mila.lavoie.7949@customer360.test,+1-555-849-7113,active,45-54,Halifax,CA,sms
Leonie,Moreau,leonie.moreau.7950@customer360.test,+1-555-850-7150,active,18-24,Bordeaux,FR,push
Leonardo,Rossi,leonardo.rossi.7951@customer360.test,+1-555-851-7187,active,25-34,Palermo,IT,sms
Arthur,Ellis,arthur.ellis.7952@customer360.test,+1-555-852-7224,active,25-34,Glasgow,GB,sms
Dylan,Hayes,dylan.hayes.7953@customer360.test,+1-555-853-7261,active,35-44,San Diego,US,email
Amelie,Moreau,amelie.moreau.7954@customer360.test,+1-555-854-7298,active,35-44,Marseille,FR,push
Neo,Mthembu,neo.mthembu.7955@customer360.test,+1-555-855-7335,active,25-34,Durban,ZA,push
Caio,Oliveira,caio.oliveira.7956@customer360.test,+1-555-856-7372,active,55-64,Rio de Janeiro,BR,push
Camila,Almeida,camila.almeida.7957@customer360.test,+1-555-857-7409,active,25-34,Recife,BR,email
Haruto,Sato,haruto.sato.7958@customer360.test,+1-555-858-7446,active,35-44,Yokohama,JP,sms
Enzo,Teixeira,enzo.teixeira.7959@customer360.test,+1-555-859-7483,active,55-64,Curitiba,BR,email
Mariana,Mendoza,mariana.mendoza.7960@customer360.test,+1-555-860-7520,active,18-24,Merida,MX,sms
Ruby Rose,Anderson,ruby-rose.anderson.7961@customer360.test,+1-555-861-7557,active,25-34,Perth,AU,push
Tara Priya,Sharma,tara-priya.sharma.7962@customer360.test,+1-555-862-7594,active,35-44,Ahmedabad,IN,push
Alba,Navarro,alba.navarro.7963@customer360.test,+1-555-863-7631,inactive,35-44,Madrid,ES,sms
Evie,Lawson,evie.lawson.7964@customer360.test,+1-555-864-7668,active,45-54,Bristol,GB,sms
Sipho,Mabena,sipho.mabena.7965@customer360.test,+1-555-865-7705,active,25-34,Durban,ZA,sms
Louis,Mercier,louis.mercier.7966@customer360.test,+1-555-866-7742,active,25-34,Toulouse,FR,push
Quinn,Collins,quinn.collins.7967@customer360.test,+1-555-867-7779,active,35-44,Philadelphia,US,push
Camila,Ortega,camila.ortega.7968@customer360.test,+1-555-868-7816,active,25-34,Guadalajara,MX,push
Marcus,Lee,marcus.lee.7969@customer360.test,+1-555-869-7853,active,45-54,Singapore,SG,email
Thiago,Almeida,thiago.almeida.7970@customer360.test,+1-555-870-7890,active,45-54,Salvador,BR,sms
Mateus,Barbosa,mateus.barbosa.7971@customer360.test,+1-555-871-7927,active,45-54,Brasilia,BR,push
Arthur,Moreau,arthur.moreau.7972@customer360.test,+1-555-872-7964,active,25-34,Lille,FR,push
Quinn,Brooks,quinn.brooks.7973@customer360.test,+1-555-873-8001,active,45-54,Seattle,US,email
Hugo,Renard,hugo.renard.7974@customer360.test,+1-555-874-8038,inactive,35-44,Nantes,FR,push
Nina,Jansen,nina.jansen.7975@customer360.test,+1-555-875-8075,active,35-44,Eindhoven,NL,email
Javier,Cervantes,javier.cervantes.7976@customer360.test,+1-555-876-8112,active,25-34,Mexico City,MX,sms
Sophie,Bennett,sophie.bennett.7977@customer360.test,+1-555-877-8149,active,25-34,Halifax,CA,sms
Amelie,Kruger,amelie.kruger.7978@customer360.test,+1-555-878-8186,active,25-34,Cologne,DE,sms
Morgan Kai,Reed,morgan-kai.reed.7979@customer360.test,+1-555-879-8223,active,45-54,Austin,US,push
Ethan,Rahman,ethan.rahman.7980@customer360.test,+1-555-880-8260,active,45-54,Singapore,SG,push
Diego,Molina,diego.molina.7981@customer360.test,+1-555-881-8297,active,18-24,Madrid,ES,sms
Sophie Johann,Keller,sophie-johann.keller.7982@customer360.test,+1-555-882-8334,active,18-24,Frankfurt,DE,email
Amelie,Mercer,amelie.mercer.7983@customer360.test,+1-555-883-8371,active,35-44,Halifax,CA,sms
Maeve Jean,Bennett,maeve-jean.bennett.7984@customer360.test,+1-555-884-8408,inactive,55-64,Calgary,CA,push
Riley,Morgan,riley.morgan.7985@customer360.test,+1-555-885-8445,active,35-44,Philadelphia,US,email
Julian Claire,Fraser,julian-claire.fraser.7986@customer360.test,+1-555-886-8482,active,18-24,Ottawa,CA,email
Tommaso,Moretti,tommaso.moretti.7987@customer360.test,+1-555-887-8519,active,25-34,Naples,IT,email
Mariana Joao,Araujo,mariana-joao.araujo.7988@customer360.test,+1-555-888-8556,active,25-34,Recife,BR,push
Renata,Mendoza,renata.mendoza.7989@customer360.test,+1-555-889-8593,active,25-34,Mexico City,MX,push
Chloe,Laurent,chloe.laurent.7990@customer360.test,+1-555-890-8630,active,35-44,Bordeaux,FR,sms
Matteo Luca,Esposito,matteo-luca.esposito.7991@customer360.test,+1-555-891-8667,active,25-34,Bologna,IT,email
Camille,Gauthier,camille.gauthier.7992@customer360.test,+1-555-892-8704,active,55-64,Edmonton,CA,email
Oscar,Reid,oscar.reid.7993@customer360.test,+1-555-893-8741,active,18-24,Melbourne,AU,push
Mariana,Teixeira,mariana.teixeira.7994@customer360.test,+1-555-894-8778,active,25-34,Porto Alegre,BR,email
Julian Jean,Mercer,julian-jean.mercer.7995@customer360.test,+1-555-895-8815,active,25-34,Edmonton,CA,email
Diego,Ortega,diego.ortega.7996@customer360.test,+1-555-896-8852,active,25-34,Madrid,ES,email
Pablo,Cabrera,pablo.cabrera.7997@customer360.test,+1-555-897-8889,active,45-54,Madrid,ES,sms
Quinn Rose,Reed,quinn-rose.reed.7998@customer360.test,+1-555-898-8926,active,35-44,Portland,US,sms
Leonie,Chevalier,leonie.chevalier.7999@customer360.test,+1-555-899-8963,inactive,35-44,Nantes,FR,email
Haruto Ken,Ito,haruto-ken.ito.8000@customer360.test,+1-555-900-9000,active,25-34,Osaka,JP,push
Elliot James,Fletcher,elliot-james.fletcher.8001@customer360.test,+1-555-901-9037,active,25-34,Brisbane,AU,sms
Oscar,McKenzie,oscar.mckenzie.8002@customer360.test,+1-555-902-9074,active,55-64,Adelaide,AU,email
Aiden,Mthembu,aiden.mthembu.8003@customer360.test,+1-555-903-9111,active,35-44,Cape Town,ZA,sms
Oliver,Harrington,oliver.harrington.8004@customer360.test,+1-555-904-9148,active,25-34,Leeds,GB,push
Manon,Lefevre,manon.lefevre.8005@customer360.test,+1-555-905-9185,active,18-24,Lille,FR,email
Ishita,Chatterjee,ishita.chatterjee.8006@customer360.test,+1-555-906-9222,active,55-64,Kolkata,IN,sms
Clara,Campbell,clara.campbell.8007@customer360.test,+1-555-907-9259,active,18-24,Calgary,CA,push
Carmen,Vidal,carmen.vidal.8008@customer360.test,+1-555-908-9296,active,25-34,Barcelona,ES,push
Kai Wen Min,Rahman,kai-wen-min.rahman.8009@customer360.test,+1-555-909-9333,active,35-44,Singapore,SG,email
Ishita Neel,Sharma,ishita-neel.sharma.8010@customer360.test,+1-555-910-9370,active,45-54,Bengaluru,IN,email
Kaito,Watanabe,kaito.watanabe.8011@customer360.test,+1-555-911-9407,active,18-24,Kyoto,JP,push
Amelie Claire,Sinclair,amelie-claire.sinclair.8012@customer360.test,+1-555-912-9444,active,45-54,Toronto,CA,push
Naledi,Botha,naledi.botha.8013@customer360.test,+1-555-913-9481,active,55-64,Gqeberha,ZA,email
Leah,Bouchard,leah.bouchard.8014@customer360.test,+1-555-914-9518,active,25-34,Vancouver,CA,sms
Imogen,Whitmore,imogen.whitmore.8015@customer360.test,+1-555-915-9555,active,18-24,Glasgow,GB,push
Aarav,Rao,aarav.rao.8016@customer360.test,+1-555-916-9592,active,45-54,Pune,IN,email
Mia,Clarke,mia.clarke.8017@customer360.test,+1-555-917-9629,inactive,25-34,Melbourne,AU,push
Sakura,Ito,sakura.ito.8018@customer360.test,+1-555-918-9666,active,25-34,Yokohama,JP,email
Mei,Kato,mei.kato.8019@customer360.test,+1-555-919-9703,inactive,35-44,Fukuoka,JP,sms
Maya,Parker,maya.parker.8020@customer360.test,+1-555-920-9740,active,45-54,Portland,US,push
Nadia,Koh,nadia.koh.8021@customer360.test,+1-555-921-9777,active,25-34,Singapore,SG,email
Mariana,Mendes,mariana.mendes.8022@customer360.test,+1-555-922-9814,active,25-34,Curitiba,BR,email
Ishita,Iyer,ishita.iyer.8023@customer360.test,+1-555-923-9851,active,25-34,Ahmedabad,IN,email
Ren Aya,Suzuki,ren-aya.suzuki.8024@customer360.test,+1-555-924-9888,active,35-44,Sapporo,JP,sms
Amelie,Becker,amelie.becker.8025@customer360.test,+1-555-925-9925,active,35-44,Munich,DE,push
Cheryl,Chua,cheryl.chua.8026@customer360.test,+1-555-926-9962,active,35-44,Singapore,SG,push
Quinn,Brooks,quinn.brooks.8027@customer360.test,+1-555-927-9999,active,55-64,Atlanta,US,sms
Hannah Johann,Keller,hannah-johann.keller.8028@customer360.test,+1-555-928-1036,active,45-54,Stuttgart,DE,email
Leah Jean,Bennett,leah-jean.bennett.8029@customer360.test,+1-555-929-1073,active,25-34,Montreal,CA,sms
George,Ellis,george.ellis.8030@customer360.test,+1-555-930-1110,active,25-34,Birmingham,GB,push
Hannah,Keller,hannah.keller.8031@customer360.test,+1-555-931-1147,active,45-54,Berlin,DE,sms
Sana,Kapoor,sana.kapoor.8032@customer360.test,+1-555-932-1184,active,25-34,Ahmedabad,IN,push
Amelia,Mercer,amelia.mercer.8033@customer360.test,+1-555-933-1221,active,25-34,London,GB,sms
Cameron,Cooper,cameron.cooper.8034@customer360.test,+1-555-934-1258,active,18-24,Philadelphia,US,email
Dylan,Reed,dylan.reed.8035@customer360.test,+1-555-935-1295,active,45-54,Portland,US,sms
Morgan,Cooper,morgan.cooper.8036@customer360.test,+1-555-936-1332,active,35-44,Philadelphia,US,push
Maisie Jane,Whitmore,maisie-jane.whitmore.8037@customer360.test,+1-555-937-1369,active,25-34,Bristol,GB,push
Parker,Collins,parker.collins.8038@customer360.test,+1-555-938-1406,active,35-44,San Diego,US,email
Gabriel,Mercier,gabriel.mercier.8039@customer360.test,+1-555-939-1443,active,55-64,Marseille,FR,push
Caleb,Collins,caleb.collins.8040@customer360.test,+1-555-940-1480,active,55-64,Atlanta,US,push
Aditi,Rao,aditi.rao.8041@customer360.test,+1-555-941-1517,active,18-24,Chennai,IN,push
Hannah,Vogel,hannah.vogel.8042@customer360.test,+1-555-942-1554,active,35-44,Cologne,DE,email
Lena,Keller,lena.keller.8043@customer360.test,+1-555-943-1591,active,25-34,Munich,DE,push
Oscar James,Cameron,oscar-james.cameron.8044@customer360.test,+1-555-944-1628,active,45-54,Perth,AU,push
Diego,Castillo,diego.castillo.8045@customer360.test,+1-555-945-1665,active,25-34,Guadalajara,MX,push
Miles,Foster,miles.foster.8046@customer360.test,+1-555-946-1702,active,45-54,Austin,US,push
Lwazi,Mthembu,lwazi.mthembu.8047@customer360.test,+1-555-947-1739,active,45-54,Cape Town,ZA,push
Elias,Mercer,elias.mercer.8048@customer360.test,+1-555-948-1776,active,18-24,Vancouver,CA,sms
Daiki,Yoshida,daiki.yoshida.8049@customer360.test,+1-555-949-1813,active,25-34,Kyoto,JP,push
Kian,Jacobs,kian.jacobs.8050@customer360.test,+1-555-950-1850,active,35-44,Cape Town,ZA,push
Lotte,De Boer,lotte.de-boer.8051@customer360.test,+1-555-951-1887,active,35-44,Rotterdam,NL,sms
Miles Alex,Carter,miles-alex.carter.8052@customer360.test,+1-555-952-1924,active,45-54,Austin,US,email
Camila,Mendes,camila.mendes.8053@customer360.test,+1-555-953-1961,active,45-54,Salvador,BR,push
Jonas,Kruger,jonas.kruger.8054@customer360.test,+1-555-954-1998,active,25-34,Berlin,DE,push
Rin,Tanaka,rin.tanaka.8055@customer360.test,+1-555-955-2035,active,18-24,Fukuoka,JP,sms
Hui Min Kai,Lee,hui-min-kai.lee.8056@customer360.test,+1-555-956-2072,active,35-44,Singapore,SG,push
Liam,Gauthier,liam.gauthier.8057@customer360.test,+1-555-957-2109,inactive,18-24,Halifax,CA,email
Sophie,Fraser,sophie.fraser.8058@customer360.test,+1-555-958-2146,active,25-34,Calgary,CA,push
Sofia,Collins,sofia.collins.8059@customer360.test,+1-555-959-2183,active,55-64,Denver,US,email
Ishita Raj,Saxena,ishita-raj.saxena.8060@customer360.test,+1-555-960-2220,active,35-44,Bengaluru,IN,email
Juliette,Blanc,juliette.blanc.8061@customer360.test,+1-555-961-2257,active,25-34,Nantes,FR,push
Lachlan,Sullivan,lachlan.sullivan.8062@customer360.test,+1-555-962-2294,active,55-64,Hobart,AU,email
Aditi,Chatterjee,aditi.chatterjee.8063@customer360.test,+1-555-963-2331,active,18-24,Ahmedabad,IN,sms
Ethan,Ward,ethan.ward.8064@customer360.test,+1-555-964-2368,active,35-44,San Diego,US,email
Amelie,Lefevre,amelie.lefevre.8065@customer360.test,+1-555-965-2405,active,25-34,Paris,FR,push
Valeria,Rojas,valeria.rojas.8066@customer360.test,+1-555-966-2442,active,18-24,Madrid,ES,push
Marcus,Lee,marcus.lee.8067@customer360.test,+1-555-967-2479,active,18-24,Singapore,SG,email
Alfie,Hughes,alfie.hughes.8068@customer360.test,+1-555-968-2516,active,45-54,Glasgow,GB,push
Leah,Poirier,leah.poirier.8069@customer360.test,+1-555-969-2553,active,25-34,Calgary,CA,email
Dylan,Collins,dylan.collins.8070@customer360.test,+1-555-970-2590,active,25-34,Austin,US,push
Hamish Lee,Hayes,hamish-lee.hayes.8071@customer360.test,+1-555-971-2627,active,35-44,Canberra,AU,sms
Lucas Jan,Mulder,lucas-jan.mulder.8072@customer360.test,+1-555-972-2664,active,35-44,Utrecht,NL,sms
Jordan,Morgan,jordan.morgan.8073@customer360.test,+1-555-973-2701,inactive,25-34,Seattle,US,push
Mateus Maria,Mendes,mateus-maria.mendes.8074@customer360.test,+1-555-974-2738,active,55-64,Sao Paulo,BR,email
Naledi,Maseko,naledi.maseko.8075@customer360.test,+1-555-975-2775,active,18-24,Johannesburg,ZA,push
Diya,Pillai,diya.pillai.8076@customer360.test,+1-555-976-2812,active,25-34,Mumbai,IN,sms
Leon,Schneider,leon.schneider.8077@customer360.test,+1-555-977-2849,active,25-34,Leipzig,DE,sms
Avery,Russell,avery.russell.8078@customer360.test,+1-555-978-2886,active,18-24,Austin,US,sms
Harper,Collins,harper.collins.8079@customer360.test,+1-555-979-2923,active,35-44,Philadelphia,US,sms
Clara,Fischer,clara.fischer.8080@customer360.test,+1-555-980-2960,active,18-24,Cologne,DE,push
Sana,Saxena,sana.saxena.8081@customer360.test,+1-555-981-2997,inactive,25-34,Mumbai,IN,push
Alfie,Chapman,alfie.chapman.8082@customer360.test,+1-555-982-3034,active,55-64,Birmingham,GB,email
Hannah,Keller,hannah.keller.8083@customer360.test,+1-555-983-3071,active,35-44,Hamburg,DE,email
Zoe,Turner,zoe.turner.8084@customer360.test,+1-555-984-3108,active,35-44,Minneapolis,US,sms
Kavya,Desai,kavya.desai.8085@customer360.test,+1-555-985-3145,active,35-44,Chennai,IN,email
Kavya,Joshi,kavya.joshi.8086@customer360.test,+1-555-986-3182,active,35-44,Kochi,IN,sms
Nandi,Pillay,nandi.pillay.8087@customer360.test,+1-555-987-3219,active,25-34,Gqeberha,ZA,push
Naomi,Morgan,naomi.morgan.8088@customer360.test,+1-555-988-3256,active,25-34,Seattle,US,push
Marie,Neumann,marie.neumann.8089@customer360.test,+1-555-989-3293,active,18-24,Cologne,DE,sms
Hugo,Serrano,hugo.serrano.8090@customer360.test,+1-555-990-3330,inactive,35-44,Madrid,ES,email
Alfie Jane,Hughes,alfie-jane.hughes.8091@customer360.test,+1-555-991-3367,active,55-64,Leeds,GB,sms
Clara,Keller,clara.keller.8092@customer360.test,+1-555-992-3404,active,25-34,Leipzig,DE,sms
Mio,Yoshida,mio.yoshida.8093@customer360.test,+1-555-993-3441,active,18-24,Sapporo,JP,push
Jack James,Hughes,jack-james.hughes.8094@customer360.test,+1-555-994-3478,active,18-24,Sydney,AU,push
Arthur,Mercer,arthur.mercer.8095@customer360.test,+1-555-995-3515,active,25-34,Birmingham,GB,sms
Leah Jean,Fournier,leah-jean.fournier.8096@customer360.test,+1-555-996-3552,active,25-34,Ottawa,CA,email
Ryan,Rahman,ryan.rahman.8097@customer360.test,+1-555-997-3589,active,45-54,Singapore,SG,email
Mia,Hughes,mia.hughes.8098@customer360.test,+1-555-998-3626,active,35-44,Perth,AU,email
Tess,Jansen,tess.jansen.8099@customer360.test,+1-555-999-3663,active,35-44,Amsterdam,NL,sms
Enzo,Costa,enzo.costa.8100@customer360.test,+1-555-100-3700,active,25-34,Salvador,BR,push
Sophie,Sinclair,sophie.sinclair.8101@customer360.test,+1-555-101-3737,active,25-34,Vancouver,CA,sms
Clara,Keller,clara.keller.8102@customer360.test,+1-555-102-3774,active,35-44,Stuttgart,DE,push
Lorenzo,Moretti,lorenzo.moretti.8103@customer360.test,+1-555-103-3811,active,45-54,Naples,IT,sms
Ishita Dev,Kapoor,ishita-dev.kapoor.8104@customer360.test,+1-555-104-3848,active,35-44,Bengaluru,IN,email
Diego,Vargas,diego.vargas.8105@customer360.test,+1-555-105-3885,active,25-34,Puebla,MX,sms
Gabriel,Ferreira,gabriel.ferreira.8106@customer360.test,+1-555-106-3922,active,55-64,Curitiba,BR,sms
Camila,Almeida,camila.almeida.8107@customer360.test,+1-555-107-3959,active,55-64,Recife,BR,sms
Milan,Jansen,milan.jansen.8108@customer360.test,+1-555-108-3996,active,35-44,Utrecht,NL,push
Leonie Paul,Laurent,leonie-paul.laurent.8109@customer360.test,+1-555-109-4033,active,35-44,Toulouse,FR,email
Aurora,Costa,aurora.costa.8110@customer360.test,+1-555-110-4070,active,25-34,Naples,IT,push
Lerato,Dlamini,lerato.dlamini.8111@customer360.test,+1-555-111-4107,active,18-24,Pretoria,ZA,push
Ishaan,Saxena,ishaan.saxena.8112@customer360.test,+1-555-112-4144,active,25-34,Chennai,IN,sms
Matilda,Clarke,matilda.clarke.8113@customer360.test,+1-555-113-4181,active,25-34,Brisbane,AU,push
Dylan,Mitchell,dylan.mitchell.8114@customer360.test,+1-555-114-4218,active,45-54,Austin,US,sms
Felix,Vogel,felix.vogel.8115@customer360.test,+1-555-115-4255,active,55-64,Frankfurt,DE,push
Yui,Yoshida,yui.yoshida.8116@customer360.test,+1-555-116-4292,active,25-34,Osaka,JP,sms
Sota,Suzuki,sota.suzuki.8117@customer360.test,+1-555-117-4329,active,45-54,Fukuoka,JP,email
Mio,Yamamoto,mio.yamamoto.8118@customer360.test,+1-555-118-4366,active,35-44,Fukuoka,JP,push
Noah Anne,Hoffmann,noah-anne.hoffmann.8119@customer360.test,+1-555-119-4403,inactive,25-34,Hamburg,DE,sms
Zara,Anderson,zara.anderson.8120@customer360.test,+1-555-120-4440,active,35-44,Brisbane,AU,push
Ethan,Carter,ethan.carter.8121@customer360.test,+1-555-121-4477,active,25-34,Seattle,US,push
Clara,Sinclair,clara.sinclair.8122@customer360.test,+1-555-122-4514,active,18-24,Edmonton,CA,push
Lotte,Jansen,lotte.jansen.8123@customer360.test,+1-555-123-4551,active,25-34,Utrecht,NL,email
Ethan,Mitchell,ethan.mitchell.8124@customer360.test,+1-555-124-4588,active,35-44,Seattle,US,email
Kavya,Iyer,kavya.iyer.8125@customer360.test,+1-555-125-4625,active,45-54,Ahmedabad,IN,sms
Maya,Van Wyk,maya.van-wyk.8126@customer360.test,+1-555-126-4662,active,35-44,Bloemfontein,ZA,push
Evie,Whitmore,evie.whitmore.8127@customer360.test,+1-555-127-4699,active,25-34,Leeds,GB,email
Sota Hiro,Watanabe,sota-hiro.watanabe.8128@customer360.test,+1-555-128-4736,active,18-24,Sapporo,JP,email
Elena,Ortega,elena.ortega.8129@customer360.test,+1-555-129-4773,active,25-34,Mexico City,MX,sms
Manon,Moreau,manon.moreau.8130@customer360.test,+1-555-130-4810,active,55-64,Paris,FR,sms
Lotte,De Vries,lotte.de-vries.8131@customer360.test,+1-555-131-4847,active,35-44,Amsterdam,NL,sms
Callum,Reid,callum.reid.8132@customer360.test,+1-555-132-4884,active,25-34,Adelaide,AU,email
Sofia,Carter,sofia.carter.8133@customer360.test,+1-555-133-4921,active,18-24,Austin,US,email
Alba,Marin,alba.marin.8134@customer360.test,+1-555-134-4958,active,45-54,Barcelona,ES,email
Camila,Morales,camila.morales.8135@customer360.test,+1-555-135-4995,active,45-54,Merida,MX,sms
Taylor,Ward,taylor.ward.8136@customer360.test,+1-555-136-5032,active,45-54,Boston,US,email
Mateo Maria,Castro,mateo-maria.castro.8137@customer360.test,+1-555-137-5069,active,18-24,Malaga,ES,email
Parker,Mitchell,parker.mitchell.8138@customer360.test,+1-555-138-5106,active,25-34,Denver,US,push
Alfie,Chapman,alfie.chapman.8139@customer360.test,+1-555-139-5143,active,18-24,Manchester,GB,sms
Rohan,Menon,rohan.menon.8140@customer360.test,+1-555-140-5180,inactive,18-24,Ahmedabad,IN,email
Parker Rose,Hayes,parker-rose.hayes.8141@customer360.test,+1-555-141-5217,active,45-54,San Diego,US,push
Aarav,Pillai,aarav.pillai.8142@customer360.test,+1-555-142-5254,active,25-34,Chennai,IN,push
Mia,Morgan,mia.morgan.8143@customer360.test,+1-555-143-5291,active,25-34,Perth,AU,push
Sofia,Delgado,sofia.delgado.8144@customer360.test,+1-555-144-5328,active,35-44,Puebla,MX,push
Anaya,Rao,anaya.rao.8145@customer360.test,+1-555-145-5365,active,25-34,Ahmedabad,IN,sms
Cameron,Cooper,cameron.cooper.8146@customer360.test,+1-555-146-5402,active,45-54,Denver,US,push
Haruto Ken,Tanaka,haruto-ken.tanaka.8147@customer360.test,+1-555-147-5439,active,55-64,Yokohama,JP,email
Caleb,Collins,caleb.collins.8148@customer360.test,+1-555-148-5476,active,25-34,Boston,US,sms
Tommaso,Gallo,tommaso.gallo.8149@customer360.test,+1-555-149-5513,active,35-44,Palermo,IT,push
Hamish,Bennett,hamish.bennett.8150@customer360.test,+1-555-150-5550,active,25-34,Sydney,AU,sms
Ethan,Jacobs,ethan.jacobs.8151@customer360.test,+1-555-151-5587,active,55-64,Bloemfontein,ZA,push
Javier,Ortega,javier.ortega.8152@customer360.test,+1-555-152-5624,active,18-24,Mexico City,MX,sms
Isla,Crawford,isla.crawford.8153@customer360.test,+1-555-153-5661,active,35-44,Bristol,GB,sms
Ishaan Dev,Desai,ishaan-dev.desai.8154@customer360.test,+1-555-154-5698,active,25-34,Delhi,IN,sms
Rohan,Bhat,rohan.bhat.8155@customer360.test,+1-555-155-5735,active,25-34,Mumbai,IN,email
Paul,Keller,paul.keller.8156@customer360.test,+1-555-156-5772,active,25-34,Leipzig,DE,push
Sana Priya,Nair,sana-priya.nair.8157@customer360.test,+1-555-157-5809,active,55-64,Kochi,IN,push
Aiden,Nkosi,aiden.nkosi.8158@customer360.test,+1-555-158-5846,active,45-54,Cape Town,ZA,push
Rohan,Pillai,rohan.pillai.8159@customer360.test,+1-555-159-5883,active,25-34,Mumbai,IN,sms
Jonas Marie,Hartmann,jonas-marie.hartmann.8160@customer360.test,+1-555-160-5920,active,55-64,Leipzig,DE,sms
Vivaan,Bhat,vivaan.bhat.8161@customer360.test,+1-555-161-5957,active,18-24,Pune,IN,push
Kian,Botha,kian.botha.8162@customer360.test,+1-555-162-5994,active,25-34,Pretoria,ZA,push
Manon,Girard,manon.girard.8163@customer360.test,+1-555-163-6031,active,18-24,Bordeaux,FR,email
Kaito Ken,Takahashi,kaito-ken.takahashi.8164@customer360.test,+1-555-164-6068,inactive,35-44,Nagoya,JP,sms
Enzo,Araujo,enzo.araujo.8165@customer360.test,+1-555-165-6105,active,25-34,Brasilia,BR,push
Emilia,Schneider,emilia.schneider.8166@customer360.test,+1-555-166-6142,active,18-24,Stuttgart,DE,email
Maya,Reed,maya.reed.8167@customer360.test,+1-555-167-6179,active,45-54,San Diego,US,sms
Lachlan,Morgan,lachlan.morgan.8168@customer360.test,+1-555-168-6216,active,35-44,Perth,AU,push
Clara,Morrison,clara.morrison.8169@customer360.test,+1-555-169-6253,active,45-54,Halifax,CA,sms
Camila,Morales,camila.morales.8170@customer360.test,+1-555-170-6290,active,35-44,Puebla,MX,push
Aoi,Watanabe,aoi.watanabe.8171@customer360.test,+1-555-171-6327,active,55-64,Yokohama,JP,sms
Ren Aya,Tanaka,ren-aya.tanaka.8172@customer360.test,+1-555-172-6364,inactive,45-54,Nagoya,JP,push
Noor,Visser,noor.visser.8173@customer360.test,+1-555-173-6401,active,18-24,Utrecht,NL,email
Renata Maria,Navarro,renata-maria.navarro.8174@customer360.test,+1-555-174-6438,active,55-64,Puebla,MX,sms
Ethan,Hayes,ethan.hayes.8175@customer360.test,+1-555-175-6475,active,25-34,Denver,US,sms
Hina,Watanabe,hina.watanabe.8176@customer360.test,+1-555-176-6512,active,55-64,Yokohama,JP,push
Valeria,Serrano,valeria.serrano.8177@customer360.test,+1-555-177-6549,inactive,55-64,Valencia,ES,email
Oliver,Chapman,oliver.chapman.8178@customer360.test,+1-555-178-6586,active,25-34,Bristol,GB,sms
Lucia Jose,Cabrera,lucia-jose.cabrera.8179@customer360.test,+1-555-179-6623,active,45-54,Valencia,ES,push
Lena Lukas,Becker,lena-lukas.becker.8180@customer360.test,+1-555-180-6660,active,18-24,Berlin,DE,sms
Enzo Maria,Almeida,enzo-maria.almeida.8181@customer360.test,+1-555-181-6697,active,25-34,Rio de Janeiro,BR,email
Luiza,Oliveira,luiza.oliveira.8182@customer360.test,+1-555-182-6734,active,25-34,Brasilia,BR,email
Grace Rose,Anderson,grace-rose.anderson.8183@customer360.test,+1-555-183-6771,active,35-44,Brisbane,AU,push
Mia,McKenzie,mia.mckenzie.8184@customer360.test,+1-555-184-6808,active,35-44,Perth,AU,sms
Luiza Luiz,Nogueira,luiza-luiz.nogueira.8185@customer360.test,+1-555-185-6845,active,25-34,Brasilia,BR,email
Elisa,Costa,elisa.costa.8186@customer360.test,+1-555-186-6882,active,55-64,Rome,IT,push
Arthur James,Mercer,arthur-james.mercer.8187@customer360.test,+1-555-187-6919,active,45-54,Bristol,GB,push
Isla,Mercer,isla.mercer.8188@customer360.test,+1-555-188-6956,active,55-64,London,GB,email
Cheryl,Chua,cheryl.chua.8189@customer360.test,+1-555-189-6993,active,35-44,Singapore,SG,push
Oscar,Bennett,oscar.bennett.8190@customer360.test,+1-555-190-7030,inactive,25-34,Canberra,AU,sms
Maisie,Harrington,maisie.harrington.8191@customer360.test,+1-555-191-7067,active,35-44,Edinburgh,GB,sms
Riley Lee,Carter,riley-lee.carter.8192@customer360.test,+1-555-192-7104,active,25-34,Portland,US,email
Vihaan,Desai,vihaan.desai.8193@customer360.test,+1-555-193-7141,active,45-54,Chennai,IN,sms
Jonas,Kruger,jonas.kruger.8194@customer360.test,+1-555-194-7178,active,18-24,Stuttgart,DE,email
Theo,Chevalier,theo.chevalier.8195@customer360.test,+1-555-195-7215,active,25-34,Bordeaux,FR,sms
Oscar Lee,Morgan,oscar-lee.morgan.8196@customer360.test,+1-555-196-7252,active,35-44,Hobart,AU,push
Jordan,Bailey,jordan.bailey.8197@customer360.test,+1-555-197-7289,active,25-34,Minneapolis,US,sms
Clara,Gauthier,clara.gauthier.8198@customer360.test,+1-555-198-7326,active,25-34,Ottawa,CA,push
Anaya,Kulkarni,anaya.kulkarni.8199@customer360.test,+1-555-199-7363,active,45-54,Ahmedabad,IN,push
Amara,Dlamini,amara.dlamini.8200@customer360.test,+1-555-200-7400,active,18-24,Pretoria,ZA,push
Baptiste,Blanc,baptiste.blanc.8201@customer360.test,+1-555-201-7437,active,25-34,Lille,FR,sms
Marcus,Rahman,marcus.rahman.8202@customer360.test,+1-555-202-7474,inactive,55-64,Singapore,SG,push
Leo,Vidal,leo.vidal.8203@customer360.test,+1-555-203-7511,inactive,45-54,Bilbao,ES,email
Mateus,Carvalho,mateus.carvalho.8204@customer360.test,+1-555-204-7548,active,35-44,Recife,BR,email
Thabo,Naidoo,thabo.naidoo.8205@customer360.test,+1-555-205-7585,active,45-54,Bloemfontein,ZA,push
Miles,Russell,miles.russell.8206@customer360.test,+1-555-206-7622,active,55-64,San Diego,US,push
Jack,Cameron,jack.cameron.8207@customer360.test,+1-555-207-7659,active,25-34,Melbourne,AU,push
Miles,Ward,miles.ward.8208@customer360.test,+1-555-208-7696,active,25-34,Chicago,US,sms
Beatriz,Ferreira,beatriz.ferreira.8209@customer360.test,+1-555-209-7733,active,45-54,Salvador,BR,email
Vihaan Kiran,Chatterjee,vihaan-kiran.chatterjee.8210@customer360.test,+1-555-210-7770,active,25-34,Mumbai,IN,sms
Thabo Nia,Botha,thabo-nia.botha.8211@customer360.test,+1-555-211-7807,active,25-34,Cape Town,ZA,sms
Dylan,Morgan,dylan.morgan.8212@customer360.test,+1-555-212-7844,active,35-44,Chicago,US,push
Davide Luca,Ricci,davide-luca.ricci.8213@customer360.test,+1-555-213-7881,active,55-64,Naples,IT,push
Naomi,Russell,naomi.russell.8214@customer360.test,+1-555-214-7918,inactive,18-24,Denver,US,push
Wei Ming,Rahman,wei-ming.rahman.8215@customer360.test,+1-555-215-7955,active,18-24,Singapore,SG,push
Paul Elise,Richter,paul-elise.richter.8216@customer360.test,+1-555-216-7992,active,55-64,Stuttgart,DE,push
Alice,Costa,alice.costa.8217@customer360.test,+1-555-217-8029,active,25-34,Turin,IT,sms
Pedro,Mendes,pedro.mendes.8218@customer360.test,+1-555-218-8066,active,35-44,Recife,BR,sms
Darren Min,Lim,darren-min.lim.8219@customer360.test,+1-555-219-8103,active,25-34,Singapore,SG,email
Ethan,Collins,ethan.collins.8220@customer360.test,+1-555-220-8140,active,35-44,Philadelphia,US,push
Ruby,Mercer,ruby.mercer.8221@customer360.test,+1-555-221-8177,active,35-44,London,GB,email
Thiago,Barbosa,thiago.barbosa.8222@customer360.test,+1-555-222-8214,active,25-34,Recife,BR,email
Noor,Bakker,noor.bakker.8223@customer360.test,+1-555-223-8251,active,35-44,Amsterdam,NL,sms
Naomi Alex,Hayes,naomi-alex.hayes.8224@customer360.test,+1-555-224-8288,active,18-24,Portland,US,push
Daan,De Vries,daan.de-vries.8225@customer360.test,+1-555-225-8325,active,35-44,Amsterdam,NL,email
Elias,Bennett,elias.bennett.8226@customer360.test,+1-555-226-8362,active,45-54,Vancouver,CA,sms
Ethan,Morgan,ethan.morgan.8227@customer360.test,+1-555-227-8399,active,55-64,Seattle,US,sms
Hugo,Blanc,hugo.blanc.8228@customer360.test,+1-555-228-8436,active,18-24,Lille,FR,push
Nana,Nakamura,nana.nakamura.8229@customer360.test,+1-555-229-8473,active,45-54,Nagoya,JP,email
Cheryl,Chua,cheryl.chua.8230@customer360.test,+1-555-230-8510,inactive,35-44,Singapore,SG,push
Theo,Girard,theo.girard.8231@customer360.test,+1-555-231-8547,active,18-24,Bordeaux,FR,sms
Sofia,Collins,sofia.collins.8232@customer360.test,+1-555-232-8584,active,35-44,Minneapolis,US,email
Javier Jose,Mendoza,javier-jose.mendoza.8233@customer360.test,+1-555-233-8621,active,45-54,Queretaro,MX,sms
Logan,Hayes,logan.hayes.8234@customer360.test,+1-555-234-8658,active,35-44,Seattle,US,email
Martin,Castro,martin.castro.8235@customer360.test,+1-555-235-8695,active,35-44,Bilbao,ES,email
Finn,Cameron,finn.cameron.8236@customer360.test,+1-555-236-8732,active,25-34,Adelaide,AU,sms
Arjun,Iyer,arjun.iyer.8237@customer360.test,+1-555-237-8769,active,35-44,Kolkata,IN,email
Amelia,Chapman,amelia.chapman.8238@customer360.test,+1-555-238-8806,active,45-54,Bristol,GB,push
Gabriel,Rousseau,gabriel.rousseau.8239@customer360.test,+1-555-239-8843,active,18-24,Toulouse,FR,push
Pedro,Nogueira,pedro.nogueira.8240@customer360.test,+1-555-240-8880,active,45-54,Rio de Janeiro,BR,push
Vihaan,Desai,vihaan.desai.8241@customer360.test,+1-555-241-8917,active,35-44,Kochi,IN,email
Daniel,Cervantes,daniel.cervantes.8242@customer360.test,+1-555-242-8954,active,25-34,Puebla,MX,push
Oliver,Lawson,oliver.lawson.8243@customer360.test,+1-555-243-8991,active,55-64,Bristol,GB,sms
Bram,Van Dijk,bram.van-dijk.8244@customer360.test,+1-555-244-9028,active,45-54,Utrecht,NL,email
Lachlan,Hayes,lachlan.hayes.8245@customer360.test,+1-555-245-9065,active,18-24,Adelaide,AU,push
Maximilian,Hoffmann,maximilian.hoffmann.8246@customer360.test,+1-555-246-9102,inactive,25-34,Frankfurt,DE,email
Mariana,Costa,mariana.costa.8247@customer360.test,+1-555-247-9139,active,18-24,Brasilia,BR,sms
Enzo,Araujo,enzo.araujo.8248@customer360.test,+1-555-248-9176,active,35-44,Rio de Janeiro,BR,sms
Daniel,Serrano,daniel.serrano.8249@customer360.test,+1-555-249-9213,active,18-24,Puebla,MX,sms
Sophie Anne,Fraser,sophie-anne.fraser.8250@customer360.test,+1-555-250-9250,active,35-44,Edmonton,CA,push
Lucas,De Vries,lucas.de-vries.8251@customer360.test,+1-555-251-9287,active,25-34,The Hague,NL,email
Giulia,Marino,giulia.marino.8252@customer360.test,+1-555-252-9324,active,18-24,Florence,IT,email
Diya,Nair,diya.nair.8253@customer360.test,+1-555-253-9361,active,55-64,Pune,IN,sms
Maisie,Fletcher,maisie.fletcher.8254@customer360.test,+1-555-254-9398,active,18-24,Birmingham,GB,push
Lerato,Pillay,lerato.pillay.8255@customer360.test,+1-555-255-9435,active,35-44,Pretoria,ZA,sms
Avery,Brooks,avery.brooks.8256@customer360.test,+1-555-256-9472,active,45-54,Portland,US,email
Lachlan,Hughes,lachlan.hughes.8257@customer360.test,+1-555-257-9509,active,18-24,Brisbane,AU,push
Elliot,Clarke,elliot.clarke.8258@customer360.test,+1-555-258-9546,active,25-34,Sydney,AU,email
Jia En,Rahman,jia-en.rahman.8259@customer360.test,+1-555-259-9583,active,55-64,Singapore,SG,sms
Riku,Yamada,riku.yamada.8260@customer360.test,+1-555-260-9620,active,45-54,Fukuoka,JP,push
Nora,Turner,nora.turner.8261@customer360.test,+1-555-261-9657,active,18-24,Portland,US,email
Liam,Campbell,liam.campbell.8262@customer360.test,+1-555-262-9694,active,45-54,Vancouver,CA,push
Mathis Luc,Blanc,mathis-luc.blanc.8263@customer360.test,+1-555-263-9731,active,55-64,Marseille,FR,push
Nisha Neel,Chatterjee,nisha-neel.chatterjee.8264@customer360.test,+1-555-264-9768,active,45-54,Kochi,IN,sms
Marie Elise,Wagner,marie-elise.wagner.8265@customer360.test,+1-555-265-9805,active,25-34,Frankfurt,DE,email
Vivaan,Menon,vivaan.menon.8266@customer360.test,+1-555-266-9842,active,45-54,Jaipur,IN,sms
Maya Lee,Naidoo,maya-lee.naidoo.8267@customer360.test,+1-555-267-9879,active,25-34,Bloemfontein,ZA,email
Hugo,Chapman,hugo.chapman.8268@customer360.test,+1-555-268-9916,active,18-24,Manchester,GB,push
Oliver,Bennett,oliver.bennett.8269@customer360.test,+1-555-269-9953,active,55-64,Leeds,GB,email
Lucia,Garcia,lucia.garcia.8270@customer360.test,+1-555-270-9990,inactive,55-64,Malaga,ES,push
Aoi,Nakamura,aoi.nakamura.8271@customer360.test,+1-555-271-1027,active,25-34,Kyoto,JP,email
Leah,Beaulieu,leah.beaulieu.8272@customer360.test,+1-555-272-1064,active,25-34,Halifax,CA,push
Riley,Turner,riley.turner.8273@customer360.test,+1-555-273-1101,active,25-34,Minneapolis,US,sms
Clara,Laurent,clara.laurent.8274@customer360.test,+1-555-274-1138,active,35-44,Lyon,FR,sms
Daan,Van Dijk,daan.van-dijk.8275@customer360.test,+1-555-275-1175,active,55-64,Amsterdam,NL,email
Lwazi Grace,Pillay,lwazi-grace.pillay.8276@customer360.test,+1-555-276-1212,active,18-24,Durban,ZA,push
Caio,Ferreira,caio.ferreira.8277@customer360.test,+1-555-277-1249,active,25-34,Porto Alegre,BR,email
Lucas,Smit,lucas.smit.8278@customer360.test,+1-555-278-1286,active,25-34,Eindhoven,NL,email
Anaya,Mehta,anaya.mehta.8279@customer360.test,+1-555-279-1323,active,35-44,Kochi,IN,sms
Rafael,Oliveira,rafael.oliveira.8280@customer360.test,+1-555-280-1360,active,35-44,Recife,BR,push
Zoe,Parker,zoe.parker.8281@customer360.test,+1-555-281-1397,active,25-34,San Diego,US,email
Lerato,Nkosi,lerato.nkosi.8282@customer360.test,+1-555-282-1434,active,25-34,Durban,ZA,push
Leah,Sinclair,leah.sinclair.8283@customer360.test,+1-555-283-1471,active,25-34,Calgary,CA,push
Lotte,De Boer,lotte.de-boer.8284@customer360.test,+1-555-284-1508,active,25-34,Groningen,NL,push
Marco,Esposito,marco.esposito.8285@customer360.test,+1-555-285-1545,active,45-54,Naples,IT,push
Alba,Vega,alba.vega.8286@customer360.test,+1-555-286-1582,active,25-34,Valencia,ES,email
Sofia,Molina,sofia.molina.8287@customer360.test,+1-555-287-1619,active,35-44,Seville,ES,push
Dylan,Morgan,dylan.morgan.8288@customer360.test,+1-555-288-1656,active,55-64,Atlanta,US,email
Manon,Mercier,manon.mercier.8289@customer360.test,+1-555-289-1693,active,35-44,Lyon,FR,sms
Tess,De Vries,tess.de-vries.8290@customer360.test,+1-555-290-1730,active,45-54,Rotterdam,NL,sms
Mateus Luiz,Almeida,mateus-luiz.almeida.8291@customer360.test,+1-555-291-1767,active,25-34,Porto Alegre,BR,email
Carmen,Castro,carmen.castro.8292@customer360.test,+1-555-292-1804,active,35-44,Barcelona,ES,push
Leon,Fischer,leon.fischer.8293@customer360.test,+1-555-293-1841,active,45-54,Berlin,DE,sms
Daniel,Fuentes,daniel.fuentes.8294@customer360.test,+1-555-294-1878,active,45-54,Mexico City,MX,push
Logan,Russell,logan.russell.8295@customer360.test,+1-555-295-1915,inactive,45-54,Atlanta,US,email
Parker,Cooper,parker.cooper.8296@customer360.test,+1-555-296-1952,active,45-54,Chicago,US,push
Taylor,Foster,taylor.foster.8297@customer360.test,+1-555-297-1989,inactive,55-64,Chicago,US,push
Leonie Claire,Blanc,leonie-claire.blanc.8298@customer360.test,+1-555-298-2026,inactive,35-44,Nantes,FR,push
Camila,Ortega,camila.ortega.8299@customer360.test,+1-555-299-2063,active,45-54,Puebla,MX,push
Isla,Bennett,isla.bennett.8300@customer360.test,+1-555-300-2100,active,25-34,Leeds,GB,push
George,Lawson,george.lawson.8301@customer360.test,+1-555-301-2137,active,35-44,Birmingham,GB,sms
Siti,Lee,siti.lee.8302@customer360.test,+1-555-302-2174,inactive,25-34,Singapore,SG,email
Zoe,Cooper,zoe.cooper.8303@customer360.test,+1-555-303-2211,active,25-34,Atlanta,US,sms
Mateo,Hernandez,mateo.hernandez.8304@customer360.test,+1-555-304-2248,active,18-24,Queretaro,MX,email
Theo Claire,Lefevre,theo-claire.lefevre.8305@customer360.test,+1-555-305-2285,active,18-24,Marseille,FR,push
Hugo,Griffiths,hugo.griffiths.8306@customer360.test,+1-555-306-2322,active,18-24,Leeds,GB,email
Evie,Hughes,evie.hughes.8307@customer360.test,+1-555-307-2359,active,18-24,Glasgow,GB,push
Sofia Giovanni,Marino,sofia-giovanni.marino.8308@customer360.test,+1-555-308-2396,active,45-54,Rome,IT,email
Camille,Lavoie,camille.lavoie.8309@customer360.test,+1-555-309-2433,active,25-34,Toronto,CA,sms
Daniel,Rios,daniel.rios.8310@customer360.test,+1-555-310-2470,active,18-24,Puebla,MX,push
Mathis,Blanc,mathis.blanc.8311@customer360.test,+1-555-311-2507,active,25-34,Nantes,FR,email
Lucas,Visser,lucas.visser.8312@customer360.test,+1-555-312-2544,inactive,25-34,The Hague,NL,sms
Aoi Hiro,Takahashi,aoi-hiro.takahashi.8313@customer360.test,+1-555-313-2581,active,55-64,Tokyo,JP,sms
Naomi Alex,Bennett,naomi-alex.bennett.8314@customer360.test,+1-555-314-2618,active,55-64,Minneapolis,US,sms
Gabriel,Martins,gabriel.martins.8315@customer360.test,+1-555-315-2655,active,25-34,Curitiba,BR,email
Lucas,Sinclair,lucas.sinclair.8316@customer360.test,+1-555-316-2692,active,55-64,Montreal,CA,sms
Aditya,Rao,aditya.rao.8317@customer360.test,+1-555-317-2729,active,45-54,Bengaluru,IN,sms
Ren Miki,Yamamoto,ren-miki.yamamoto.8318@customer360.test,+1-555-318-2766,active,25-34,Sapporo,JP,email
Ruby Grace,Anderson,ruby-grace.anderson.8319@customer360.test,+1-555-319-2803,active,25-34,Adelaide,AU,sms
Miles,Parker,miles.parker.8320@customer360.test,+1-555-320-2840,active,25-34,Portland,US,sms
Renata,Rios,renata.rios.8321@customer360.test,+1-555-321-2877,active,35-44,Mexico City,MX,push
Lucas,Poirier,lucas.poirier.8322@customer360.test,+1-555-322-2914,active,35-44,Edmonton,CA,sms
Owen Louis,Bennett,owen-louis.bennett.8323@customer360.test,+1-555-323-2951,active,25-34,Ottawa,CA,push
Daniel,Marin,daniel.marin.8324@customer360.test,+1-555-324-2988,active,25-34,Seville,ES,push
Maeve,Bennett,maeve.bennett.8325@customer360.test,+1-555-325-3025,active,18-24,Toronto,CA,push
Nana,Takahashi,nana.takahashi.8326@customer360.test,+1-555-326-3062,active,35-44,Kyoto,JP,sms
Tess,Smit,tess.smit.8327@customer360.test,+1-555-327-3099,active,35-44,Utrecht,NL,sms
Santiago,Morales,santiago.morales.8328@customer360.test,+1-555-328-3136,active,25-34,Queretaro,MX,sms
Cameron,Ward,cameron.ward.8329@customer360.test,+1-555-329-3173,active,35-44,Austin,US,email
Diya,Kulkarni,diya.kulkarni.8330@customer360.test,+1-555-330-3210,inactive,35-44,Hyderabad,IN,push
Logan,Russell,logan.russell.8331@customer360.test,+1-555-331-3247,active,35-44,Austin,US,email
Daniel Jose,Mendoza,daniel-jose.mendoza.8332@customer360.test,+1-555-332-3284,active,35-44,Monterrey,MX,email
Diya,Mehta,diya.mehta.8333@customer360.test,+1-555-333-3321,active,18-24,Kolkata,IN,email
Owen,Fournier,owen.fournier.8334@customer360.test,+1-555-334-3358,active,25-34,Montreal,CA,sms
Parker,Russell,parker.russell.8335@customer360.test,+1-555-335-3395,active,45-54,Atlanta,US,email
Mila,Kruger,mila.kruger.8336@customer360.test,+1-555-336-3432,active,35-44,Hamburg,DE,email
Amelie,Blanc,amelie.blanc.8337@customer360.test,+1-555-337-3469,active,25-34,Nantes,FR,sms
Ayanda,Dlamini,ayanda.dlamini.8338@customer360.test,+1-555-338-3506,inactive,18-24,Durban,ZA,email
Quinn,Morgan,quinn.morgan.8339@customer360.test,+1-555-339-3543,active,35-44,Philadelphia,US,push
Kabir,Saxena,kabir.saxena.8340@customer360.test,+1-555-340-3580,active,45-54,Chennai,IN,sms
Isla,Wallace,isla.wallace.8341@customer360.test,+1-555-341-3617,active,18-24,Perth,AU,push
Poppy,Lawson,poppy.lawson.8342@customer360.test,+1-555-342-3654,active,18-24,Glasgow,GB,sms
Theo Luc,Laurent,theo-luc.laurent.8343@customer360.test,+1-555-343-3691,active,45-54,Lyon,FR,email
Sipho,Botha,sipho.botha.8344@customer360.test,+1-555-344-3728,active,35-44,Gqeberha,ZA,email
Owen,Lavoie,owen.lavoie.8345@customer360.test,+1-555-345-3765,active,25-34,Montreal,CA,email
Nisha,Desai,nisha.desai.8346@customer360.test,+1-555-346-3802,active,25-34,Mumbai,IN,push
Camille,Dubois,camille.dubois.8347@customer360.test,+1-555-347-3839,active,18-24,Paris,FR,sms
George,Bennett,george.bennett.8348@customer360.test,+1-555-348-3876,active,35-44,Edinburgh,GB,email
Elias,Gauthier,elias.gauthier.8349@customer360.test,+1-555-349-3913,active,35-44,Toronto,CA,email
Riley,Hayes,riley.hayes.8350@customer360.test,+1-555-350-3950,active,25-34,Austin,US,email
Lucia,Cervantes,lucia.cervantes.8351@customer360.test,+1-555-351-3987,active,35-44,Puebla,MX,email
Ishaan Raj,Chatterjee,ishaan-raj.chatterjee.8352@customer360.test,+1-555-352-4024,active,18-24,Delhi,IN,sms
Diya,Menon,diya.menon.8353@customer360.test,+1-555-353-4061,active,35-44,Mumbai,IN,sms
Zara,Fletcher,zara.fletcher.8354@customer360.test,+1-555-354-4098,active,45-54,Perth,AU,sms
Juliette,Moreau,juliette.moreau.8355@customer360.test,+1-555-355-4135,active,45-54,Nantes,FR,sms
Riku Aya,Yamada,riku-aya.yamada.8356@customer360.test,+1-555-356-4172,active,35-44,Yokohama,JP,email
Ruby,Wallace,ruby.wallace.8357@customer360.test,+1-555-357-4209,active,35-44,Melbourne,AU,sms
Bram,Meijer,bram.meijer.8358@customer360.test,+1-555-358-4246,active,35-44,Groningen,NL,push
Chloe,Gauthier,chloe.gauthier.8359@customer360.test,+1-555-359-4283,active,35-44,Vancouver,CA,push
Elias,Bouchard,elias.bouchard.8360@customer360.test,+1-555-360-4320,active,25-34,Halifax,CA,push
Mariana,Araujo,mariana.araujo.8361@customer360.test,+1-555-361-4357,active,25-34,Recife,BR,push
Mathis,Rousseau,mathis.rousseau.8362@customer360.test,+1-555-362-4394,active,35-44,Paris,FR,email
Ayanda,Dlamini,ayanda.dlamini.8363@customer360.test,+1-555-363-4431,active,35-44,Cape Town,ZA,sms
Noah,Fischer,noah.fischer.8364@customer360.test,+1-555-364-4468,active,45-54,Frankfurt,DE,sms
Liam Jean,Fournier,liam-jean.fournier.8365@customer360.test,+1-555-365-4505,active,25-34,Calgary,CA,email
Javier Maria,Delgado,javier-maria.delgado.8366@customer360.test,+1-555-366-4542,active,35-44,Monterrey,MX,email
Elliot,Cameron,elliot.cameron.8367@customer360.test,+1-555-367-4579,active,45-54,Sydney,AU,push
Nur,Wong,nur.wong.8368@customer360.test,+1-555-368-4616,active,25-34,Singapore,SG,sms
Ruby Edward,Lawson,ruby-edward.lawson.8369@customer360.test,+1-555-369-4653,active,25-34,London,GB,sms
Yuto,Tanaka,yuto.tanaka.8370@customer360.test,+1-555-370-4690,active,35-44,Sapporo,JP,push
Camille,Sinclair,camille.sinclair.8371@customer360.test,+1-555-371-4727,active,45-54,Montreal,CA,sms
Miles,Collins,miles.collins.8372@customer360.test,+1-555-372-4764,active,45-54,Minneapolis,US,email
Ayanda,Mokoena,ayanda.mokoena.8373@customer360.test,+1-555-373-4801,active,25-34,Cape Town,ZA,push
Ishaan,Kapoor,ishaan.kapoor.8374@customer360.test,+1-555-374-4838,active,35-44,Jaipur,IN,email
Milan,Jansen,milan.jansen.8375@customer360.test,+1-555-375-4875,inactive,25-34,Amsterdam,NL,sms
Nana Hiro,Yamada,nana-hiro.yamada.8376@customer360.test,+1-555-376-4912,active,35-44,Sapporo,JP,sms
Daniel,Marin,daniel.marin.8377@customer360.test,+1-555-377-4949,active,18-24,Malaga,ES,push
Naledi,Jacobs,naledi.jacobs.8378@customer360.test,+1-555-378-4986,active,25-34,Gqeberha,ZA,sms
Sofia,Moretti,sofia.moretti.8379@customer360.test,+1-555-379-5023,active,35-44,Naples,IT,email
Naomi,Russell,naomi.russell.8380@customer360.test,+1-555-380-5060,active,25-34,Boston,US,push
Oliver,Sinclair,oliver.sinclair.8381@customer360.test,+1-555-381-5097,active,35-44,London,GB,push
Thabo,Mthembu,thabo.mthembu.8382@customer360.test,+1-555-382-5134,active,35-44,Durban,ZA,push
Leonie,Laurent,leonie.laurent.8383@customer360.test,+1-555-383-5171,active,25-34,Paris,FR,push
Riley,Ward,riley.ward.8384@customer360.test,+1-555-384-5208,inactive,45-54,Chicago,US,sms
Pablo,Cabrera,pablo.cabrera.8385@customer360.test,+1-555-385-5245,active,55-64,Malaga,ES,email
Elliot,Fletcher,elliot.fletcher.8386@customer360.test,+1-555-386-5282,active,45-54,Brisbane,AU,sms
Lena James,Carter,lena-james.carter.8387@customer360.test,+1-555-387-5319,active,18-24,Portland,US,push
Sienna,McKenzie,sienna.mckenzie.8388@customer360.test,+1-555-388-5356,active,18-24,Brisbane,AU,push
Isla,Hughes,isla.hughes.8389@customer360.test,+1-555-389-5393,active,35-44,Adelaide,AU,push
Clara,Dubois,clara.dubois.8390@customer360.test,+1-555-390-5430,active,18-24,Lille,FR,push
Aoi,Kato,aoi.kato.8391@customer360.test,+1-555-391-5467,active,18-24,Osaka,JP,sms
Wei Ming,Wong,wei-ming.wong.8392@customer360.test,+1-555-392-5504,active,45-54,Singapore,SG,sms
Javier,Hernandez,javier.hernandez.8393@customer360.test,+1-555-393-5541,active,45-54,Guadalajara,MX,sms
Chloe,Morrison,chloe.morrison.8394@customer360.test,+1-555-394-5578,active,35-44,Vancouver,CA,sms
Darren,Ismail,darren.ismail.8395@customer360.test,+1-555-395-5615,active,25-34,Singapore,SG,email
Hui Min,Ng,hui-min.ng.8396@customer360.test,+1-555-396-5652,active,35-44,Singapore,SG,sms
Ethan,Ong,ethan.ong.8397@customer360.test,+1-555-397-5689,active,45-54,Singapore,SG,push
Sophie,Hartmann,sophie.hartmann.8398@customer360.test,+1-555-398-5726,active,35-44,Berlin,DE,push
Tara,Joshi,tara.joshi.8399@customer360.test,+1-555-399-5763,active,45-54,Chennai,IN,push
Noah,Kruger,noah.kruger.8400@customer360.test,+1-555-400-5800,active,18-24,Munich,DE,sms
Yuto,Suzuki,yuto.suzuki.8401@customer360.test,+1-555-401-5837,active,25-34,Yokohama,JP,email
Aarav,Menon,aarav.menon.8402@customer360.test,+1-555-402-5874,active,35-44,Jaipur,IN,email
Ruby,Ellis,ruby.ellis.8403@customer360.test,+1-555-403-5911,active,25-34,Birmingham,GB,email
Sofia,Marino,sofia.marino.8404@customer360.test,+1-555-404-5948,active,35-44,Florence,IT,sms
Hugo,Hughes,hugo.hughes.8405@customer360.test,+1-555-405-5985,active,25-34,Leeds,GB,email
Sakura,Nakamura,sakura.nakamura.8406@customer360.test,+1-555-406-6022,active,45-54,Tokyo,JP,push
Lucas Jan,De Vries,lucas-jan.de-vries.8407@customer360.test,+1-555-407-6059,active,25-34,The Hague,NL,push
Zara,Hughes,zara.hughes.8408@customer360.test,+1-555-408-6096,active,18-24,Adelaide,AU,sms
Nur,Lee,nur.lee.8409@customer360.test,+1-555-409-6133,active,25-34,Singapore,SG,sms
Alba Luis,Castro,alba-luis.castro.8410@customer360.test,+1-555-410-6170,active,45-54,Bilbao,ES,push
Camille,Fraser,camille.fraser.8411@customer360.test,+1-555-411-6207,active,25-34,Montreal,CA,sms
Sakura,Yamada,sakura.yamada.8412@customer360.test,+1-555-412-6244,active,35-44,Fukuoka,JP,email
Ishita,Rao,ishita.rao.8413@customer360.test,+1-555-413-6281,active,35-44,Kochi,IN,push
Leonie,Dubois,leonie.dubois.8414@customer360.test,+1-555-414-6318,active,45-54,Nantes,FR,email
Sipho,Naidoo,sipho.naidoo.8415@customer360.test,+1-555-415-6355,active,25-34,Gqeberha,ZA,sms
Elena,Cabrera,elena.cabrera.8416@customer360.test,+1-555-416-6392,active,35-44,Seville,ES,push
Quinn,Ward,quinn.ward.8417@customer360.test,+1-555-417-6429,active,55-64,Seattle,US,push
Emiliano,Serrano,emiliano.serrano.8418@customer360.test,+1-555-418-6466,active,55-64,Merida,MX,sms
Naledi,Botha,naledi.botha.8419@customer360.test,+1-555-419-6503,active,25-34,Cape Town,ZA,email
Paul,Wagner,paul.wagner.8420@customer360.test,+1-555-420-6540,active,25-34,Berlin,DE,push
Clara,Kruger,clara.kruger.8421@customer360.test,+1-555-421-6577,active,35-44,Berlin,DE,push
Matilda,Sullivan,matilda.sullivan.8422@customer360.test,+1-555-422-6614,active,35-44,Sydney,AU,push
Amelie,Renard,amelie.renard.8423@customer360.test,+1-555-423-6651,active,18-24,Marseille,FR,email
Finn,Van Dijk,finn.van-dijk.8424@customer360.test,+1-555-424-6688,inactive,45-54,Eindhoven,NL,email
Lena,Bailey,lena.bailey.8425@customer360.test,+1-555-425-6725,active,25-34,Philadelphia,US,push
Parker,Morgan,parker.morgan.8426@customer360.test,+1-555-426-6762,active,25-34,Seattle,US,email
Rohan,Saxena,rohan.saxena.8427@customer360.test,+1-555-427-6799,active,45-54,Delhi,IN,email
Pedro,Costa,pedro.costa.8428@customer360.test,+1-555-428-6836,inactive,25-34,Salvador,BR,push
Alejandro,Rios,alejandro.rios.8429@customer360.test,+1-555-429-6873,active,45-54,Merida,MX,sms
Lerato,Pillay,lerato.pillay.8430@customer360.test,+1-555-430-6910,active,35-44,Gqeberha,ZA,sms
Oscar,Chapman,oscar.chapman.8431@customer360.test,+1-555-431-6947,active,18-24,Leeds,GB,sms
Yui,Yamamoto,yui.yamamoto.8432@customer360.test,+1-555-432-6984,active,45-54,Nagoya,JP,push
Javier,Vargas,javier.vargas.8433@customer360.test,+1-555-433-7021,active,45-54,Puebla,MX,email
Naomi,Carter,naomi.carter.8434@customer360.test,+1-555-434-7058,active,35-44,San Diego,US,push
Paul,Keller,paul.keller.8435@customer360.test,+1-555-435-7095,active,18-24,Berlin,DE,push
Enzo,Nogueira,enzo.nogueira.8436@customer360.test,+1-555-436-7132,active,45-54,Recife,BR,email
Santiago,Serrano,santiago.serrano.8437@customer360.test,+1-555-437-7169,active,35-44,Guadalajara,MX,push
Cheryl,Rahman,cheryl.rahman.8438@customer360.test,+1-555-438-7206,inactive,18-24,Singapore,SG,sms
Miles,Russell,miles.russell.8439@customer360.test,+1-555-439-7243,inactive,25-34,Portland,US,sms
Sanne,Meijer,sanne.meijer.8440@customer360.test,+1-555-440-7280,active,35-44,Rotterdam,NL,sms
Sofia,Collins,sofia.collins.8441@customer360.test,+1-555-441-7317,active,25-34,Boston,US,sms
Mateus,Ribeiro,mateus.ribeiro.8442@customer360.test,+1-555-442-7354,active,35-44,Recife,BR,sms
Elena,Navarro,elena.navarro.8443@customer360.test,+1-555-443-7391,active,25-34,Bilbao,ES,push
Finn,Bakker,finn.bakker.8444@customer360.test,+1-555-444-7428,inactive,55-64,Eindhoven,NL,email
Carmen,Garcia,carmen.garcia.8445@customer360.test,+1-555-445-7465,inactive,55-64,Barcelona,ES,push
Oscar,Reid,oscar.reid.8446@customer360.test,+1-555-446-7502,active,35-44,Canberra,AU,push
Leo,Vidal,leo.vidal.8447@customer360.test,+1-555-447-7539,active,45-54,Barcelona,ES,email
Cheryl Rui,Teo,cheryl-rui.teo.8448@customer360.test,+1-555-448-7576,active,18-24,Singapore,SG,push
Ruby,Harrington,ruby.harrington.8449@customer360.test,+1-555-449-7613,active,18-24,Bristol,GB,email
Camila Joao,Oliveira,camila-joao.oliveira.8450@customer360.test,+1-555-450-7650,active,25-34,Brasilia,BR,email
Daniel Maria,Navarro,daniel-maria.navarro.8451@customer360.test,+1-555-451-7687,active,25-34,Queretaro,MX,push
Matilda,Cameron,matilda.cameron.8452@customer360.test,+1-555-452-7724,active,25-34,Brisbane,AU,sms
Chloe,Dubois,chloe.dubois.8453@customer360.test,+1-555-453-7761,active,18-24,Lille,FR,email
Sofia Anna,Esposito,sofia-anna.esposito.8454@customer360.test,+1-555-454-7798,active,35-44,Rome,IT,email
Dylan,Ward,dylan.ward.8455@customer360.test,+1-555-455-7835,active,45-54,Denver,US,email
Owen,Lavoie,owen.lavoie.8456@customer360.test,+1-555-456-7872,active,35-44,Toronto,CA,sms
Nur,Koh,nur.koh.8457@customer360.test,+1-555-457-7909,active,25-34,Singapore,SG,push
Elliot,Anderson,elliot.anderson.8458@customer360.test,+1-555-458-7946,active,55-64,Brisbane,AU,sms
Nana,Yoshida,nana.yoshida.8459@customer360.test,+1-555-459-7983,active,45-54,Kyoto,JP,sms
Lena,Hayes,lena.hayes.8460@customer360.test,+1-555-460-8020,active,55-64,Atlanta,US,sms
Aditi,Bhat,aditi.bhat.8461@customer360.test,+1-555-461-8057,active,55-64,Bengaluru,IN,sms
Zinhle Grace,Pillay,zinhle-grace.pillay.8462@customer360.test,+1-555-462-8094,active,35-44,Pretoria,ZA,email
Tara,Kulkarni,tara.kulkarni.8463@customer360.test,+1-555-463-8131,active,35-44,Chennai,IN,sms
Camille,Mercier,camille.mercier.8464@customer360.test,+1-555-464-8168,active,45-54,Lyon,FR,sms
Zara,Sullivan,zara.sullivan.8465@customer360.test,+1-555-465-8205,active,45-54,Brisbane,AU,push
Maisie Rose,Ellis,maisie-rose.ellis.8466@customer360.test,+1-555-466-8242,active,35-44,Birmingham,GB,push
Lucas,Mercer,lucas.mercer.8467@customer360.test,+1-555-467-8279,active,35-44,Ottawa,CA,push
Julian,Lavoie,julian.lavoie.8468@customer360.test,+1-555-468-8316,active,35-44,Halifax,CA,email
Sofia,Hayes,sofia.hayes.8469@customer360.test,+1-555-469-8353,active,35-44,Philadelphia,US,email
Morgan,Ward,morgan.ward.8470@customer360.test,+1-555-470-8390,inactive,55-64,Portland,US,push
Leah,Lavoie,leah.lavoie.8471@customer360.test,+1-555-471-8427,active,35-44,Calgary,CA,email
Lucia Maria,Vidal,lucia-maria.vidal.8472@customer360.test,+1-555-472-8464,active,25-34,Malaga,ES,sms
Lucas,Jansen,lucas.jansen.8473@customer360.test,+1-555-473-8501,active,45-54,Amsterdam,NL,sms
Harper,Bailey,harper.bailey.8474@customer360.test,+1-555-474-8538,active,18-24,Boston,US,email
Ethan,Reed,ethan.reed.8475@customer360.test,+1-555-475-8575,active,35-44,Austin,US,email
Ruby,Bennett,ruby.bennett.8476@customer360.test,+1-555-476-8612,active,35-44,Brisbane,AU,sms
Sofia Luca,Costa,sofia-luca.costa.8477@customer360.test,+1-555-477-8649,inactive,45-54,Milan,IT,sms
Sofia,Carter,sofia.carter.8478@customer360.test,+1-555-478-8686,active,25-34,Portland,US,sms
Sakura Aya,Tanaka,sakura-aya.tanaka.8479@customer360.test,+1-555-479-8723,active,45-54,Sapporo,JP,sms
Amelie,Moreau,amelie.moreau.8480@customer360.test,+1-555-480-8760,active,35-44,Paris,FR,sms
Chloe,Bouchard,chloe.bouchard.8481@customer360.test,+1-555-481-8797,active,45-54,Calgary,CA,email
Yuto,Watanabe,yuto.watanabe.8482@customer360.test,+1-555-482-8834,active,35-44,Tokyo,JP,email
Aoi,Kato,aoi.kato.8483@customer360.test,+1-555-483-8871,active,35-44,Yokohama,JP,push
Mila,Sinclair,mila.sinclair.8484@customer360.test,+1-555-484-8908,active,18-24,Calgary,CA,push
Aditya,Malhotra,aditya.malhotra.8485@customer360.test,+1-555-485-8945,active,45-54,Bengaluru,IN,email
Camila Clara,Costa,camila-clara.costa.8486@customer360.test,+1-555-486-8982,active,25-34,Rio de Janeiro,BR,email
Mei Hiro,Nakamura,mei-hiro.nakamura.8487@customer360.test,+1-555-487-9019,active,25-34,Yokohama,JP,push
Elisa,Bianchi,elisa.bianchi.8488@customer360.test,+1-555-488-9056,inactive,45-54,Milan,IT,push
Gabriel,Ferreira,gabriel.ferreira.8489@customer360.test,+1-555-489-9093,active,18-24,Recife,BR,push
Meera,Bhat,meera.bhat.8490@customer360.test,+1-555-490-9130,active,45-54,Ahmedabad,IN,push
Alfie James,Whitmore,alfie-james.whitmore.8491@customer360.test,+1-555-491-9167,active,45-54,Edinburgh,GB,email
Mathis,Mercier,mathis.mercier.8492@customer360.test,+1-555-492-9204,active,18-24,Lyon,FR,push
Arjun,Desai,arjun.desai.8493@customer360.test,+1-555-493-9241,active,35-44,Chennai,IN,push
Enzo,Ribeiro,enzo.ribeiro.8494@customer360.test,+1-555-494-9278,active,18-24,Recife,BR,sms
Isla,Fletcher,isla.fletcher.8495@customer360.test,+1-555-495-9315,active,18-24,Birmingham,GB,sms
Haruto,Sato,haruto.sato.8496@customer360.test,+1-555-496-9352,active,55-64,Fukuoka,JP,sms
Diya,Malhotra,diya.malhotra.8497@customer360.test,+1-555-497-9389,active,35-44,Mumbai,IN,sms
Leah,Bennett,leah.bennett.8498@customer360.test,+1-555-498-9426,active,18-24,Calgary,CA,sms
Lwazi,Jacobs,lwazi.jacobs.8499@customer360.test,+1-555-499-9463,active,55-64,Bloemfontein,ZA,push
Milan,Meijer,milan.meijer.8500@customer360.test,+1-555-500-9500,active,35-44,The Hague,NL,push
Mila,Lavoie,mila.lavoie.8501@customer360.test,+1-555-501-9537,inactive,25-34,Toronto,CA,push
Miles Grace,Cooper,miles-grace.cooper.8502@customer360.test,+1-555-502-9574,active,35-44,Austin,US,email
Jonas,Neumann,jonas.neumann.8503@customer360.test,+1-555-503-9611,active,45-54,Leipzig,DE,push
Emiliano,Serrano,emiliano.serrano.8504@customer360.test,+1-555-504-9648,active,25-34,Mexico City,MX,push
Ryan,Wong,ryan.wong.8505@customer360.test,+1-555-505-9685,active,35-44,Singapore,SG,push
Aiden,Pillay,aiden.pillay.8506@customer360.test,+1-555-506-9722,active,45-54,Durban,ZA,sms
Eva Pieter,Jansen,eva-pieter.jansen.8507@customer360.test,+1-555-507-9759,inactive,18-24,Eindhoven,NL,email
Naledi,Mthembu,naledi.mthembu.8508@customer360.test,+1-555-508-9796,active,18-24,Gqeberha,ZA,push
Beatriz,Ribeiro,beatriz.ribeiro.8509@customer360.test,+1-555-509-9833,inactive,25-34,Sao Paulo,BR,push
Clara,Richter,clara.richter.8510@customer360.test,+1-555-510-9870,active,35-44,Berlin,DE,push
Haruto Miki,Sato,haruto-miki.sato.8511@customer360.test,+1-555-511-9907,active,55-64,Yokohama,JP,sms
Daiki,Sato,daiki.sato.8512@customer360.test,+1-555-512-9944,inactive,55-64,Kyoto,JP,push
Maeve,Fournier,maeve.fournier.8513@customer360.test,+1-555-513-9981,active,18-24,Edmonton,CA,push
Daan,Van Dijk,daan.van-dijk.8514@customer360.test,+1-555-514-1018,active,35-44,Groningen,NL,email
Emiliano,Vargas,emiliano.vargas.8515@customer360.test,+1-555-515-1055,active,55-64,Merida,MX,push
Arthur,Chapman,arthur.chapman.8516@customer360.test,+1-555-516-1092,active,45-54,Leeds,GB,email
Nur,Lee,nur.lee.8517@customer360.test,+1-555-517-1129,active,25-34,Singapore,SG,email
Hina,Takahashi,hina.takahashi.8518@customer360.test,+1-555-518-1166,active,35-44,Tokyo,JP,email
Finn,Fischer,finn.fischer.8519@customer360.test,+1-555-519-1203,active,25-34,Hamburg,DE,push
Taylor,Brooks,taylor.brooks.8520@customer360.test,+1-555-520-1240,inactive,35-44,San Diego,US,push
Quinn,Carter,quinn.carter.8521@customer360.test,+1-555-521-1277,active,25-34,Chicago,US,sms
Chloe Anne,Poirier,chloe-anne.poirier.8522@customer360.test,+1-555-522-1314,active,18-24,Calgary,CA,sms
Leah,Fraser,leah.fraser.8523@customer360.test,+1-555-523-1351,active,25-34,Halifax,CA,push
Valeria,Castillo,valeria.castillo.8524@customer360.test,+1-555-524-1388,inactive,25-34,Puebla,MX,push
Cameron,Reed,cameron.reed.8525@customer360.test,+1-555-525-1425,active,18-24,San Diego,US,sms
Zoe,Collins,zoe.collins.8526@customer360.test,+1-555-526-1462,active,25-34,Philadelphia,US,sms
Pedro,Mendes,pedro.mendes.8527@customer360.test,+1-555-527-1499,active,45-54,Recife,BR,email
Ishaan,Iyer,ishaan.iyer.8528@customer360.test,+1-555-528-1536,active,45-54,Chennai,IN,email
Mio Ken,Kobayashi,mio-ken.kobayashi.8529@customer360.test,+1-555-529-1573,active,35-44,Tokyo,JP,email
Aoi,Sato,aoi.sato.8530@customer360.test,+1-555-530-1610,active,25-34,Osaka,JP,push
Renata,Delgado,renata.delgado.8531@customer360.test,+1-555-531-1647,active,35-44,Mexico City,MX,email
Ren,Takahashi,ren.takahashi.8532@customer360.test,+1-555-532-1684,active,55-64,Sapporo,JP,push
Beatrice,Gallo,beatrice.gallo.8533@customer360.test,+1-555-533-1721,active,45-54,Naples,IT,push
Milan Sofie,Mulder,milan-sofie.mulder.8534@customer360.test,+1-555-534-1758,active,18-24,The Hague,NL,push
Tara,Saxena,tara.saxena.8535@customer360.test,+1-555-535-1795,active,25-34,Pune,IN,sms
Sipho Grace,Nkosi,sipho-grace.nkosi.8536@customer360.test,+1-555-536-1832,active,35-44,Johannesburg,ZA,push
Clara,Campbell,clara.campbell.8537@customer360.test,+1-555-537-1869,inactive,45-54,Halifax,CA,push
Kavya,Chatterjee,kavya.chatterjee.8538@customer360.test,+1-555-538-1906,active,45-54,Delhi,IN,push
Hugo Edward,Fletcher,hugo-edward.fletcher.8539@customer360.test,+1-555-539-1943,active,55-64,Birmingham,GB,sms
Haruto,Kato,haruto.kato.8540@customer360.test,+1-555-540-1980,active,45-54,Sapporo,JP,push
Theo,Crawford,theo.crawford.8541@customer360.test,+1-555-541-2017,active,45-54,Manchester,GB,email
Mia,Clarke,mia.clarke.8542@customer360.test,+1-555-542-2054,active,55-64,Sydney,AU,push
Hina Hiro,Yoshida,hina-hiro.yoshida.8543@customer360.test,+1-555-543-2091,inactive,25-34,Yokohama,JP,sms
Naledi James,Mabena,naledi-james.mabena.8544@customer360.test,+1-555-544-2128,active,18-24,Cape Town,ZA,email
Finn Jan,Mulder,finn-jan.mulder.8545@customer360.test,+1-555-545-2165,active,35-44,Utrecht,NL,push
Freya,Ellis,freya.ellis.8546@customer360.test,+1-555-546-2202,active,25-34,Leeds,GB,sms
Giulia Giovanni,Ferrari,giulia-giovanni.ferrari.8547@customer360.test,+1-555-547-2239,active,55-64,Rome,IT,sms
Lucia,Navarro,lucia.navarro.8548@customer360.test,+1-555-548-2276,active,25-34,Guadalajara,MX,push
Hamish,Bennett,hamish.bennett.8549@customer360.test,+1-555-549-2313,active,45-54,Perth,AU,email
Martin,Garcia,martin.garcia.8550@customer360.test,+1-555-550-2350,active,35-44,Barcelona,ES,email
Anaya Kiran,Menon,anaya-kiran.menon.8551@customer360.test,+1-555-551-2387,active,18-24,Ahmedabad,IN,email
Daan,Meijer,daan.meijer.8552@customer360.test,+1-555-552-2424,active,25-34,Groningen,NL,email
Taylor James,Collins,taylor-james.collins.8553@customer360.test,+1-555-553-2461,active,18-24,Chicago,US,push
Hugo,Vidal,hugo.vidal.8554@customer360.test,+1-555-554-2498,active,35-44,Madrid,ES,email
Amara,Botha,amara.botha.8555@customer360.test,+1-555-555-2535,active,25-34,Johannesburg,ZA,push
Lwazi Grace,Dlamini,lwazi-grace.dlamini.8556@customer360.test,+1-555-556-2572,active,25-34,Pretoria,ZA,push
Lotte,Van Dijk,lotte.van-dijk.8557@customer360.test,+1-555-557-2609,active,25-34,Utrecht,NL,push
Isla,Bennett,isla.bennett.8558@customer360.test,+1-555-558-2646,inactive,35-44,Canberra,AU,email
Kavya,Chatterjee,kavya.chatterjee.8559@customer360.test,+1-555-559-2683,active,18-24,Hyderabad,IN,email
Diya,Menon,diya.menon.8560@customer360.test,+1-555-560-2720,active,25-34,Chennai,IN,sms
Maya,Parker,maya.parker.8561@customer360.test,+1-555-561-2757,active,18-24,Philadelphia,US,sms
Elisa,Costa,elisa.costa.8562@customer360.test,+1-555-562-2794,inactive,18-24,Naples,IT,email
Baptiste,Blanc,baptiste.blanc.8563@customer360.test,+1-555-563-2831,active,18-24,Paris,FR,push
Naomi,Morgan,naomi.morgan.8564@customer360.test,+1-555-564-2868,active,25-34,Atlanta,US,sms
Amelie,Girard,amelie.girard.8565@customer360.test,+1-555-565-2905,active,25-34,Paris,FR,push
Liam,Gauthier,liam.gauthier.8566@customer360.test,+1-555-566-2942,active,18-24,Vancouver,CA,email
Ishita,Menon,ishita.menon.8567@customer360.test,+1-555-567-2979,active,18-24,Delhi,IN,sms
Mila,Beaulieu,mila.beaulieu.8568@customer360.test,+1-555-568-3016,active,35-44,Edmonton,CA,email
Imogen,Crawford,imogen.crawford.8569@customer360.test,+1-555-569-3053,active,25-34,Birmingham,GB,push
Callum,Bennett,callum.bennett.8570@customer360.test,+1-555-570-3090,active,35-44,Hobart,AU,sms
Ishaan Dev,Kulkarni,ishaan-dev.kulkarni.8571@customer360.test,+1-555-571-3127,active,45-54,Jaipur,IN,email
Avery,Cooper,avery.cooper.8572@customer360.test,+1-555-572-3164,active,35-44,Austin,US,sms
Avery Marie,Brooks,avery-marie.brooks.8573@customer360.test,+1-555-573-3201,active,45-54,Philadelphia,US,email
Davide,Marino,davide.marino.8574@customer360.test,+1-555-574-3238,active,18-24,Palermo,IT,push
Marie,Brandt,marie.brandt.8575@customer360.test,+1-555-575-3275,active,25-34,Hamburg,DE,email
Sota,Yamada,sota.yamada.8576@customer360.test,+1-555-576-3312,active,18-24,Nagoya,JP,sms
Isla,Harrington,isla.harrington.8577@customer360.test,+1-555-577-3349,active,35-44,Glasgow,GB,email
Marco,Moretti,marco.moretti.8578@customer360.test,+1-555-578-3386,active,45-54,Bologna,IT,push
Elena,Castillo,elena.castillo.8579@customer360.test,+1-555-579-3423,active,45-54,Merida,MX,sms
Dylan,Bailey,dylan.bailey.8580@customer360.test,+1-555-580-3460,active,35-44,Atlanta,US,sms
Maximilian,Wagner,maximilian.wagner.8581@customer360.test,+1-555-581-3497,active,45-54,Hamburg,DE,sms
Javier,Fuentes,javier.fuentes.8582@customer360.test,+1-555-582-3534,active,25-34,Merida,MX,email
Imogen Louise,Crawford,imogen-louise.crawford.8583@customer360.test,+1-555-583-3571,active,45-54,Edinburgh,GB,email
Mariana,Fuentes,mariana.fuentes.8584@customer360.test,+1-555-584-3608,active,35-44,Puebla,MX,email
Bram,Meijer,bram.meijer.8585@customer360.test,+1-555-585-3645,inactive,45-54,Utrecht,NL,email
Elena,Navarro,elena.navarro.8586@customer360.test,+1-555-586-3682,active,18-24,Puebla,MX,sms
Maya,Hayes,maya.hayes.8587@customer360.test,+1-555-587-3719,active,45-54,Boston,US,sms
Nora Grace,Ward,nora-grace.ward.8588@customer360.test,+1-555-588-3756,inactive,18-24,San Diego,US,email
Mio Hiro,Yamada,mio-hiro.yamada.8589@customer360.test,+1-555-589-3793,active,35-44,Fukuoka,JP,sms
Ishaan,Sharma,ishaan.sharma.8590@customer360.test,+1-555-590-3830,active,18-24,Ahmedabad,IN,email
Ruby,Griffiths,ruby.griffiths.8591@customer360.test,+1-555-591-3867,active,35-44,Birmingham,GB,email
Valeria Maria,Vargas,valeria-maria.vargas.8592@customer360.test,+1-555-592-3904,active,45-54,Merida,MX,sms
Hugo,Hughes,hugo.hughes.8593@customer360.test,+1-555-593-3941,inactive,25-34,Bristol,GB,sms
Jordan,Ward,jordan.ward.8594@customer360.test,+1-555-594-3978,active,55-64,Portland,US,sms
Sienna,Hayes,sienna.hayes.8595@customer360.test,+1-555-595-4015,active,45-54,Sydney,AU,email
Sanne Jan,Bakker,sanne-jan.bakker.8596@customer360.test,+1-555-596-4052,active,55-64,Amsterdam,NL,sms
Marco,Romano,marco.romano.8597@customer360.test,+1-555-597-4089,active,25-34,Rome,IT,sms
Julian,Gauthier,julian.gauthier.8598@customer360.test,+1-555-598-4126,active,25-34,Edmonton,CA,sms
Poppy,Fletcher,poppy.fletcher.8599@customer360.test,+1-555-599-4163,active,35-44,Birmingham,GB,push
Caleb,Ward,caleb.ward.8600@customer360.test,+1-555-600-4200,active,35-44,San Diego,US,push
Naomi,Bennett,naomi.bennett.8601@customer360.test,+1-555-601-4237,active,35-44,Austin,US,sms
Sienna,Cameron,sienna.cameron.8602@customer360.test,+1-555-602-4274,inactive,35-44,Perth,AU,push
Arjun,Menon,arjun.menon.8603@customer360.test,+1-555-603-4311,active,35-44,Bengaluru,IN,sms
Leah,Beaulieu,leah.beaulieu.8604@customer360.test,+1-555-604-4348,inactive,35-44,Calgary,CA,email
Meera,Kulkarni,meera.kulkarni.8605@customer360.test,+1-555-605-4385,active,25-34,Hyderabad,IN,sms
Camila,Vargas,camila.vargas.8606@customer360.test,+1-555-606-4422,active,35-44,Mexico City,MX,push
Cheryl Min,Goh,cheryl-min.goh.8607@customer360.test,+1-555-607-4459,active,45-54,Singapore,SG,email
Renata Maria,Morales,renata-maria.morales.8608@customer360.test,+1-555-608-4496,active,25-34,Merida,MX,sms
Oscar,Hughes,oscar.hughes.8609@customer360.test,+1-555-609-4533,active,18-24,Leeds,GB,email
Ruby James,Cameron,ruby-james.cameron.8610@customer360.test,+1-555-610-4570,active,18-24,Canberra,AU,email
Arthur,Girard,arthur.girard.8611@customer360.test,+1-555-611-4607,active,35-44,Lille,FR,push
Diego Jose,Fuentes,diego-jose.fuentes.8612@customer360.test,+1-555-612-4644,active,35-44,Mexico City,MX,email
Hamish,Fletcher,hamish.fletcher.8613@customer360.test,+1-555-613-4681,active,18-24,Hobart,AU,sms
Hannah,Schneider,hannah.schneider.8614@customer360.test,+1-555-614-4718,active,45-54,Munich,DE,sms
Mariana,Mendoza,mariana.mendoza.8615@customer360.test,+1-555-615-4755,active,25-34,Monterrey,MX,email
Daan Pieter,Meijer,daan-pieter.meijer.8616@customer360.test,+1-555-616-4792,active,25-34,Amsterdam,NL,email
Haruto,Suzuki,haruto.suzuki.8617@customer360.test,+1-555-617-4829,active,35-44,Kyoto,JP,sms
Mio,Yamada,mio.yamada.8618@customer360.test,+1-555-618-4866,active,35-44,Tokyo,JP,email
Poppy,Fletcher,poppy.fletcher.8619@customer360.test,+1-555-619-4903,active,55-64,Manchester,GB,push
Sophie Marie,Fraser,sophie-marie.fraser.8620@customer360.test,+1-555-620-4940,active,18-24,Vancouver,CA,sms
Leo,Molina,leo.molina.8621@customer360.test,+1-555-621-4977,active,45-54,Malaga,ES,email
Aurora,Marino,aurora.marino.8622@customer360.test,+1-555-622-5014,active,55-64,Rome,IT,push
Sakura,Suzuki,sakura.suzuki.8623@customer360.test,+1-555-623-5051,active,25-34,Nagoya,JP,email
Finn Marie,Meijer,finn-marie.meijer.8624@customer360.test,+1-555-624-5088,active,45-54,Groningen,NL,push
Noah,Fournier,noah.fournier.8625@customer360.test,+1-555-625-5125,active,25-34,Ottawa,CA,push
Nur,Chua,nur.chua.8626@customer360.test,+1-555-626-5162,active,35-44,Singapore,SG,push
Parker,Bailey,parker.bailey.8627@customer360.test,+1-555-627-5199,active,25-34,Seattle,US,sms
Imogen,Hughes,imogen.hughes.8628@customer360.test,+1-555-628-5236,active,35-44,Glasgow,GB,sms
Callum,Hughes,callum.hughes.8629@customer360.test,+1-555-629-5273,active,18-24,Melbourne,AU,sms
Amelie Paul,Laurent,amelie-paul.laurent.8630@customer360.test,+1-555-630-5310,active,45-54,Nantes,FR,push
Yui,Ito,yui.ito.8631@customer360.test,+1-555-631-5347,active,35-44,Sapporo,JP,email
Thiago,Ferreira,thiago.ferreira.8632@customer360.test,+1-555-632-5384,active,25-34,Brasilia,BR,email
Oscar,McKenzie,oscar.mckenzie.8633@customer360.test,+1-555-633-5421,active,45-54,Adelaide,AU,push
Morgan,Russell,morgan.russell.8634@customer360.test,+1-555-634-5458,active,45-54,San Diego,US,sms
Sienna,Hayes,sienna.hayes.8635@customer360.test,+1-555-635-5495,active,55-64,Adelaide,AU,sms
Beatriz,Nogueira,beatriz.nogueira.8636@customer360.test,+1-555-636-5532,active,35-44,Porto Alegre,BR,push
Amelie,Wagner,amelie.wagner.8637@customer360.test,+1-555-637-5569,active,18-24,Hamburg,DE,push
Camila,Carvalho,camila.carvalho.8638@customer360.test,+1-555-638-5606,active,45-54,Rio de Janeiro,BR,email
Mei,Kato,mei.kato.8639@customer360.test,+1-555-639-5643,active,25-34,Tokyo,JP,sms
Sofia,Cabrera,sofia.cabrera.8640@customer360.test,+1-555-640-5680,active,25-34,Malaga,ES,push
George Edward,Fletcher,george-edward.fletcher.8641@customer360.test,+1-555-641-5717,active,45-54,Bristol,GB,sms
Hannah,Fischer,hannah.fischer.8642@customer360.test,+1-555-642-5754,active,18-24,Stuttgart,DE,push
Arjun,Desai,arjun.desai.8643@customer360.test,+1-555-643-5791,active,45-54,Bengaluru,IN,push
Caleb,Ward,caleb.ward.8644@customer360.test,+1-555-644-5828,active,45-54,San Diego,US,push
Jonas,Richter,jonas.richter.8645@customer360.test,+1-555-645-5865,active,25-34,Hamburg,DE,sms
Mateo,Cervantes,mateo.cervantes.8646@customer360.test,+1-555-646-5902,active,35-44,Queretaro,MX,push
Jia En,Wong,jia-en.wong.8647@customer360.test,+1-555-647-5939,active,35-44,Singapore,SG,sms
Mei,Yoshida,mei.yoshida.8648@customer360.test,+1-555-648-5976,active,18-24,Osaka,JP,email
Haruto,Sato,haruto.sato.8649@customer360.test,+1-555-649-6013,active,35-44,Osaka,JP,push
Jesse Marie,Bos,jesse-marie.bos.8650@customer360.test,+1-555-650-6050,active,35-44,Utrecht,NL,push
Manon,Rousseau,manon.rousseau.8651@customer360.test,+1-555-651-6087,active,18-24,Nantes,FR,push
Tara,Chatterjee,tara.chatterjee.8652@customer360.test,+1-555-652-6124,active,18-24,Kolkata,IN,email
Kian,Dlamini,kian.dlamini.8653@customer360.test,+1-555-653-6161,active,35-44,Cape Town,ZA,sms
Lena,Morgan,lena.morgan.8654@customer360.test,+1-555-654-6198,inactive,18-24,Portland,US,sms
Amelie,Fischer,amelie.fischer.8655@customer360.test,+1-555-655-6235,active,25-34,Cologne,DE,email
Pedro,Nogueira,pedro.nogueira.8656@customer360.test,+1-555-656-6272,active,55-64,Rio de Janeiro,BR,email
Zoe,Ward,zoe.ward.8657@customer360.test,+1-555-657-6309,active,18-24,Minneapolis,US,email
Riley,Bailey,riley.bailey.8658@customer360.test,+1-555-658-6346,active,55-64,Portland,US,email
Mariana,Carvalho,mariana.carvalho.8659@customer360.test,+1-555-659-6383,active,35-44,Sao Paulo,BR,push
Jack,Clarke,jack.clarke.8660@customer360.test,+1-555-660-6420,active,18-24,Sydney,AU,sms
Grace,Wallace,grace.wallace.8661@customer360.test,+1-555-661-6457,active,25-34,Brisbane,AU,sms
Lucas Joao,Costa,lucas-joao.costa.8662@customer360.test,+1-555-662-6494,inactive,45-54,Porto Alegre,BR,push
Kaito Hiro,Tanaka,kaito-hiro.tanaka.8663@customer360.test,+1-555-663-6531,active,45-54,Sapporo,JP,sms
Daniel Jose,Marin,daniel-jose.marin.8664@customer360.test,+1-555-664-6568,active,45-54,Barcelona,ES,email
Miles,Collins,miles.collins.8665@customer360.test,+1-555-665-6605,active,25-34,San Diego,US,push
Callum Rose,Hayes,callum-rose.hayes.8666@customer360.test,+1-555-666-6642,active,45-54,Melbourne,AU,sms
Luiza,Mendes,luiza.mendes.8667@customer360.test,+1-555-667-6679,active,18-24,Brasilia,BR,sms
Hamish,Bennett,hamish.bennett.8668@customer360.test,+1-555-668-6716,active,18-24,Adelaide,AU,push
Sipho,Mthembu,sipho.mthembu.8669@customer360.test,+1-555-669-6753,active,45-54,Durban,ZA,push
Naledi,Dlamini,naledi.dlamini.8670@customer360.test,+1-555-670-6790,active,55-64,Gqeberha,ZA,sms
Nandi,Mthembu,nandi.mthembu.8671@customer360.test,+1-555-671-6827,active,35-44,Johannesburg,ZA,email
Hugo,Fontaine,hugo.fontaine.8672@customer360.test,+1-555-672-6864,active,55-64,Nantes,FR,sms
Lerato,Mokoena,lerato.mokoena.8673@customer360.test,+1-555-673-6901,active,25-34,Durban,ZA,sms
Javier,Delgado,javier.delgado.8674@customer360.test,+1-555-674-6938,active,55-64,Merida,MX,email
Jordan,Brooks,jordan.brooks.8675@customer360.test,+1-555-675-6975,active,35-44,Portland,US,push
Ruby,Crawford,ruby.crawford.8676@customer360.test,+1-555-676-7012,active,55-64,Edinburgh,GB,sms
Aditya,Malhotra,aditya.malhotra.8677@customer360.test,+1-555-677-7049,active,35-44,Ahmedabad,IN,sms
Jack Lee,Bennett,jack-lee.bennett.8678@customer360.test,+1-555-678-7086,inactive,35-44,Adelaide,AU,sms
Baptiste Claire,Lefevre,baptiste-claire.lefevre.8679@customer360.test,+1-555-679-7123,active,35-44,Toulouse,FR,sms
Lucas,De Vries,lucas.de-vries.8680@customer360.test,+1-555-680-7160,active,35-44,Groningen,NL,email
Julian,Fournier,julian.fournier.8681@customer360.test,+1-555-681-7197,active,18-24,Vancouver,CA,push
Renata,Ortega,renata.ortega.8682@customer360.test,+1-555-682-7234,active,55-64,Guadalajara,MX,email
Anaya Dev,Bhat,anaya-dev.bhat.8683@customer360.test,+1-555-683-7271,active,25-34,Pune,IN,push
Wei Ming,Lim,wei-ming.lim.8684@customer360.test,+1-555-684-7308,active,45-54,Singapore,SG,sms
Imogen,Mercer,imogen.mercer.8685@customer360.test,+1-555-685-7345,active,35-44,London,GB,sms
Nandi,Naidoo,nandi.naidoo.8686@customer360.test,+1-555-686-7382,inactive,35-44,Durban,ZA,sms
Anaya Riya,Desai,anaya-riya.desai.8687@customer360.test,+1-555-687-7419,active,25-34,Hyderabad,IN,sms
Diego,Cabrera,diego.cabrera.8688@customer360.test,+1-555-688-7456,active,25-34,Madrid,ES,push
Bram Pieter,Mulder,bram-pieter.mulder.8689@customer360.test,+1-555-689-7493,active,18-24,Groningen,NL,push
Ruby,Griffiths,ruby.griffiths.8690@customer360.test,+1-555-690-7530,active,55-64,Bristol,GB,email
Jordan,Parker,jordan.parker.8691@customer360.test,+1-555-691-7567,active,55-64,Seattle,US,sms
Kabir,Sharma,kabir.sharma.8692@customer360.test,+1-555-692-7604,active,18-24,Hyderabad,IN,sms
Sofia Maria,Ortega,sofia-maria.ortega.8693@customer360.test,+1-555-693-7641,active,45-54,Merida,MX,push
Amelie,Beaulieu,amelie.beaulieu.8694@customer360.test,+1-555-694-7678,inactive,25-34,Edmonton,CA,email
Diego,Vega,diego.vega.8695@customer360.test,+1-555-695-7715,active,35-44,Barcelona,ES,push
Rohan,Kulkarni,rohan.kulkarni.8696@customer360.test,+1-555-696-7752,active,45-54,Chennai,IN,email
Quinn,Hayes,quinn.hayes.8697@customer360.test,+1-555-697-7789,active,35-44,Austin,US,push
Gabriel,Fontaine,gabriel.fontaine.8698@customer360.test,+1-555-698-7826,active,35-44,Paris,FR,sms
Daniel,Rios,daniel.rios.8699@customer360.test,+1-555-699-7863,active,55-64,Guadalajara,MX,sms
Cameron Lee,Parker,cameron-lee.parker.8700@customer360.test,+1-555-700-7900,active,25-34,Denver,US,push
Helena Maria,Oliveira,helena-maria.oliveira.8701@customer360.test,+1-555-701-7937,active,25-34,Salvador,BR,push
Rohan,Rao,rohan.rao.8702@customer360.test,+1-555-702-7974,active,18-24,Chennai,IN,email
Sipho,Naidoo,sipho.naidoo.8703@customer360.test,+1-555-703-8011,active,45-54,Cape Town,ZA,sms
Oscar Louise,Sinclair,oscar-louise.sinclair.8704@customer360.test,+1-555-704-8048,active,45-54,Glasgow,GB,sms
Emiliano,Hernandez,emiliano.hernandez.8705@customer360.test,+1-555-705-8085,active,35-44,Merida,MX,push
Caio,Nogueira,caio.nogueira.8706@customer360.test,+1-555-706-8122,active,25-34,Recife,BR,push
Diya,Nair,diya.nair.8707@customer360.test,+1-555-707-8159,active,55-64,Kochi,IN,sms
Finn,Reid,finn.reid.8708@customer360.test,+1-555-708-8196,active,25-34,Brisbane,AU,push
Kaito,Yamamoto,kaito.yamamoto.8709@customer360.test,+1-555-709-8233,active,35-44,Yokohama,JP,email
Oscar,Hughes,oscar.hughes.8710@customer360.test,+1-555-710-8270,active,18-24,Sydney,AU,sms
Cooper,Bennett,cooper.bennett.8711@customer360.test,+1-555-711-8307,active,55-64,Canberra,AU,sms
Kai Wen,Ismail,kai-wen.ismail.8712@customer360.test,+1-555-712-8344,active,25-34,Singapore,SG,sms
Avery,Ward,avery.ward.8713@customer360.test,+1-555-713-8381,active,45-54,Austin,US,push
Lucas,Morrison,lucas.morrison.8714@customer360.test,+1-555-714-8418,active,55-64,Vancouver,CA,email
Sofia,Ortega,sofia.ortega.8715@customer360.test,+1-555-715-8455,active,35-44,Monterrey,MX,push
Clara Marie,Campbell,clara-marie.campbell.8716@customer360.test,+1-555-716-8492,active,25-34,Edmonton,CA,sms
Davide,Gallo,davide.gallo.8717@customer360.test,+1-555-717-8529,active,18-24,Milan,IT,sms
Aditya,Chatterjee,aditya.chatterjee.8718@customer360.test,+1-555-718-8566,active,25-34,Ahmedabad,IN,sms
Neo,Dlamini,neo.dlamini.8719@customer360.test,+1-555-719-8603,active,25-34,Bloemfontein,ZA,email
Marcus,Tan,marcus.tan.8720@customer360.test,+1-555-720-8640,inactive,55-64,Singapore,SG,sms
Matilda,Hayes,matilda.hayes.8721@customer360.test,+1-555-721-8677,active,18-24,Melbourne,AU,email
Theo,Blanc,theo.blanc.8722@customer360.test,+1-555-722-8714,active,25-34,Toulouse,FR,push
Mei,Kato,mei.kato.8723@customer360.test,+1-555-723-8751,active,55-64,Osaka,JP,push
Caleb,Parker,caleb.parker.8724@customer360.test,+1-555-724-8788,active,45-54,Portland,US,sms
Rin,Nakamura,rin.nakamura.8725@customer360.test,+1-555-725-8825,active,55-64,Nagoya,JP,email
Owen,Gauthier,owen.gauthier.8726@customer360.test,+1-555-726-8862,active,18-24,Calgary,CA,email
Noor,Mulder,noor.mulder.8727@customer360.test,+1-555-727-8899,active,25-34,Utrecht,NL,email
Ruby,Hayes,ruby.hayes.8728@customer360.test,+1-555-728-8936,active,25-34,Hobart,AU,push
Nisha Kiran,Joshi,nisha-kiran.joshi.8729@customer360.test,+1-555-729-8973,active,45-54,Kochi,IN,sms
Camille,Laurent,camille.laurent.8730@customer360.test,+1-555-730-9010,active,55-64,Nantes,FR,push
Carmen Maria,Vega,carmen-maria.vega.8731@customer360.test,+1-555-731-9047,active,25-34,Valencia,ES,sms
Ishaan,Malhotra,ishaan.malhotra.8732@customer360.test,+1-555-732-9084,active,25-34,Ahmedabad,IN,email
Leo Jose,Garcia,leo-jose.garcia.8733@customer360.test,+1-555-733-9121,active,25-34,Malaga,ES,push
Lucia,Marin,lucia.marin.8734@customer360.test,+1-555-734-9158,active,45-54,Valencia,ES,push
Amelia,Sinclair,amelia.sinclair.8735@customer360.test,+1-555-735-9195,active,25-34,Leeds,GB,sms
Tommaso,Conti,tommaso.conti.8736@customer360.test,+1-555-736-9232,active,35-44,Rome,IT,email
Aditi,Sharma,aditi.sharma.8737@customer360.test,+1-555-737-9269,inactive,25-34,Chennai,IN,sms
Hina,Ito,hina.ito.8738@customer360.test,+1-555-738-9306,active,45-54,Nagoya,JP,email
Avery,Ward,avery.ward.8739@customer360.test,+1-555-739-9343,active,25-34,Seattle,US,sms
Quinn,Bailey,quinn.bailey.8740@customer360.test,+1-555-740-9380,active,25-34,Atlanta,US,email
Caleb,Collins,caleb.collins.8741@customer360.test,+1-555-741-9417,inactive,45-54,Atlanta,US,push
Gabriele Anna,Bianchi,gabriele-anna.bianchi.8742@customer360.test,+1-555-742-9454,active,25-34,Turin,IT,push
Mathis,Renard,mathis.renard.8743@customer360.test,+1-555-743-9491,active,18-24,Nantes,FR,sms
Giulia,Bianchi,giulia.bianchi.8744@customer360.test,+1-555-744-9528,active,25-34,Milan,IT,push
Riley,Collins,riley.collins.8745@customer360.test,+1-555-745-9565,active,25-34,Atlanta,US,push
Bram Marie,Meijer,bram-marie.meijer.8746@customer360.test,+1-555-746-9602,active,25-34,Groningen,NL,sms
Alfie,Crawford,alfie.crawford.8747@customer360.test,+1-555-747-9639,active,35-44,Edinburgh,GB,push
Noah,Fraser,noah.fraser.8748@customer360.test,+1-555-748-9676,active,18-24,Vancouver,CA,push
Nana,Kobayashi,nana.kobayashi.8749@customer360.test,+1-555-749-9713,inactive,35-44,Tokyo,JP,email
Diego,Hernandez,diego.hernandez.8750@customer360.test,+1-555-750-9750,active,25-34,Monterrey,MX,push
Isabela,Teixeira,isabela.teixeira.8751@customer360.test,+1-555-751-9787,active,18-24,Salvador,BR,sms
Isla,Morgan,isla.morgan.8752@customer360.test,+1-555-752-9824,active,18-24,Adelaide,AU,sms
Kian,Nkosi,kian.nkosi.8753@customer360.test,+1-555-753-9861,inactive,45-54,Johannesburg,ZA,push
Leon,Hoffmann,leon.hoffmann.8754@customer360.test,+1-555-754-9898,active,25-34,Berlin,DE,sms
Diego,Mendoza,diego.mendoza.8755@customer360.test,+1-555-755-9935,active,35-44,Queretaro,MX,sms
Juliette,Marchand,juliette.marchand.8756@customer360.test,+1-555-756-9972,active,25-34,Nantes,FR,push
Elias,Sinclair,elias.sinclair.8757@customer360.test,+1-555-757-1009,active,45-54,Halifax,CA,push
Giulia,Esposito,giulia.esposito.8758@customer360.test,+1-555-758-1046,active,35-44,Naples,IT,email
Sofia Luis,Delgado,sofia-luis.delgado.8759@customer360.test,+1-555-759-1083,active,35-44,Mexico City,MX,sms
Elliot,Sullivan,elliot.sullivan.8760@customer360.test,+1-555-760-1120,active,55-64,Adelaide,AU,sms
Beatriz,Araujo,beatriz.araujo.8761@customer360.test,+1-555-761-1157,active,45-54,Brasilia,BR,push
Vivaan,Kulkarni,vivaan.kulkarni.8762@customer360.test,+1-555-762-1194,active,18-24,Delhi,IN,sms
Jesse,Smit,jesse.smit.8763@customer360.test,+1-555-763-1231,active,25-34,Utrecht,NL,email
Isabela,Almeida,isabela.almeida.8764@customer360.test,+1-555-764-1268,active,35-44,Curitiba,BR,email
Noah,Vogel,noah.vogel.8765@customer360.test,+1-555-765-1305,active,35-44,Leipzig,DE,push
Oscar,Sinclair,oscar.sinclair.8766@customer360.test,+1-555-766-1342,active,45-54,Bristol,GB,push
Hugo,Lawson,hugo.lawson.8767@customer360.test,+1-555-767-1379,active,25-34,Glasgow,GB,email
Theo,Griffiths,theo.griffiths.8768@customer360.test,+1-555-768-1416,active,55-64,Glasgow,GB,email
Isla Rose,Anderson,isla-rose.anderson.8769@customer360.test,+1-555-769-1453,active,18-24,Hobart,AU,email
Renata,Cervantes,renata.cervantes.8770@customer360.test,+1-555-770-1490,active,35-44,Puebla,MX,push
Sanne,Vos,sanne.vos.8771@customer360.test,+1-555-771-1527,active,25-34,Rotterdam,NL,email
Oliver,Harrington,oliver.harrington.8772@customer360.test,+1-555-772-1564,inactive,18-24,Manchester,GB,push
Rohan,Chatterjee,rohan.chatterjee.8773@customer360.test,+1-555-773-1601,active,45-54,Pune,IN,push
Noah Claire,Poirier,noah-claire.poirier.8774@customer360.test,+1-555-774-1638,active,18-24,Calgary,CA,sms
Quinn,Cooper,quinn.cooper.8775@customer360.test,+1-555-775-1675,active,18-24,Philadelphia,US,email
Riley,Ward,riley.ward.8776@customer360.test,+1-555-776-1712,active,25-34,Boston,US,push
Marco,Romano,marco.romano.8777@customer360.test,+1-555-777-1749,active,25-34,Milan,IT,email
Sofia,Marino,sofia.marino.8778@customer360.test,+1-555-778-1786,active,25-34,Bologna,IT,sms
Nana,Yamamoto,nana.yamamoto.8779@customer360.test,+1-555-779-1823,active,45-54,Kyoto,JP,push
Jesse,Van Dijk,jesse.van-dijk.8780@customer360.test,+1-555-780-1860,active,35-44,Utrecht,NL,sms
Ruby,Mercer,ruby.mercer.8781@customer360.test,+1-555-781-1897,active,35-44,Leeds,GB,sms
Freya Rose,Crawford,freya-rose.crawford.8782@customer360.test,+1-555-782-1934,active,35-44,Manchester,GB,sms
Clara,Marchand,clara.marchand.8783@customer360.test,+1-555-783-1971,active,55-64,Lyon,FR,email
Maisie,Chapman,maisie.chapman.8784@customer360.test,+1-555-784-2008,active,55-64,London,GB,sms
Sana,Joshi,sana.joshi.8785@customer360.test,+1-555-785-2045,active,25-34,Pune,IN,sms
Hugo,Iglesias,hugo.iglesias.8786@customer360.test,+1-555-786-2082,active,55-64,Malaga,ES,push
Pedro Clara,Costa,pedro-clara.costa.8787@customer360.test,+1-555-787-2119,active,18-24,Brasilia,BR,email
Camille Claire,Blanc,camille-claire.blanc.8788@customer360.test,+1-555-788-2156,active,55-64,Lyon,FR,sms
Jonas,Becker,jonas.becker.8789@customer360.test,+1-555-789-2193,active,25-34,Berlin,DE,push
Nandi,Nkosi,nandi.nkosi.8790@customer360.test,+1-555-790-2230,active,25-34,Johannesburg,ZA,sms
Felix,Becker,felix.becker.8791@customer360.test,+1-555-791-2267,active,25-34,Leipzig,DE,email
Pedro,Martins,pedro.martins.8792@customer360.test,+1-555-792-2304,active,35-44,Salvador,BR,push
Isla,Bennett,isla.bennett.8793@customer360.test,+1-555-793-2341,active,25-34,London,GB,push
Finn,Cameron,finn.cameron.8794@customer360.test,+1-555-794-2378,active,45-54,Melbourne,AU,push
Chloe,Fournier,chloe.fournier.8795@customer360.test,+1-555-795-2415,active,45-54,Edmonton,CA,push
Helena,Carvalho,helena.carvalho.8796@customer360.test,+1-555-796-2452,active,35-44,Rio de Janeiro,BR,sms
Leon,Hoffmann,leon.hoffmann.8797@customer360.test,+1-555-797-2489,inactive,25-34,Stuttgart,DE,sms
Zoe,Morgan,zoe.morgan.8798@customer360.test,+1-555-798-2526,active,25-34,Boston,US,push
Tara,Joshi,tara.joshi.8799@customer360.test,+1-555-799-2563,active,25-34,Jaipur,IN,email
Yuto Miki,Watanabe,yuto-miki.watanabe.8800@customer360.test,+1-555-800-2600,active,45-54,Osaka,JP,email
Naledi,Mabena,naledi.mabena.8801@customer360.test,+1-555-801-2637,active,25-34,Pretoria,ZA,email
Cheryl,Rahman,cheryl.rahman.8802@customer360.test,+1-555-802-2674,inactive,35-44,Singapore,SG,email
Alejandro Elena,Ortega,alejandro-elena.ortega.8803@customer360.test,+1-555-803-2711,active,18-24,Guadalajara,MX,email
Darren Min,Chua,darren-min.chua.8804@customer360.test,+1-555-804-2748,active,45-54,Singapore,SG,push
Ethan,Bailey,ethan.bailey.8805@customer360.test,+1-555-805-2785,active,45-54,Atlanta,US,email
Sofia,Morales,sofia.morales.8806@customer360.test,+1-555-806-2822,active,35-44,Merida,MX,sms
Isla,Griffiths,isla.griffiths.8807@customer360.test,+1-555-807-2859,active,25-34,Bristol,GB,sms
Thiago,Araujo,thiago.araujo.8808@customer360.test,+1-555-808-2896,active,35-44,Brasilia,BR,sms
Daan,Visser,daan.visser.8809@customer360.test,+1-555-809-2933,active,35-44,Rotterdam,NL,sms
Ishita Raj,Saxena,ishita-raj.saxena.8810@customer360.test,+1-555-810-2970,active,45-54,Kochi,IN,sms
Mariana,Vargas,mariana.vargas.8811@customer360.test,+1-555-811-3007,active,35-44,Puebla,MX,sms
Aurora,Marino,aurora.marino.8812@customer360.test,+1-555-812-3044,active,18-24,Naples,IT,push
Dylan,Turner,dylan.turner.8813@customer360.test,+1-555-813-3081,active,35-44,San Diego,US,sms
Sienna Lee,Bennett,sienna-lee.bennett.8814@customer360.test,+1-555-814-3118,active,18-24,Perth,AU,email
Baptiste,Laurent,baptiste.laurent.8815@customer360.test,+1-555-815-3155,active,45-54,Toulouse,FR,push
Sienna,Cameron,sienna.cameron.8816@customer360.test,+1-555-816-3192,active,55-64,Brisbane,AU,sms
Elena,Navarro,elena.navarro.8817@customer360.test,+1-555-817-3229,active,45-54,Malaga,ES,push
Lotte Pieter,Visser,lotte-pieter.visser.8818@customer360.test,+1-555-818-3266,inactive,18-24,The Hague,NL,push
Gabriel,Chevalier,gabriel.chevalier.8819@customer360.test,+1-555-819-3303,active,25-34,Lille,FR,sms
Mio,Kobayashi,mio.kobayashi.8820@customer360.test,+1-555-820-3340,active,45-54,Tokyo,JP,sms
Valeria,Cabrera,valeria.cabrera.8821@customer360.test,+1-555-821-3377,active,35-44,Seville,ES,email
Arjun,Lim,arjun.lim.8822@customer360.test,+1-555-822-3414,active,45-54,Singapore,SG,push
Rafael,Almeida,rafael.almeida.8823@customer360.test,+1-555-823-3451,active,35-44,Salvador,BR,email
Parker,Mitchell,parker.mitchell.8824@customer360.test,+1-555-824-3488,inactive,35-44,Austin,US,push
Camille Louis,Mercer,camille-louis.mercer.8825@customer360.test,+1-555-825-3525,inactive,55-64,Calgary,CA,sms
Pablo,Vidal,pablo.vidal.8826@customer360.test,+1-555-826-3562,active,25-34,Seville,ES,email
Meera,Kulkarni,meera.kulkarni.8827@customer360.test,+1-555-827-3599,active,25-34,Jaipur,IN,push
Theo,Dubois,theo.dubois.8828@customer360.test,+1-555-828-3636,active,18-24,Lille,FR,push
Cameron,Bailey,cameron.bailey.8829@customer360.test,+1-555-829-3673,active,55-64,Portland,US,push
Mila,Bennett,mila.bennett.8830@customer360.test,+1-555-830-3710,active,55-64,Calgary,CA,push
Sophie,Sinclair,sophie.sinclair.8831@customer360.test,+1-555-831-3747,active,25-34,Montreal,CA,push
Mateus,Ferreira,mateus.ferreira.8832@customer360.test,+1-555-832-3784,inactive,35-44,Curitiba,BR,email
Vivaan,Nair,vivaan.nair.8833@customer360.test,+1-555-833-3821,inactive,25-34,Mumbai,IN,push
Hamish James,McKenzie,hamish-james.mckenzie.8834@customer360.test,+1-555-834-3858,active,18-24,Hobart,AU,email
Clara,Schneider,clara.schneider.8835@customer360.test,+1-555-835-3895,active,25-34,Leipzig,DE,sms
Sakura,Yamamoto,sakura.yamamoto.8836@customer360.test,+1-555-836-3932,active,55-64,Sapporo,JP,sms
Hamish James,Hayes,hamish-james.hayes.8837@customer360.test,+1-555-837-3969,active,45-54,Adelaide,AU,push
Sofia,Molina,sofia.molina.8838@customer360.test,+1-555-838-4006,active,35-44,Bilbao,ES,push
Aditi,Kulkarni,aditi.kulkarni.8839@customer360.test,+1-555-839-4043,active,35-44,Mumbai,IN,push
Daan,Van Dijk,daan.van-dijk.8840@customer360.test,+1-555-840-4080,active,25-34,Utrecht,NL,push
Amelia,Sinclair,amelia.sinclair.8841@customer360.test,+1-555-841-4117,active,45-54,Glasgow,GB,email
Mei,Nakamura,mei.nakamura.8842@customer360.test,+1-555-842-4154,active,18-24,Tokyo,JP,email
Sophie,Hartmann,sophie.hartmann.8843@customer360.test,+1-555-843-4191,active,35-44,Cologne,DE,email
Lucia,Garcia,lucia.garcia.8844@customer360.test,+1-555-844-4228,active,55-64,Valencia,ES,push
Aditi,Mehta,aditi.mehta.8845@customer360.test,+1-555-845-4265,active,25-34,Chennai,IN,sms
Nisha,Chatterjee,nisha.chatterjee.8846@customer360.test,+1-555-846-4302,active,25-34,Ahmedabad,IN,sms
Davide,Costa,davide.costa.8847@customer360.test,+1-555-847-4339,inactive,25-34,Milan,IT,email
Sana,Malhotra,sana.malhotra.8848@customer360.test,+1-555-848-4376,active,18-24,Chennai,IN,sms
Marie,Becker,marie.becker.8849@customer360.test,+1-555-849-4413,active,25-34,Stuttgart,DE,email
Sanne,Meijer,sanne.meijer.8850@customer360.test,+1-555-850-4450,active,45-54,Eindhoven,NL,email
Zoe,Collins,zoe.collins.8851@customer360.test,+1-555-851-4487,active,45-54,Portland,US,push
Grace,McKenzie,grace.mckenzie.8852@customer360.test,+1-555-852-4524,active,45-54,Perth,AU,push
Giulia Luca,Rossi,giulia-luca.rossi.8853@customer360.test,+1-555-853-4561,active,18-24,Rome,IT,push
Ishita,Pillai,ishita.pillai.8854@customer360.test,+1-555-854-4598,active,25-34,Hyderabad,IN,sms
Gabriel,Fontaine,gabriel.fontaine.8855@customer360.test,+1-555-855-4635,active,35-44,Nantes,FR,email
Arjun,Kapoor,arjun.kapoor.8856@customer360.test,+1-555-856-4672,active,45-54,Pune,IN,sms
Ruby,Whitmore,ruby.whitmore.8857@customer360.test,+1-555-857-4709,active,25-34,Manchester,GB,push
Tommaso Giovanni,Esposito,tommaso-giovanni.esposito.8858@customer360.test,+1-555-858-4746,active,55-64,Rome,IT,push
Nora,Cooper,nora.cooper.8859@customer360.test,+1-555-859-4783,active,45-54,Portland,US,sms
Avery,Mitchell,avery.mitchell.8860@customer360.test,+1-555-860-4820,active,55-64,Seattle,US,sms
Daniel Elena,Vargas,daniel-elena.vargas.8861@customer360.test,+1-555-861-4857,active,18-24,Guadalajara,MX,push
Ines,Lefevre,ines.lefevre.8862@customer360.test,+1-555-862-4894,active,25-34,Lille,FR,email
Ayanda,Mthembu,ayanda.mthembu.8863@customer360.test,+1-555-863-4931,active,18-24,Durban,ZA,sms
Lucas,De Boer,lucas.de-boer.8864@customer360.test,+1-555-864-4968,active,25-34,Rotterdam,NL,push
Sofia,Morales,sofia.morales.8865@customer360.test,+1-555-865-5005,active,35-44,Mexico City,MX,push
Valeria,Cervantes,valeria.cervantes.8866@customer360.test,+1-555-866-5042,active,25-34,Mexico City,MX,email
Aisha,Lim,aisha.lim.8867@customer360.test,+1-555-867-5079,active,25-34,Singapore,SG,email
Vivaan,Joshi,vivaan.joshi.8868@customer360.test,+1-555-868-5116,active,25-34,Pune,IN,push
Javier,Mendoza,javier.mendoza.8869@customer360.test,+1-555-869-5153,active,35-44,Mexico City,MX,push
Yuto,Suzuki,yuto.suzuki.8870@customer360.test,+1-555-870-5190,inactive,55-64,Fukuoka,JP,sms
Lucas,Barbosa,lucas.barbosa.8871@customer360.test,+1-555-871-5227,active,25-34,Sao Paulo,BR,push
Elena,Hernandez,elena.hernandez.8872@customer360.test,+1-555-872-5264,active,18-24,Monterrey,MX,sms
Sipho,Maseko,sipho.maseko.8873@customer360.test,+1-555-873-5301,active,55-64,Pretoria,ZA,push
Amelie Paul,Rousseau,amelie-paul.rousseau.8874@customer360.test,+1-555-874-5338,active,35-44,Paris,FR,sms
Harper,Parker,harper.parker.8875@customer360.test,+1-555-875-5375,active,35-44,Minneapolis,US,sms
Hina,Tanaka,hina.tanaka.8876@customer360.test,+1-555-876-5412,active,25-34,Yokohama,JP,push
Kaito,Yamada,kaito.yamada.8877@customer360.test,+1-555-877-5449,active,25-34,Nagoya,JP,push
Leah Anne,Sinclair,leah-anne.sinclair.8878@customer360.test,+1-555-878-5486,active,25-34,Halifax,CA,sms
Maeve,Fraser,maeve.fraser.8879@customer360.test,+1-555-879-5523,active,35-44,Toronto,CA,sms
Ethan Grace,Brooks,ethan-grace.brooks.8880@customer360.test,+1-555-880-5560,active,35-44,Minneapolis,US,push
Riku,Yamamoto,riku.yamamoto.8881@customer360.test,+1-555-881-5597,active,45-54,Kyoto,JP,email
Ayanda,Mokoena,ayanda.mokoena.8882@customer360.test,+1-555-882-5634,active,55-64,Cape Town,ZA,sms
Lucia Elena,Rios,lucia-elena.rios.8883@customer360.test,+1-555-883-5671,active,25-34,Guadalajara,MX,push
Isla,Morgan,isla.morgan.8884@customer360.test,+1-555-884-5708,inactive,25-34,Adelaide,AU,push
Ethan,Morgan,ethan.morgan.8885@customer360.test,+1-555-885-5745,active,35-44,Denver,US,sms
Giulia,Lombardi,giulia.lombardi.8886@customer360.test,+1-555-886-5782,active,25-34,Florence,IT,sms
Matilda James,McKenzie,matilda-james.mckenzie.8887@customer360.test,+1-555-887-5819,active,25-34,Adelaide,AU,sms
Tara,Sharma,tara.sharma.8888@customer360.test,+1-555-888-5856,active,25-34,Bengaluru,IN,email
Mateus Joao,Ribeiro,mateus-joao.ribeiro.8889@customer360.test,+1-555-889-5893,active,25-34,Brasilia,BR,email
Kavya,Menon,kavya.menon.8890@customer360.test,+1-555-890-5930,active,45-54,Delhi,IN,email
Naomi,Brooks,naomi.brooks.8891@customer360.test,+1-555-891-5967,active,55-64,Austin,US,email
Hugo Edward,Mercer,hugo-edward.mercer.8892@customer360.test,+1-555-892-6004,active,35-44,London,GB,sms
Camille,Blanc,camille.blanc.8893@customer360.test,+1-555-893-6041,active,25-34,Nantes,FR,push
Mei Lin,Koh,mei-lin.koh.8894@customer360.test,+1-555-894-6078,active,25-34,Singapore,SG,sms
Liam,Mercer,liam.mercer.8895@customer360.test,+1-555-895-6115,active,18-24,Vancouver,CA,push
Arjun,Nair,arjun.nair.8896@customer360.test,+1-555-896-6152,active,18-24,Kolkata,IN,push
Valeria,Ortega,valeria.ortega.8897@customer360.test,+1-555-897-6189,active,45-54,Barcelona,ES,sms
Daiki,Yoshida,daiki.yoshida.8898@customer360.test,+1-555-898-6226,active,25-34,Nagoya,JP,push
Aditi,Rao,aditi.rao.8899@customer360.test,+1-555-899-6263,active,25-34,Kolkata,IN,email
Isla,Chapman,isla.chapman.8900@customer360.test,+1-555-900-6300,active,18-24,London,GB,email
Lena,Brooks,lena.brooks.8901@customer360.test,+1-555-901-6337,active,18-24,Portland,US,email
Elena,Serrano,elena.serrano.8902@customer360.test,+1-555-902-6374,active,35-44,Guadalajara,MX,email
Diego Maria,Rojas,diego-maria.rojas.8903@customer360.test,+1-555-903-6411,inactive,55-64,Bilbao,ES,email
Nora,Collins,nora.collins.8904@customer360.test,+1-555-904-6448,active,25-34,Chicago,US,email
Harper,Turner,harper.turner.8905@customer360.test,+1-555-905-6485,active,35-44,Seattle,US,email
Diego,Castro,diego.castro.8906@customer360.test,+1-555-906-6522,active,35-44,Madrid,ES,sms
Mateo,Rojas,mateo.rojas.8907@customer360.test,+1-555-907-6559,active,18-24,Valencia,ES,sms
Evie,Fletcher,evie.fletcher.8908@customer360.test,+1-555-908-6596,active,18-24,Leeds,GB,push
Ethan,Cooper,ethan.cooper.8909@customer360.test,+1-555-909-6633,active,25-34,Minneapolis,US,push
Yuto,Tanaka,yuto.tanaka.8910@customer360.test,+1-555-910-6670,active,25-34,Sapporo,JP,sms
Hugo,Molina,hugo.molina.8911@customer360.test,+1-555-911-6707,active,55-64,Bilbao,ES,sms
Thiago,Almeida,thiago.almeida.8912@customer360.test,+1-555-912-6744,active,45-54,Sao Paulo,BR,email
Sana,Kapoor,sana.kapoor.8913@customer360.test,+1-555-913-6781,active,35-44,Chennai,IN,push
Thabo Lee,Nkosi,thabo-lee.nkosi.8914@customer360.test,+1-555-914-6818,active,25-34,Durban,ZA,email
Caio,Mendes,caio.mendes.8915@customer360.test,+1-555-915-6855,active,35-44,Rio de Janeiro,BR,sms
Haruto,Yoshida,haruto.yoshida.8916@customer360.test,+1-555-916-6892,active,18-24,Nagoya,JP,sms
Kabir,Iyer,kabir.iyer.8917@customer360.test,+1-555-917-6929,active,35-44,Chennai,IN,push
Chloe,Beaulieu,chloe.beaulieu.8918@customer360.test,+1-555-918-6966,active,35-44,Montreal,CA,sms
Theo,Whitmore,theo.whitmore.8919@customer360.test,+1-555-919-7003,active,25-34,London,GB,push
Kabir Riya,Iyer,kabir-riya.iyer.8920@customer360.test,+1-555-920-7040,active,25-34,Ahmedabad,IN,push
Amelie Marie,Mercier,amelie-marie.mercier.8921@customer360.test,+1-555-921-7077,active,25-34,Toulouse,FR,sms
Lachlan,Hayes,lachlan.hayes.8922@customer360.test,+1-555-922-7114,active,25-34,Perth,AU,sms
Grace,Sullivan,grace.sullivan.8923@customer360.test,+1-555-923-7151,active,55-64,Brisbane,AU,email
Arjun,Malhotra,arjun.malhotra.8924@customer360.test,+1-555-924-7188,active,35-44,Kolkata,IN,sms
Elisa,Moretti,elisa.moretti.8925@customer360.test,+1-555-925-7225,active,45-54,Bologna,IT,sms
Finn Sofie,Jansen,finn-sofie.jansen.8926@customer360.test,+1-555-926-7262,active,25-34,Utrecht,NL,email
Meera,Rao,meera.rao.8927@customer360.test,+1-555-927-7299,active,25-34,Kolkata,IN,email
Maximilian,Keller,maximilian.keller.8928@customer360.test,+1-555-928-7336,active,18-24,Stuttgart,DE,email
Camille,Marchand,camille.marchand.8929@customer360.test,+1-555-929-7373,active,18-24,Lyon,FR,push
Mia,Wallace,mia.wallace.8930@customer360.test,+1-555-930-7410,active,35-44,Perth,AU,sms
Camila,Araujo,camila.araujo.8931@customer360.test,+1-555-931-7447,active,25-34,Salvador,BR,email
Chiara,Romano,chiara.romano.8932@customer360.test,+1-555-932-7484,active,18-24,Bologna,IT,sms
Clara,Neumann,clara.neumann.8933@customer360.test,+1-555-933-7521,active,18-24,Cologne,DE,push
Amelie,Beaulieu,amelie.beaulieu.8934@customer360.test,+1-555-934-7558,active,25-34,Montreal,CA,push
Haruto Hiro,Ito,haruto-hiro.ito.8935@customer360.test,+1-555-935-7595,active,25-34,Sapporo,JP,sms
Manon,Marchand,manon.marchand.8936@customer360.test,+1-555-936-7632,active,45-54,Lyon,FR,push
Evie,Hughes,evie.hughes.8937@customer360.test,+1-555-937-7669,active,35-44,Bristol,GB,email
Aoi,Kato,aoi.kato.8938@customer360.test,+1-555-938-7706,active,25-34,Sapporo,JP,sms
Theo,Hughes,theo.hughes.8939@customer360.test,+1-555-939-7743,active,25-34,Leeds,GB,push
Sana,Menon,sana.menon.8940@customer360.test,+1-555-940-7780,active,25-34,Hyderabad,IN,email
Alba,Garcia,alba.garcia.8941@customer360.test,+1-555-941-7817,active,25-34,Malaga,ES,sms
Aditya Neel,Saxena,aditya-neel.saxena.8942@customer360.test,+1-555-942-7854,active,55-64,Pune,IN,sms
Mei,Takahashi,mei.takahashi.8943@customer360.test,+1-555-943-7891,active,45-54,Osaka,JP,email
Ethan,Collins,ethan.collins.8944@customer360.test,+1-555-944-7928,active,35-44,Chicago,US,email
Leo Maria,Vega,leo-maria.vega.8945@customer360.test,+1-555-945-7965,active,35-44,Bilbao,ES,sms
Caio,Barbosa,caio.barbosa.8946@customer360.test,+1-555-946-8002,active,25-34,Porto Alegre,BR,email
Pablo,Marin,pablo.marin.8947@customer360.test,+1-555-947-8039,active,25-34,Bilbao,ES,sms
Daniel,Vidal,daniel.vidal.8948@customer360.test,+1-555-948-8076,active,25-34,Valencia,ES,email
Elena,Rios,elena.rios.8949@customer360.test,+1-555-949-8113,active,25-34,Monterrey,MX,email
Meera,Nair,meera.nair.8950@customer360.test,+1-555-950-8150,inactive,45-54,Kolkata,IN,email
Maisie,Chapman,maisie.chapman.8951@customer360.test,+1-555-951-8187,active,35-44,Leeds,GB,sms
Aditi,Saxena,aditi.saxena.8952@customer360.test,+1-555-952-8224,active,45-54,Kolkata,IN,push
Hamish,Anderson,hamish.anderson.8953@customer360.test,+1-555-953-8261,active,25-34,Perth,AU,sms
Jonas,Hartmann,jonas.hartmann.8954@customer360.test,+1-555-954-8298,active,35-44,Stuttgart,DE,email
Valeria,Ortega,valeria.ortega.8955@customer360.test,+1-555-955-8335,active,35-44,Guadalajara,MX,email
Sofia,Mendoza,sofia.mendoza.8956@customer360.test,+1-555-956-8372,active,18-24,Merida,MX,email
Amelie,Dubois,amelie.dubois.8957@customer360.test,+1-555-957-8409,active,55-64,Marseille,FR,email
Beatrice,Lombardi,beatrice.lombardi.8958@customer360.test,+1-555-958-8446,active,18-24,Rome,IT,sms
Rohan,Mehta,rohan.mehta.8959@customer360.test,+1-555-959-8483,active,45-54,Kochi,IN,email
Sana,Menon,sana.menon.8960@customer360.test,+1-555-960-8520,active,35-44,Hyderabad,IN,email
Cameron,Reed,cameron.reed.8961@customer360.test,+1-555-961-8557,active,55-64,Philadelphia,US,sms
Paul,Becker,paul.becker.8962@customer360.test,+1-555-962-8594,active,45-54,Cologne,DE,email
Kavya,Iyer,kavya.iyer.8963@customer360.test,+1-555-963-8631,active,55-64,Mumbai,IN,sms
Tara,Desai,tara.desai.8964@customer360.test,+1-555-964-8668,active,18-24,Jaipur,IN,email
Chloe,Poirier,chloe.poirier.8965@customer360.test,+1-555-965-8705,active,35-44,Vancouver,CA,push
Ishaan,Joshi,ishaan.joshi.8966@customer360.test,+1-555-966-8742,active,35-44,Chennai,IN,email
Ines,Moreau,ines.moreau.8967@customer360.test,+1-555-967-8779,active,18-24,Lille,FR,push
Finn,Hayes,finn.hayes.8968@customer360.test,+1-555-968-8816,active,55-64,Brisbane,AU,push
Sienna James,Anderson,sienna-james.anderson.8969@customer360.test,+1-555-969-8853,active,25-34,Brisbane,AU,email
Vivaan,Iyer,vivaan.iyer.8970@customer360.test,+1-555-970-8890,active,25-34,Ahmedabad,IN,email
Leonie,Laurent,leonie.laurent.8971@customer360.test,+1-555-971-8927,active,25-34,Toulouse,FR,sms
Lorenzo,Esposito,lorenzo.esposito.8972@customer360.test,+1-555-972-8964,active,25-34,Bologna,IT,push
Arjun,Mehta,arjun.mehta.8973@customer360.test,+1-555-973-9001,active,35-44,Bengaluru,IN,sms
Maisie,Griffiths,maisie.griffiths.8974@customer360.test,+1-555-974-9038,active,45-54,Manchester,GB,push
Avery,Ward,avery.ward.8975@customer360.test,+1-555-975-9075,active,45-54,San Diego,US,email
Rin,Tanaka,rin.tanaka.8976@customer360.test,+1-555-976-9112,active,18-24,Yokohama,JP,email
Helena,Martins,helena.martins.8977@customer360.test,+1-555-977-9149,active,35-44,Salvador,BR,email
Javier,Mendoza,javier.mendoza.8978@customer360.test,+1-555-978-9186,active,45-54,Merida,MX,push
Ethan,Rahman,ethan.rahman.8979@customer360.test,+1-555-979-9223,active,25-34,Singapore,SG,sms
Ruby,Fletcher,ruby.fletcher.8980@customer360.test,+1-555-980-9260,active,55-64,Glasgow,GB,email
Lotte Jan,Meijer,lotte-jan.meijer.8981@customer360.test,+1-555-981-9297,inactive,25-34,Groningen,NL,push
Callum,Morgan,callum.morgan.8982@customer360.test,+1-555-982-9334,active,25-34,Canberra,AU,sms
Ren,Sato,ren.sato.8983@customer360.test,+1-555-983-9371,active,35-44,Osaka,JP,sms
Aurora,Bianchi,aurora.bianchi.8984@customer360.test,+1-555-984-9408,active,25-34,Milan,IT,sms
Emiliano,Navarro,emiliano.navarro.8985@customer360.test,+1-555-985-9445,active,55-64,Queretaro,MX,email
Aditi,Desai,aditi.desai.8986@customer360.test,+1-555-986-9482,active,25-34,Pune,IN,email
Ruby,Mercer,ruby.mercer.8987@customer360.test,+1-555-987-9519,active,25-34,Manchester,GB,push
Nora,Hayes,nora.hayes.8988@customer360.test,+1-555-988-9556,active,25-34,Portland,US,sms
Siti Rui,Teo,siti-rui.teo.8989@customer360.test,+1-555-989-9593,inactive,25-34,Singapore,SG,push
Parker Grace,Carter,parker-grace.carter.8990@customer360.test,+1-555-990-9630,active,45-54,Austin,US,email
Nur,Wong,nur.wong.8991@customer360.test,+1-555-991-9667,active,18-24,Singapore,SG,email
Arjun,Iyer,arjun.iyer.8992@customer360.test,+1-555-992-9704,active,35-44,Hyderabad,IN,sms
Jia En,Ismail,jia-en.ismail.8993@customer360.test,+1-555-993-9741,active,25-34,Singapore,SG,email
Beatrice,Romano,beatrice.romano.8994@customer360.test,+1-555-994-9778,inactive,18-24,Milan,IT,email
Zoe Marie,Russell,zoe-marie.russell.8995@customer360.test,+1-555-995-9815,inactive,35-44,Seattle,US,sms
Ishaan Kiran,Kulkarni,ishaan-kiran.kulkarni.8996@customer360.test,+1-555-996-9852,active,25-34,Delhi,IN,email
Kavya,Bhat,kavya.bhat.8997@customer360.test,+1-555-997-9889,active,45-54,Ahmedabad,IN,push
Clara,Lefevre,clara.lefevre.8998@customer360.test,+1-555-998-9926,active,35-44,Toulouse,FR,push
Sofia,Hernandez,sofia.hernandez.8999@customer360.test,+1-555-999-9963,active,45-54,Mexico City,MX,sms
Aarav Dev,Iyer,aarav-dev.iyer.9000@customer360.test,+1-555-100-1000,active,35-44,Bengaluru,IN,email
Emiliano,Morales,emiliano.morales.9001@customer360.test,+1-555-101-1037,active,25-34,Merida,MX,email
Sem,Visser,sem.visser.9002@customer360.test,+1-555-102-1074,active,55-64,Utrecht,NL,push
Sofia,Castro,sofia.castro.9003@customer360.test,+1-555-103-1111,active,45-54,Malaga,ES,sms
Bram,Vos,bram.vos.9004@customer360.test,+1-555-104-1148,active,35-44,Rotterdam,NL,email
Elias,Bouchard,elias.bouchard.9005@customer360.test,+1-555-105-1185,inactive,25-34,Ottawa,CA,sms
Renata,Rios,renata.rios.9006@customer360.test,+1-555-106-1222,active,25-34,Mexico City,MX,email
Wei Ming,Lee,wei-ming.lee.9007@customer360.test,+1-555-107-1259,active,18-24,Singapore,SG,email
Vega,Ortega,vega.ortega.9008@customer360.test,+1-555-108-1296,active,45-54,Malaga,ES,email
Nana,Suzuki,nana.suzuki.9009@customer360.test,+1-555-109-1333,inactive,18-24,Kyoto,JP,sms
Taylor Marie,Collins,taylor-marie.collins.9010@customer360.test,+1-555-110-1370,active,25-34,Chicago,US,sms
Eva,Mulder,eva.mulder.9011@customer360.test,+1-555-111-1407,active,55-64,Utrecht,NL,push
Helena,Carvalho,helena.carvalho.9012@customer360.test,+1-555-112-1444,active,45-54,Sao Paulo,BR,push
Helena,Nogueira,helena.nogueira.9013@customer360.test,+1-555-113-1481,active,45-54,Rio de Janeiro,BR,push
Gabriel,Almeida,gabriel.almeida.9014@customer360.test,+1-555-114-1518,inactive,25-34,Porto Alegre,BR,sms
Nisha,Iyer,nisha.iyer.9015@customer360.test,+1-555-115-1555,active,35-44,Chennai,IN,sms
Isla,Clarke,isla.clarke.9016@customer360.test,+1-555-116-1592,active,35-44,Adelaide,AU,sms
Kabir Priya,Joshi,kabir-priya.joshi.9017@customer360.test,+1-555-117-1629,active,18-24,Kolkata,IN,push
Oliver,Griffiths,oliver.griffiths.9018@customer360.test,+1-555-118-1666,active,18-24,Leeds,GB,sms
Sophie,Becker,sophie.becker.9019@customer360.test,+1-555-119-1703,active,35-44,Frankfurt,DE,email
Naomi,Turner,naomi.turner.9020@customer360.test,+1-555-120-1740,active,35-44,Denver,US,sms
Aarav,Kulkarni,aarav.kulkarni.9021@customer360.test,+1-555-121-1777,active,25-34,Jaipur,IN,sms
Milan Marie,De Vries,milan-marie.de-vries.9022@customer360.test,+1-555-122-1814,active,18-24,Rotterdam,NL,email
Alba Jose,Iglesias,alba-jose.iglesias.9023@customer360.test,+1-555-123-1851,active,45-54,Valencia,ES,push
Mateo,Rojas,mateo.rojas.9024@customer360.test,+1-555-124-1888,active,25-34,Barcelona,ES,sms
Hannah,Richter,hannah.richter.9025@customer360.test,+1-555-125-1925,active,25-34,Munich,DE,sms
Gabriel,Moreau,gabriel.moreau.9026@customer360.test,+1-555-126-1962,active,25-34,Marseille,FR,email
Ethan Grace,Botha,ethan-grace.botha.9027@customer360.test,+1-555-127-1999,active,35-44,Pretoria,ZA,push
Evie,Chapman,evie.chapman.9028@customer360.test,+1-555-128-2036,active,55-64,Glasgow,GB,push
Javier,Fuentes,javier.fuentes.9029@customer360.test,+1-555-129-2073,active,45-54,Guadalajara,MX,push
Nina,Vos,nina.vos.9030@customer360.test,+1-555-130-2110,active,55-64,Groningen,NL,sms
Theo,Dubois,theo.dubois.9031@customer360.test,+1-555-131-2147,active,45-54,Marseille,FR,email
Mei,Takahashi,mei.takahashi.9032@customer360.test,+1-555-132-2184,inactive,25-34,Kyoto,JP,sms
Santiago,Rios,santiago.rios.9033@customer360.test,+1-555-133-2221,active,18-24,Mexico City,MX,push
Reyansh,Iyer,reyansh.iyer.9034@customer360.test,+1-555-134-2258,active,35-44,Jaipur,IN,push
Hugo,Griffiths,hugo.griffiths.9035@customer360.test,+1-555-135-2295,active,35-44,Manchester,GB,push
Evie,Fletcher,evie.fletcher.9036@customer360.test,+1-555-136-2332,active,25-34,Bristol,GB,push
Aditya,Chatterjee,aditya.chatterjee.9037@customer360.test,+1-555-137-2369,active,18-24,Pune,IN,push
Avery Grace,Hayes,avery-grace.hayes.9038@customer360.test,+1-555-138-2406,active,55-64,Chicago,US,sms
Imogen,Bennett,imogen.bennett.9039@customer360.test,+1-555-139-2443,active,55-64,Edinburgh,GB,email
Rin Aya,Takahashi,rin-aya.takahashi.9040@customer360.test,+1-555-140-2480,active,55-64,Nagoya,JP,email
Poppy Louise,Crawford,poppy-louise.crawford.9041@customer360.test,+1-555-141-2517,inactive,25-34,Bristol,GB,sms
Tara,Joshi,tara.joshi.9042@customer360.test,+1-555-142-2554,active,18-24,Mumbai,IN,push
Elena,Serrano,elena.serrano.9043@customer360.test,+1-555-143-2591,active,45-54,Mexico City,MX,sms
Logan,Hayes,logan.hayes.9044@customer360.test,+1-555-144-2628,active,45-54,Seattle,US,email
Camille,Lefevre,camille.lefevre.9045@customer360.test,+1-555-145-2665,active,45-54,Bordeaux,FR,push
Thiago,Barbosa,thiago.barbosa.9046@customer360.test,+1-555-146-2702,active,35-44,Brasilia,BR,sms
Javier,Castillo,javier.castillo.9047@customer360.test,+1-555-147-2739,active,25-34,Mexico City,MX,sms
Noah Johann,Kruger,noah-johann.kruger.9048@customer360.test,+1-555-148-2776,active,25-34,Hamburg,DE,sms
Jesse,Jansen,jesse.jansen.9049@customer360.test,+1-555-149-2813,active,45-54,Groningen,NL,sms
Amelia,Fletcher,amelia.fletcher.9050@customer360.test,+1-555-150-2850,inactive,25-34,Bristol,GB,email
Elliot,Fletcher,elliot.fletcher.9051@customer360.test,+1-555-151-2887,active,35-44,Brisbane,AU,push
Clara,Dubois,clara.dubois.9052@customer360.test,+1-555-152-2924,active,18-24,Nantes,FR,sms
Yuto Ken,Sato,yuto-ken.sato.9053@customer360.test,+1-555-153-2961,active,18-24,Fukuoka,JP,email
Pablo,Castro,pablo.castro.9054@customer360.test,+1-555-154-2998,active,35-44,Barcelona,ES,push
Meera,Rao,meera.rao.9055@customer360.test,+1-555-155-3035,active,25-34,Pune,IN,email
Matilda,McKenzie,matilda.mckenzie.9056@customer360.test,+1-555-156-3072,active,35-44,Brisbane,AU,sms
Ethan Min,Chua,ethan-min.chua.9057@customer360.test,+1-555-157-3109,inactive,35-44,Singapore,SG,push
Ren,Takahashi,ren.takahashi.9058@customer360.test,+1-555-158-3146,active,25-34,Fukuoka,JP,email
Mila,Brandt,mila.brandt.9059@customer360.test,+1-555-159-3183,active,25-34,Munich,DE,sms
Lucas,Meijer,lucas.meijer.9060@customer360.test,+1-555-160-3220,active,35-44,Utrecht,NL,email
Tara,Menon,tara.menon.9061@customer360.test,+1-555-161-3257,active,18-24,Chennai,IN,sms
Riku Aya,Sato,riku-aya.sato.9062@customer360.test,+1-555-162-3294,active,35-44,Fukuoka,JP,sms
Diya,Menon,diya.menon.9063@customer360.test,+1-555-163-3331,active,18-24,Jaipur,IN,push
Tommaso,Ferrari,tommaso.ferrari.9064@customer360.test,+1-555-164-3368,active,45-54,Naples,IT,push
Haruto Hiro,Sato,haruto-hiro.sato.9065@customer360.test,+1-555-165-3405,active,25-34,Sapporo,JP,push
Luiza,Teixeira,luiza.teixeira.9066@customer360.test,+1-555-166-3442,active,25-34,Porto Alegre,BR,push
Nina,Visser,nina.visser.9067@customer360.test,+1-555-167-3479,active,35-44,Rotterdam,NL,sms
Luiza,Martins,luiza.martins.9068@customer360.test,+1-555-168-3516,active,18-24,Salvador,BR,email
Nora Grace,Collins,nora-grace.collins.9069@customer360.test,+1-555-169-3553,active,18-24,Minneapolis,US,sms
Jordan James,Hayes,jordan-james.hayes.9070@customer360.test,+1-555-170-3590,active,45-54,Chicago,US,push
Leonie,Dubois,leonie.dubois.9071@customer360.test,+1-555-171-3627,active,35-44,Toulouse,FR,email
Aditi,Desai,aditi.desai.9072@customer360.test,+1-555-172-3664,active,35-44,Kolkata,IN,push
Ishaan,Kulkarni,ishaan.kulkarni.9073@customer360.test,+1-555-173-3701,active,18-24,Bengaluru,IN,email
Hina,Kato,hina.kato.9074@customer360.test,+1-555-174-3738,active,18-24,Tokyo,JP,sms
Theo,Sinclair,theo.sinclair.9075@customer360.test,+1-555-175-3775,active,55-64,Manchester,GB,sms
Mei,Nakamura,mei.nakamura.9076@customer360.test,+1-555-176-3812,active,45-54,Osaka,JP,push
Ruby Rose,Griffiths,ruby-rose.griffiths.9077@customer360.test,+1-555-177-3849,active,35-44,London,GB,push
Camila,Fuentes,camila.fuentes.9078@customer360.test,+1-555-178-3886,active,35-44,Merida,MX,email
Ishaan,Desai,ishaan.desai.9079@customer360.test,+1-555-179-3923,active,35-44,Ahmedabad,IN,push
Isla,Sinclair,isla.sinclair.9080@customer360.test,+1-555-180-3960,active,25-34,Leeds,GB,email
Leo,Ortega,leo.ortega.9081@customer360.test,+1-555-181-3997,active,45-54,Barcelona,ES,sms
Riley,Bennett,riley.bennett.9082@customer360.test,+1-555-182-4034,active,25-34,Chicago,US,sms
Jack James,Morgan,jack-james.morgan.9083@customer360.test,+1-555-183-4071,active,35-44,Adelaide,AU,email
Nana,Yoshida,nana.yoshida.9084@customer360.test,+1-555-184-4108,active,25-34,Osaka,JP,push
Rohan,Sharma,rohan.sharma.9085@customer360.test,+1-555-185-4145,active,25-34,Kochi,IN,email
Anaya,Rao,anaya.rao.9086@customer360.test,+1-555-186-4182,active,35-44,Mumbai,IN,email
Leon,Keller,leon.keller.9087@customer360.test,+1-555-187-4219,active,18-24,Hamburg,DE,sms
Santiago,Ortega,santiago.ortega.9088@customer360.test,+1-555-188-4256,active,35-44,Mexico City,MX,email
Ines,Marchand,ines.marchand.9089@customer360.test,+1-555-189-4293,active,55-64,Bordeaux,FR,push
Leonardo Luca,Marino,leonardo-luca.marino.9090@customer360.test,+1-555-190-4330,active,18-24,Milan,IT,push
Clara,Lavoie,clara.lavoie.9091@customer360.test,+1-555-191-4367,active,25-34,Calgary,CA,email
Diego Maria,Fuentes,diego-maria.fuentes.9092@customer360.test,+1-555-192-4404,active,25-34,Mexico City,MX,email
Sipho,Maseko,sipho.maseko.9093@customer360.test,+1-555-193-4441,active,35-44,Pretoria,ZA,sms
Tess,Jansen,tess.jansen.9094@customer360.test,+1-555-194-4478,active,35-44,Utrecht,NL,push
Vivaan,Nair,vivaan.nair.9095@customer360.test,+1-555-195-4515,active,55-64,Kolkata,IN,push
Hina,Kobayashi,hina.kobayashi.9096@customer360.test,+1-555-196-4552,active,25-34,Tokyo,JP,push
Beatriz Clara,Barbosa,beatriz-clara.barbosa.9097@customer360.test,+1-555-197-4589,active,25-34,Sao Paulo,BR,sms
Morgan James,Turner,morgan-james.turner.9098@customer360.test,+1-555-198-4626,active,18-24,Denver,US,email
Isabela,Carvalho,isabela.carvalho.9099@customer360.test,+1-555-199-4663,active,55-64,Curitiba,BR,email
Diya,Iyer,diya.iyer.9100@customer360.test,+1-555-200-4700,active,35-44,Pune,IN,push
Aiden James,Mabena,aiden-james.mabena.9101@customer360.test,+1-555-201-4737,active,45-54,Gqeberha,ZA,sms
Leo,Vidal,leo.vidal.9102@customer360.test,+1-555-202-4774,active,45-54,Seville,ES,email
Amelie,Brandt,amelie.brandt.9103@customer360.test,+1-555-203-4811,active,35-44,Cologne,DE,sms
Vega,Vidal,vega.vidal.9104@customer360.test,+1-555-204-4848,active,35-44,Madrid,ES,sms
Mathis Marie,Girard,mathis-marie.girard.9105@customer360.test,+1-555-205-4885,inactive,55-64,Lyon,FR,email
Noah,Bennett,noah.bennett.9106@customer360.test,+1-555-206-4922,active,35-44,Edmonton,CA,sms
George,Sinclair,george.sinclair.9107@customer360.test,+1-555-207-4959,active,45-54,London,GB,sms
Ines,Girard,ines.girard.9108@customer360.test,+1-555-208-4996,active,25-34,Lyon,FR,push
Anaya,Rao,anaya.rao.9109@customer360.test,+1-555-209-5033,active,35-44,Jaipur,IN,push
Kaito,Kato,kaito.kato.9110@customer360.test,+1-555-210-5070,active,35-44,Nagoya,JP,sms
Caio,Almeida,caio.almeida.9111@customer360.test,+1-555-211-5107,active,35-44,Recife,BR,push
Alice,Marino,alice.marino.9112@customer360.test,+1-555-212-5144,active,25-34,Turin,IT,push
Isabela,Costa,isabela.costa.9113@customer360.test,+1-555-213-5181,active,25-34,Porto Alegre,BR,email
Enzo,Nogueira,enzo.nogueira.9114@customer360.test,+1-555-214-5218,active,45-54,Recife,BR,push
Amelie,Moreau,amelie.moreau.9115@customer360.test,+1-555-215-5255,inactive,55-64,Marseille,FR,sms
Chloe Marie,Bennett,chloe-marie.bennett.9116@customer360.test,+1-555-216-5292,active,25-34,Halifax,CA,push
Naomi,Bennett,naomi.bennett.9117@customer360.test,+1-555-217-5329,active,35-44,Austin,US,email
Sofia Luis,Rios,sofia-luis.rios.9118@customer360.test,+1-555-218-5366,active,25-34,Monterrey,MX,push
Tara Riya,Nair,tara-riya.nair.9119@customer360.test,+1-555-219-5403,active,25-34,Kolkata,IN,email
Noor Jan,Bos,noor-jan.bos.9120@customer360.test,+1-555-220-5440,active,25-34,Utrecht,NL,sms
Maya,Mthembu,maya.mthembu.9121@customer360.test,+1-555-221-5477,active,25-34,Durban,ZA,push
Nisha Raj,Sharma,nisha-raj.sharma.9122@customer360.test,+1-555-222-5514,active,25-34,Mumbai,IN,sms
Mei Lin,Goh,mei-lin.goh.9123@customer360.test,+1-555-223-5551,active,35-44,Singapore,SG,sms
Sienna,Bennett,sienna.bennett.9124@customer360.test,+1-555-224-5588,active,25-34,Hobart,AU,email
George,Hughes,george.hughes.9125@customer360.test,+1-555-225-5625,active,45-54,Bristol,GB,email
Sofia,Lombardi,sofia.lombardi.9126@customer360.test,+1-555-226-5662,active,35-44,Milan,IT,sms
Luiza,Oliveira,luiza.oliveira.9127@customer360.test,+1-555-227-5699,active,35-44,Sao Paulo,BR,push
Mathis,Rousseau,mathis.rousseau.9128@customer360.test,+1-555-228-5736,active,45-54,Paris,FR,sms
Parker,Bailey,parker.bailey.9129@customer360.test,+1-555-229-5773,active,45-54,San Diego,US,push
Kabir,Malhotra,kabir.malhotra.9130@customer360.test,+1-555-230-5810,active,25-34,Jaipur,IN,sms
Grace Rose,Hayes,grace-rose.hayes.9131@customer360.test,+1-555-231-5847,active,35-44,Canberra,AU,sms
Oliver Louise,Chapman,oliver-louise.chapman.9132@customer360.test,+1-555-232-5884,inactive,25-34,London,GB,push
Ishita,Menon,ishita.menon.9133@customer360.test,+1-555-233-5921,active,25-34,Kolkata,IN,email
Bram,Visser,bram.visser.9134@customer360.test,+1-555-234-5958,active,18-24,Groningen,NL,email
Freya Jane,Mercer,freya-jane.mercer.9135@customer360.test,+1-555-235-5995,active,45-54,Bristol,GB,push
Helena,Mendes,helena.mendes.9136@customer360.test,+1-555-236-6032,active,25-34,Rio de Janeiro,BR,push
Bram,Mulder,bram.mulder.9137@customer360.test,+1-555-237-6069,active,45-54,Amsterdam,NL,sms
Poppy,Mercer,poppy.mercer.9138@customer360.test,+1-555-238-6106,active,18-24,Manchester,GB,push
Emiliano,Hernandez,emiliano.hernandez.9139@customer360.test,+1-555-239-6143,active,25-34,Mexico City,MX,email
Santiago,Hernandez,santiago.hernandez.9140@customer360.test,+1-555-240-6180,active,35-44,Guadalajara,MX,push
Miles,Mitchell,miles.mitchell.9141@customer360.test,+1-555-241-6217,active,55-64,San Diego,US,sms
Nora,Morgan,nora.morgan.9142@customer360.test,+1-555-242-6254,active,35-44,Atlanta,US,email
Giulia,Romano,giulia.romano.9143@customer360.test,+1-555-243-6291,active,55-64,Florence,IT,sms
Renata,Ortega,renata.ortega.9144@customer360.test,+1-555-244-6328,active,45-54,Monterrey,MX,sms
Maisie,Chapman,maisie.chapman.9145@customer360.test,+1-555-245-6365,active,35-44,Leeds,GB,sms
Mateo Luis,Delgado,mateo-luis.delgado.9146@customer360.test,+1-555-246-6402,active,35-44,Puebla,MX,push
Renata,Fuentes,renata.fuentes.9147@customer360.test,+1-555-247-6439,active,18-24,Monterrey,MX,sms
Caio,Mendes,caio.mendes.9148@customer360.test,+1-555-248-6476,active,35-44,Rio de Janeiro,BR,sms
Camila,Cervantes,camila.cervantes.9149@customer360.test,+1-555-249-6513,inactive,25-34,Merida,MX,email
Aditya,Chatterjee,aditya.chatterjee.9150@customer360.test,+1-555-250-6550,active,45-54,Pune,IN,push
Maya,Parker,maya.parker.9151@customer360.test,+1-555-251-6587,active,18-24,Atlanta,US,email
Eva,Vos,eva.vos.9152@customer360.test,+1-555-252-6624,active,45-54,Utrecht,NL,push
Lena,Reed,lena.reed.9153@customer360.test,+1-555-253-6661,active,55-64,Portland,US,push
Helena,Ribeiro,helena.ribeiro.9154@customer360.test,+1-555-254-6698,active,25-34,Curitiba,BR,email
Renata,Fuentes,renata.fuentes.9155@customer360.test,+1-555-255-6735,active,55-64,Monterrey,MX,push
Isabela,Martins,isabela.martins.9156@customer360.test,+1-555-256-6772,active,25-34,Recife,BR,email
Cooper,McKenzie,cooper.mckenzie.9157@customer360.test,+1-555-257-6809,active,45-54,Canberra,AU,sms
Grace,McKenzie,grace.mckenzie.9158@customer360.test,+1-555-258-6846,active,25-34,Perth,AU,sms
Ethan,Hayes,ethan.hayes.9159@customer360.test,+1-555-259-6883,active,55-64,Denver,US,email
Bram,Vos,bram.vos.9160@customer360.test,+1-555-260-6920,active,55-64,The Hague,NL,push
Zoe,Bennett,zoe.bennett.9161@customer360.test,+1-555-261-6957,active,35-44,San Diego,US,sms
Meera,Kapoor,meera.kapoor.9162@customer360.test,+1-555-262-6994,active,35-44,Jaipur,IN,push
Theo,Dubois,theo.dubois.9163@customer360.test,+1-555-263-7031,active,25-34,Bordeaux,FR,sms
Jack,Hayes,jack.hayes.9164@customer360.test,+1-555-264-7068,active,55-64,Brisbane,AU,sms
Dylan,Reed,dylan.reed.9165@customer360.test,+1-555-265-7105,active,25-34,Boston,US,push
Clara,Fraser,clara.fraser.9166@customer360.test,+1-555-266-7142,active,35-44,Ottawa,CA,email
Ryan,Teo,ryan.teo.9167@customer360.test,+1-555-267-7179,active,18-24,Singapore,SG,push
Marie,Vogel,marie.vogel.9168@customer360.test,+1-555-268-7216,active,45-54,Stuttgart,DE,email
Naledi,Maseko,naledi.maseko.9169@customer360.test,+1-555-269-7253,active,45-54,Durban,ZA,sms
Ruby Grace,McKenzie,ruby-grace.mckenzie.9170@customer360.test,+1-555-270-7290,active,18-24,Melbourne,AU,email
Elias Jean,Sinclair,elias-jean.sinclair.9171@customer360.test,+1-555-271-7327,active,25-34,Ottawa,CA,email
Kabir,Iyer,kabir.iyer.9172@customer360.test,+1-555-272-7364,active,35-44,Kolkata,IN,sms
Noah,Wagner,noah.wagner.9173@customer360.test,+1-555-273-7401,active,25-34,Leipzig,DE,sms
Isabela,Carvalho,isabela.carvalho.9174@customer360.test,+1-555-274-7438,active,35-44,Porto Alegre,BR,email
Mila Claire,Fournier,mila-claire.fournier.9175@customer360.test,+1-555-275-7475,active,35-44,Toronto,CA,push
Riku Ken,Kato,riku-ken.kato.9176@customer360.test,+1-555-276-7512,active,25-34,Sapporo,JP,email
Jia En,Ng,jia-en.ng.9177@customer360.test,+1-555-277-7549,active,35-44,Singapore,SG,push
Rin,Ito,rin.ito.9178@customer360.test,+1-555-278-7586,active,25-34,Osaka,JP,push
Ines,Girard,ines.girard.9179@customer360.test,+1-555-279-7623,active,55-64,Toulouse,FR,email
Parker Alex,Brooks,parker-alex.brooks.9180@customer360.test,+1-555-280-7660,active,35-44,Portland,US,sms
Vega,Serrano,vega.serrano.9181@customer360.test,+1-555-281-7697,active,35-44,Valencia,ES,push
Marie,Hoffmann,marie.hoffmann.9182@customer360.test,+1-555-282-7734,active,35-44,Hamburg,DE,sms
Alejandro Maria,Vargas,alejandro-maria.vargas.9183@customer360.test,+1-555-283-7771,active,45-54,Queretaro,MX,email
Kavya,Menon,kavya.menon.9184@customer360.test,+1-555-284-7808,active,18-24,Chennai,IN,sms
Lena,Hartmann,lena.hartmann.9185@customer360.test,+1-555-285-7845,active,25-34,Stuttgart,DE,sms
Amelia Louise,Bennett,amelia-louise.bennett.9186@customer360.test,+1-555-286-7882,active,25-34,London,GB,sms
Cheryl,Ong,cheryl.ong.9187@customer360.test,+1-555-287-7919,active,55-64,Singapore,SG,email
Riley,Turner,riley.turner.9188@customer360.test,+1-555-288-7956,active,55-64,Austin,US,sms
Finn,Jansen,finn.jansen.9189@customer360.test,+1-555-289-7993,active,25-34,The Hague,NL,push
Zinhle,Pillay,zinhle.pillay.9190@customer360.test,+1-555-290-8030,active,25-34,Durban,ZA,email
Finn,Bennett,finn.bennett.9191@customer360.test,+1-555-291-8067,active,55-64,Sydney,AU,sms
Clara,Chevalier,clara.chevalier.9192@customer360.test,+1-555-292-8104,active,25-34,Toulouse,FR,sms
Avery,Bennett,avery.bennett.9193@customer360.test,+1-555-293-8141,active,35-44,Minneapolis,US,push
Imogen,Ellis,imogen.ellis.9194@customer360.test,+1-555-294-8178,active,25-34,Birmingham,GB,email
Miles,Mitchell,miles.mitchell.9195@customer360.test,+1-555-295-8215,active,55-64,San Diego,US,email
Riku Hiro,Kato,riku-hiro.kato.9196@customer360.test,+1-555-296-8252,active,18-24,Yokohama,JP,email
Leo Carmen,Marin,leo-carmen.marin.9197@customer360.test,+1-555-297-8289,active,25-34,Bilbao,ES,sms
Mio,Nakamura,mio.nakamura.9198@customer360.test,+1-555-298-8326,active,18-24,Sapporo,JP,sms
Leo Jose,Serrano,leo-jose.serrano.9199@customer360.test,+1-555-299-8363,active,35-44,Madrid,ES,email
Isabela,Costa,isabela.costa.9200@customer360.test,+1-555-300-8400,active,35-44,Salvador,BR,push
Zara Grace,Hughes,zara-grace.hughes.9201@customer360.test,+1-555-301-8437,active,35-44,Perth,AU,email
Emiliano,Navarro,emiliano.navarro.9202@customer360.test,+1-555-302-8474,active,45-54,Guadalajara,MX,push
Nisha,Joshi,nisha.joshi.9203@customer360.test,+1-555-303-8511,active,25-34,Bengaluru,IN,push
Kaito,Tanaka,kaito.tanaka.9204@customer360.test,+1-555-304-8548,active,55-64,Fukuoka,JP,push
Zoe,Russell,zoe.russell.9205@customer360.test,+1-555-305-8585,active,45-54,Boston,US,push
Liam,Beaulieu,liam.beaulieu.9206@customer360.test,+1-555-306-8622,active,55-64,Vancouver,CA,sms
Nur,Chua,nur.chua.9207@customer360.test,+1-555-307-8659,active,25-34,Singapore,SG,email
Alba,Garcia,alba.garcia.9208@customer360.test,+1-555-308-8696,active,25-34,Malaga,ES,push
Sana,Mehta,sana.mehta.9209@customer360.test,+1-555-309-8733,active,18-24,Delhi,IN,email
Milan,Vos,milan.vos.9210@customer360.test,+1-555-310-8770,active,35-44,Groningen,NL,email
Reyansh,Saxena,reyansh.saxena.9211@customer360.test,+1-555-311-8807,active,18-24,Delhi,IN,push
Nora,Carter,nora.carter.9212@customer360.test,+1-555-312-8844,active,25-34,Minneapolis,US,push
Ruby,Hayes,ruby.hayes.9213@customer360.test,+1-555-313-8881,active,45-54,Hobart,AU,email
Owen,Beaulieu,owen.beaulieu.9214@customer360.test,+1-555-314-8918,active,18-24,Vancouver,CA,email
Theo Luc,Lefevre,theo-luc.lefevre.9215@customer360.test,+1-555-315-8955,active,35-44,Lyon,FR,push
Theo,Dubois,theo.dubois.9216@customer360.test,+1-555-316-8992,active,45-54,Toulouse,FR,push
Daniel,Ortega,daniel.ortega.9217@customer360.test,+1-555-317-9029,active,45-54,Merida,MX,sms
Maeve,Lavoie,maeve.lavoie.9218@customer360.test,+1-555-318-9066,active,55-64,Toronto,CA,push
Helena,Araujo,helena.araujo.9219@customer360.test,+1-555-319-9103,active,18-24,Brasilia,BR,email
Avery,Hayes,avery.hayes.9220@customer360.test,+1-555-320-9140,active,55-64,Chicago,US,push
Chloe,Marchand,chloe.marchand.9221@customer360.test,+1-555-321-9177,inactive,55-64,Lille,FR,email
Tara Raj,Chatterjee,tara-raj.chatterjee.9222@customer360.test,+1-555-322-9214,active,25-34,Kochi,IN,sms
Oscar Rose,Morgan,oscar-rose.morgan.9223@customer360.test,+1-555-323-9251,active,25-34,Sydney,AU,email
Grace,Morgan,grace.morgan.9224@customer360.test,+1-555-324-9288,active,25-34,Perth,AU,sms
Emilia Johann,Neumann,emilia-johann.neumann.9225@customer360.test,+1-555-325-9325,active,25-34,Hamburg,DE,email
Camila Clara,Barbosa,camila-clara.barbosa.9226@customer360.test,+1-555-326-9362,active,35-44,Rio de Janeiro,BR,email
Finn,McKenzie,finn.mckenzie.9227@customer360.test,+1-555-327-9399,active,18-24,Hobart,AU,sms
Morgan,Bennett,morgan.bennett.9228@customer360.test,+1-555-328-9436,active,25-34,Portland,US,push
Liam,Campbell,liam.campbell.9229@customer360.test,+1-555-329-9473,active,45-54,Edmonton,CA,push
Vega,Vidal,vega.vidal.9230@customer360.test,+1-555-330-9510,active,45-54,Bilbao,ES,push
Logan Alex,Carter,logan-alex.carter.9231@customer360.test,+1-555-331-9547,active,45-54,Boston,US,push
Hugo,Bennett,hugo.bennett.9232@customer360.test,+1-555-332-9584,active,55-64,Birmingham,GB,push
Gabriel,Mendes,gabriel.mendes.9233@customer360.test,+1-555-333-9621,active,35-44,Rio de Janeiro,BR,push
Diego,Garcia,diego.garcia.9234@customer360.test,+1-555-334-9658,active,18-24,Barcelona,ES,email
Nisha,Malhotra,nisha.malhotra.9235@customer360.test,+1-555-335-9695,active,18-24,Pune,IN,email
Ishaan,Chatterjee,ishaan.chatterjee.9236@customer360.test,+1-555-336-9732,active,45-54,Mumbai,IN,push
Marie,Wagner,marie.wagner.9237@customer360.test,+1-555-337-9769,active,18-24,Stuttgart,DE,email
Naledi,Naidoo,naledi.naidoo.9238@customer360.test,+1-555-338-9806,active,55-64,Johannesburg,ZA,sms
Reyansh,Pillai,reyansh.pillai.9239@customer360.test,+1-555-339-9843,active,45-54,Ahmedabad,IN,push
Kavya,Iyer,kavya.iyer.9240@customer360.test,+1-555-340-9880,active,18-24,Pune,IN,email
Leonie Luc,Marchand,leonie-luc.marchand.9241@customer360.test,+1-555-341-9917,inactive,35-44,Lyon,FR,email
Santiago,Rios,santiago.rios.9242@customer360.test,+1-555-342-9954,active,25-34,Guadalajara,MX,email
Davide,Rossi,davide.rossi.9243@customer360.test,+1-555-343-9991,active,18-24,Rome,IT,email
Leon,Becker,leon.becker.9244@customer360.test,+1-555-344-1028,active,55-64,Munich,DE,sms
Clara,Poirier,clara.poirier.9245@customer360.test,+1-555-345-1065,active,35-44,Calgary,CA,email
Ethan,Turner,ethan.turner.9246@customer360.test,+1-555-346-1102,active,35-44,Austin,US,sms
Taylor Kai,Collins,taylor-kai.collins.9247@customer360.test,+1-555-347-1139,active,45-54,Atlanta,US,sms
Callum,Wallace,callum.wallace.9248@customer360.test,+1-555-348-1176,active,35-44,Perth,AU,email
Oscar,Ellis,oscar.ellis.9249@customer360.test,+1-555-349-1213,active,18-24,Glasgow,GB,sms
Nana,Kobayashi,nana.kobayashi.9250@customer360.test,+1-555-350-1250,active,35-44,Yokohama,JP,sms
Leo,Vega,leo.vega.9251@customer360.test,+1-555-351-1287,active,25-34,Madrid,ES,email
Pedro,Almeida,pedro.almeida.9252@customer360.test,+1-555-352-1324,active,45-54,Curitiba,BR,push
Chiara,Rossi,chiara.rossi.9253@customer360.test,+1-555-353-1361,active,35-44,Florence,IT,push
Darren,Goh,darren.goh.9254@customer360.test,+1-555-354-1398,active,35-44,Singapore,SG,push
Sanne Sofie,Vos,sanne-sofie.vos.9255@customer360.test,+1-555-355-1435,active,35-44,Rotterdam,NL,email
Oscar,Griffiths,oscar.griffiths.9256@customer360.test,+1-555-356-1472,active,55-64,Bristol,GB,sms
Matilda,Bennett,matilda.bennett.9257@customer360.test,+1-555-357-1509,active,35-44,Hobart,AU,sms
Sem,De Boer,sem.de-boer.9258@customer360.test,+1-555-358-1546,active,35-44,Amsterdam,NL,sms
Arthur,Marchand,arthur.marchand.9259@customer360.test,+1-555-359-1583,active,35-44,Toulouse,FR,push
Nisha Priya,Malhotra,nisha-priya.malhotra.9260@customer360.test,+1-555-360-1620,active,35-44,Mumbai,IN,sms
Nora,Bailey,nora.bailey.9261@customer360.test,+1-555-361-1657,active,45-54,Seattle,US,push
Hugo,Bennett,hugo.bennett.9262@customer360.test,+1-555-362-1694,active,45-54,Manchester,GB,sms
Maya,Parker,maya.parker.9263@customer360.test,+1-555-363-1731,active,35-44,San Diego,US,email
Taylor,Brooks,taylor.brooks.9264@customer360.test,+1-555-364-1768,inactive,35-44,San Diego,US,email
Ines,Marchand,ines.marchand.9265@customer360.test,+1-555-365-1805,active,45-54,Lyon,FR,push
Hui Min,Koh,hui-min.koh.9266@customer360.test,+1-555-366-1842,active,55-64,Singapore,SG,email
Diego,Morales,diego.morales.9267@customer360.test,+1-555-367-1879,active,35-44,Queretaro,MX,sms
Lerato,Maseko,lerato.maseko.9268@customer360.test,+1-555-368-1916,active,35-44,Pretoria,ZA,email
Alice,Bianchi,alice.bianchi.9269@customer360.test,+1-555-369-1953,active,25-34,Florence,IT,email
Nora,Foster,nora.foster.9270@customer360.test,+1-555-370-1990,active,45-54,Atlanta,US,push
Hugo,Cabrera,hugo.cabrera.9271@customer360.test,+1-555-371-2027,active,55-64,Bilbao,ES,push
Alice,Gallo,alice.gallo.9272@customer360.test,+1-555-372-2064,active,18-24,Rome,IT,email
Paul,Richter,paul.richter.9273@customer360.test,+1-555-373-2101,active,35-44,Frankfurt,DE,email
Camille,Laurent,camille.laurent.9274@customer360.test,+1-555-374-2138,active,55-64,Toulouse,FR,push
Theo,Dubois,theo.dubois.9275@customer360.test,+1-555-375-2175,active,55-64,Nantes,FR,email
Zara,Reid,zara.reid.9276@customer360.test,+1-555-376-2212,active,25-34,Adelaide,AU,push
Mei,Yoshida,mei.yoshida.9277@customer360.test,+1-555-377-2249,active,45-54,Tokyo,JP,email
Taylor Lee,Collins,taylor-lee.collins.9278@customer360.test,+1-555-378-2286,active,45-54,Denver,US,email
Thabo James,Mthembu,thabo-james.mthembu.9279@customer360.test,+1-555-379-2323,active,25-34,Durban,ZA,email
Mila,Fischer,mila.fischer.9280@customer360.test,+1-555-380-2360,active,55-64,Hamburg,DE,sms
Dylan Lee,Hayes,dylan-lee.hayes.9281@customer360.test,+1-555-381-2397,active,45-54,Minneapolis,US,sms
Hugo Edward,Whitmore,hugo-edward.whitmore.9282@customer360.test,+1-555-382-2434,active,25-34,Edinburgh,GB,push
Javier,Morales,javier.morales.9283@customer360.test,+1-555-383-2471,active,35-44,Merida,MX,push
Alice,Moretti,alice.moretti.9284@customer360.test,+1-555-384-2508,active,35-44,Naples,IT,sms
Ruby,Fletcher,ruby.fletcher.9285@customer360.test,+1-555-385-2545,active,18-24,Perth,AU,email
Ethan,Reed,ethan.reed.9286@customer360.test,+1-555-386-2582,active,45-54,Denver,US,sms
Sofia Giovanni,Ricci,sofia-giovanni.ricci.9287@customer360.test,+1-555-387-2619,active,25-34,Florence,IT,sms
Marcus,Wong,marcus.wong.9288@customer360.test,+1-555-388-2656,active,25-34,Singapore,SG,email
Ruby Rose,Fletcher,ruby-rose.fletcher.9289@customer360.test,+1-555-389-2693,active,45-54,Manchester,GB,email
Renata Luis,Serrano,renata-luis.serrano.9290@customer360.test,+1-555-390-2730,active,25-34,Queretaro,MX,sms
Giulia,Costa,giulia.costa.9291@customer360.test,+1-555-391-2767,active,35-44,Milan,IT,sms
Siti,Lim,siti.lim.9292@customer360.test,+1-555-392-2804,active,55-64,Singapore,SG,sms
Santiago,Cervantes,santiago.cervantes.9293@customer360.test,+1-555-393-2841,active,35-44,Merida,MX,sms
Zara,Sullivan,zara.sullivan.9294@customer360.test,+1-555-394-2878,active,35-44,Perth,AU,push
Theo,Hughes,theo.hughes.9295@customer360.test,+1-555-395-2915,active,35-44,Edinburgh,GB,push
Hamish,Morgan,hamish.morgan.9296@customer360.test,+1-555-396-2952,active,25-34,Adelaide,AU,push
Meera,Sharma,meera.sharma.9297@customer360.test,+1-555-397-2989,active,25-34,Pune,IN,email
Daan,Meijer,daan.meijer.9298@customer360.test,+1-555-398-3026,active,35-44,Eindhoven,NL,email
Elena Jose,Serrano,elena-jose.serrano.9299@customer360.test,+1-555-399-3063,active,18-24,Bilbao,ES,push
Baptiste,Dubois,baptiste.dubois.9300@customer360.test,+1-555-400-3100,active,35-44,Lyon,FR,email
Anaya,Mehta,anaya.mehta.9301@customer360.test,+1-555-401-3137,active,35-44,Kolkata,IN,sms
Zinhle,Pillay,zinhle.pillay.9302@customer360.test,+1-555-402-3174,active,55-64,Pretoria,ZA,push
Mila,Morrison,mila.morrison.9303@customer360.test,+1-555-403-3211,active,55-64,Halifax,CA,push
Lena Lee,Bailey,lena-lee.bailey.9304@customer360.test,+1-555-404-3248,active,35-44,Chicago,US,email
Kai Wen,Tan,kai-wen.tan.9305@customer360.test,+1-555-405-3285,active,45-54,Singapore,SG,push
Aditya,Kulkarni,aditya.kulkarni.9306@customer360.test,+1-555-406-3322,active,45-54,Kolkata,IN,sms
Parker,Morgan,parker.morgan.9307@customer360.test,+1-555-407-3359,active,25-34,Philadelphia,US,email
Theo,Fletcher,theo.fletcher.9308@customer360.test,+1-555-408-3396,active,35-44,Leeds,GB,push
Marco,Moretti,marco.moretti.9309@customer360.test,+1-555-409-3433,active,55-64,Palermo,IT,push
Elisa Anna,Costa,elisa-anna.costa.9310@customer360.test,+1-555-410-3470,active,25-34,Bologna,IT,email
Chloe,Beaulieu,chloe.beaulieu.9311@customer360.test,+1-555-411-3507,active,25-34,Edmonton,CA,sms
Alice Anna,Esposito,alice-anna.esposito.9312@customer360.test,+1-555-412-3544,active,35-44,Palermo,IT,push
Valentina Joao,Carvalho,valentina-joao.carvalho.9313@customer360.test,+1-555-413-3581,active,25-34,Rio de Janeiro,BR,push
Zara,Wallace,zara.wallace.9314@customer360.test,+1-555-414-3618,active,35-44,Adelaide,AU,email
Matteo,Costa,matteo.costa.9315@customer360.test,+1-555-415-3655,active,18-24,Florence,IT,sms
Amelie Paul,Girard,amelie-paul.girard.9316@customer360.test,+1-555-416-3692,active,35-44,Toulouse,FR,email
Sana Priya,Menon,sana-priya.menon.9317@customer360.test,+1-555-417-3729,inactive,18-24,Chennai,IN,sms
Theo,Lavoie,theo.lavoie.9318@customer360.test,+1-555-418-3766,active,25-34,Edmonton,CA,email
Tara Dev,Mehta,tara-dev.mehta.9319@customer360.test,+1-555-419-3803,active,55-64,Jaipur,IN,email
Lucas Louis,Beaulieu,lucas-louis.beaulieu.9320@customer360.test,+1-555-420-3840,active,35-44,Vancouver,CA,email
Maisie,Chapman,maisie.chapman.9321@customer360.test,+1-555-421-3877,active,18-24,Leeds,GB,email
Sofia,Cervantes,sofia.cervantes.9322@customer360.test,+1-555-422-3914,active,45-54,Puebla,MX,email
Ethan,Turner,ethan.turner.9323@customer360.test,+1-555-423-3951,active,18-24,Atlanta,US,email
Reyansh,Kapoor,reyansh.kapoor.9324@customer360.test,+1-555-424-3988,active,55-64,Ahmedabad,IN,push
Nana Hiro,Watanabe,nana-hiro.watanabe.9325@customer360.test,+1-555-425-4025,active,55-64,Yokohama,JP,sms
Alejandro,Castillo,alejandro.castillo.9326@customer360.test,+1-555-426-4062,active,35-44,Puebla,MX,email
Sakura,Ito,sakura.ito.9327@customer360.test,+1-555-427-4099,active,55-64,Tokyo,JP,sms
Amelie,Hoffmann,amelie.hoffmann.9328@customer360.test,+1-555-428-4136,active,45-54,Berlin,DE,sms
Neo Grace,Maseko,neo-grace.maseko.9329@customer360.test,+1-555-429-4173,active,45-54,Gqeberha,ZA,email
Thiago,Barbosa,thiago.barbosa.9330@customer360.test,+1-555-430-4210,active,45-54,Brasilia,BR,email
Lena Elise,Wagner,lena-elise.wagner.9331@customer360.test,+1-555-431-4247,active,35-44,Hamburg,DE,email
Oscar,Bennett,oscar.bennett.9332@customer360.test,+1-555-432-4284,active,25-34,Birmingham,GB,push
Naomi,Hayes,naomi.hayes.9333@customer360.test,+1-555-433-4321,active,25-34,San Diego,US,push
Lucia,Cabrera,lucia.cabrera.9334@customer360.test,+1-555-434-4358,active,55-64,Barcelona,ES,sms
Maya,Mitchell,maya.mitchell.9335@customer360.test,+1-555-435-4395,active,18-24,Boston,US,sms
Mateus,Teixeira,mateus.teixeira.9336@customer360.test,+1-555-436-4432,active,25-34,Porto Alegre,BR,sms
Riku,Nakamura,riku.nakamura.9337@customer360.test,+1-555-437-4469,active,25-34,Yokohama,JP,push
Noor,Bakker,noor.bakker.9338@customer360.test,+1-555-438-4506,active,25-34,Rotterdam,NL,sms
Amelie,Fournier,amelie.fournier.9339@customer360.test,+1-555-439-4543,active,35-44,Calgary,CA,email
Clara,Blanc,clara.blanc.9340@customer360.test,+1-555-440-4580,inactive,25-34,Bordeaux,FR,sms
Daiki Miki,Yoshida,daiki-miki.yoshida.9341@customer360.test,+1-555-441-4617,active,25-34,Osaka,JP,sms
Diya,Rao,diya.rao.9342@customer360.test,+1-555-442-4654,active,55-64,Chennai,IN,sms
Parker,Ward,parker.ward.9343@customer360.test,+1-555-443-4691,active,45-54,Denver,US,sms
Pablo,Castro,pablo.castro.9344@customer360.test,+1-555-444-4728,active,55-64,Malaga,ES,sms
Vivaan Priya,Iyer,vivaan-priya.iyer.9345@customer360.test,+1-555-445-4765,active,25-34,Bengaluru,IN,sms
Alba,Navarro,alba.navarro.9346@customer360.test,+1-555-446-4802,active,35-44,Bilbao,ES,email
Meera,Nair,meera.nair.9347@customer360.test,+1-555-447-4839,active,35-44,Bengaluru,IN,push
Mei,Yamamoto,mei.yamamoto.9348@customer360.test,+1-555-448-4876,active,35-44,Kyoto,JP,sms
Ryan,Wong,ryan.wong.9349@customer360.test,+1-555-449-4913,active,35-44,Singapore,SG,push
Mateus Clara,Costa,mateus-clara.costa.9350@customer360.test,+1-555-450-4950,active,25-34,Rio de Janeiro,BR,sms
Lena,Neumann,lena.neumann.9351@customer360.test,+1-555-451-4987,active,35-44,Frankfurt,DE,email
Sofia Giovanni,Romano,sofia-giovanni.romano.9352@customer360.test,+1-555-452-5024,active,18-24,Milan,IT,sms
Tess,Bakker,tess.bakker.9353@customer360.test,+1-555-453-5061,active,55-64,Eindhoven,NL,push
Hugo,Mercier,hugo.mercier.9354@customer360.test,+1-555-454-5098,active,45-54,Toulouse,FR,email
Meera,Desai,meera.desai.9355@customer360.test,+1-555-455-5135,active,18-24,Hyderabad,IN,push
Giulia Giovanni,Gallo,giulia-giovanni.gallo.9356@customer360.test,+1-555-456-5172,active,45-54,Palermo,IT,email
Elias,Mercer,elias.mercer.9357@customer360.test,+1-555-457-5209,active,35-44,Ottawa,CA,push
Jonas Elise,Wagner,jonas-elise.wagner.9358@customer360.test,+1-555-458-5246,active,45-54,Hamburg,DE,email
Sanne Jan,De Vries,sanne-jan.de-vries.9359@customer360.test,+1-555-459-5283,active,18-24,The Hague,NL,sms
Avery,Russell,avery.russell.9360@customer360.test,+1-555-460-5320,inactive,55-64,Austin,US,push
Pedro,Araujo,pedro.araujo.9361@customer360.test,+1-555-461-5357,active,25-34,Sao Paulo,BR,push
Hamish,McKenzie,hamish.mckenzie.9362@customer360.test,+1-555-462-5394,active,18-24,Adelaide,AU,email
Mariana,Oliveira,mariana.oliveira.9363@customer360.test,+1-555-463-5431,active,25-34,Recife,BR,sms
Sophie,Sinclair,sophie.sinclair.9364@customer360.test,+1-555-464-5468,active,25-34,Ottawa,CA,push
Ryan Rui,Goh,ryan-rui.goh.9365@customer360.test,+1-555-465-5505,active,25-34,Singapore,SG,push
Renata,Delgado,renata.delgado.9366@customer360.test,+1-555-466-5542,active,25-34,Monterrey,MX,push
Naomi,Morgan,naomi.morgan.9367@customer360.test,+1-555-467-5579,active,35-44,Seattle,US,sms
Chloe,Fournier,chloe.fournier.9368@customer360.test,+1-555-468-5616,active,35-44,Calgary,CA,push
Rin,Nakamura,rin.nakamura.9369@customer360.test,+1-555-469-5653,active,25-34,Yokohama,JP,push
Maisie,Crawford,maisie.crawford.9370@customer360.test,+1-555-470-5690,active,25-34,Bristol,GB,push
Clara Claire,Campbell,clara-claire.campbell.9371@customer360.test,+1-555-471-5727,active,55-64,Halifax,CA,email
Owen,Fraser,owen.fraser.9372@customer360.test,+1-555-472-5764,active,25-34,Edmonton,CA,email
Ines,Lefevre,ines.lefevre.9373@customer360.test,+1-555-473-5801,active,25-34,Nantes,FR,push
Elliot,Hayes,elliot.hayes.9374@customer360.test,+1-555-474-5838,active,45-54,Brisbane,AU,push
Gabriel,Costa,gabriel.costa.9375@customer360.test,+1-555-475-5875,active,25-34,Rio de Janeiro,BR,email
Ines,Marchand,ines.marchand.9376@customer360.test,+1-555-476-5912,active,35-44,Bordeaux,FR,push
Daniel,Morales,daniel.morales.9377@customer360.test,+1-555-477-5949,active,25-34,Merida,MX,sms
Arjun,Ng,arjun.ng.9378@customer360.test,+1-555-478-5986,active,25-34,Singapore,SG,push
Aditi,Chatterjee,aditi.chatterjee.9379@customer360.test,+1-555-479-6023,active,55-64,Ahmedabad,IN,push
Nora,Carter,nora.carter.9380@customer360.test,+1-555-480-6060,active,35-44,Minneapolis,US,email
Amara,Jacobs,amara.jacobs.9381@customer360.test,+1-555-481-6097,active,45-54,Johannesburg,ZA,push
Pedro,Mendes,pedro.mendes.9382@customer360.test,+1-555-482-6134,active,35-44,Sao Paulo,BR,sms
Theo,Morrison,theo.morrison.9383@customer360.test,+1-555-483-6171,active,45-54,Halifax,CA,email
Sofia,Reed,sofia.reed.9384@customer360.test,+1-555-484-6208,active,45-54,Atlanta,US,push
Thabo,Nkosi,thabo.nkosi.9385@customer360.test,+1-555-485-6245,active,35-44,Cape Town,ZA,sms
Thiago,Araujo,thiago.araujo.9386@customer360.test,+1-555-486-6282,inactive,35-44,Curitiba,BR,sms
Thiago Maria,Ferreira,thiago-maria.ferreira.9387@customer360.test,+1-555-487-6319,active,18-24,Curitiba,BR,push
Aarav,Sharma,aarav.sharma.9388@customer360.test,+1-555-488-6356,active,55-64,Jaipur,IN,push
Amelie Luc,Rousseau,amelie-luc.rousseau.9389@customer360.test,+1-555-489-6393,active,55-64,Toulouse,FR,email
Tommaso Maria,Rossi,tommaso-maria.rossi.9390@customer360.test,+1-555-490-6430,active,45-54,Milan,IT,email
Hugo,Hughes,hugo.hughes.9391@customer360.test,+1-555-491-6467,active,55-64,Manchester,GB,push
Marco,Gallo,marco.gallo.9392@customer360.test,+1-555-492-6504,active,25-34,Bologna,IT,email
Liam,Poirier,liam.poirier.9393@customer360.test,+1-555-493-6541,active,35-44,Calgary,CA,email
Vega,Castro,vega.castro.9394@customer360.test,+1-555-494-6578,active,35-44,Barcelona,ES,push
Sakura,Yamada,sakura.yamada.9395@customer360.test,+1-555-495-6615,active,35-44,Sapporo,JP,push
Cooper,McKenzie,cooper.mckenzie.9396@customer360.test,+1-555-496-6652,active,18-24,Sydney,AU,sms
Martin Maria,Navarro,martin-maria.navarro.9397@customer360.test,+1-555-497-6689,active,25-34,Barcelona,ES,email
Oliver,Whitmore,oliver.whitmore.9398@customer360.test,+1-555-498-6726,active,18-24,Glasgow,GB,push
Jonas,Keller,jonas.keller.9399@customer360.test,+1-555-499-6763,active,45-54,Cologne,DE,sms
Kabir Kiran,Chatterjee,kabir-kiran.chatterjee.9400@customer360.test,+1-555-500-6800,active,35-44,Jaipur,IN,sms
Anaya,Desai,anaya.desai.9401@customer360.test,+1-555-501-6837,inactive,55-64,Mumbai,IN,sms
Finn,De Vries,finn.de-vries.9402@customer360.test,+1-555-502-6874,active,18-24,Eindhoven,NL,sms
Tess,Meijer,tess.meijer.9403@customer360.test,+1-555-503-6911,active,25-34,Eindhoven,NL,push
Sanne,Jansen,sanne.jansen.9404@customer360.test,+1-555-504-6948,active,18-24,The Hague,NL,sms
Jonas,Brandt,jonas.brandt.9405@customer360.test,+1-555-505-6985,inactive,18-24,Leipzig,DE,sms
Aoi,Nakamura,aoi.nakamura.9406@customer360.test,+1-555-506-7022,active,25-34,Osaka,JP,sms
Davide,Conti,davide.conti.9407@customer360.test,+1-555-507-7059,active,45-54,Naples,IT,push
Alba,Garcia,alba.garcia.9408@customer360.test,+1-555-508-7096,active,18-24,Malaga,ES,push
Vivaan,Rao,vivaan.rao.9409@customer360.test,+1-555-509-7133,active,18-24,Pune,IN,push
George James,Harrington,george-james.harrington.9410@customer360.test,+1-555-510-7170,active,45-54,Birmingham,GB,push
Cameron,Cooper,cameron.cooper.9411@customer360.test,+1-555-511-7207,active,35-44,Philadelphia,US,sms
Leo Luis,Molina,leo-luis.molina.9412@customer360.test,+1-555-512-7244,active,35-44,Valencia,ES,sms
Vihaan,Nair,vihaan.nair.9413@customer360.test,+1-555-513-7281,active,55-64,Delhi,IN,sms
Meera,Kapoor,meera.kapoor.9414@customer360.test,+1-555-514-7318,inactive,55-64,Hyderabad,IN,sms
Amelie Anne,Schneider,amelie-anne.schneider.9415@customer360.test,+1-555-515-7355,active,35-44,Leipzig,DE,email
Finn,Clarke,finn.clarke.9416@customer360.test,+1-555-516-7392,active,18-24,Hobart,AU,push
Mariana,Ortega,mariana.ortega.9417@customer360.test,+1-555-517-7429,active,25-34,Guadalajara,MX,sms
Baptiste,Girard,baptiste.girard.9418@customer360.test,+1-555-518-7466,active,55-64,Paris,FR,push
Lucia,Vargas,lucia.vargas.9419@customer360.test,+1-555-519-7503,active,25-34,Puebla,MX,push
Gabriel,Araujo,gabriel.araujo.9420@customer360.test,+1-555-520-7540,active,35-44,Porto Alegre,BR,email
Hui Min,Chua,hui-min.chua.9421@customer360.test,+1-555-521-7577,inactive,45-54,Singapore,SG,sms
Avery,Reed,avery.reed.9422@customer360.test,+1-555-522-7614,inactive,35-44,Philadelphia,US,push
Alice,Ricci,alice.ricci.9423@customer360.test,+1-555-523-7651,active,35-44,Florence,IT,push
Diego,Serrano,diego.serrano.9424@customer360.test,+1-555-524-7688,active,45-54,Barcelona,ES,push
Aditi,Iyer,aditi.iyer.9425@customer360.test,+1-555-525-7725,active,55-64,Chennai,IN,push
Matteo,Romano,matteo.romano.9426@customer360.test,+1-555-526-7762,active,35-44,Bologna,IT,push
Hui Min Wei,Goh,hui-min-wei.goh.9427@customer360.test,+1-555-527-7799,active,25-34,Singapore,SG,email
Sophie Johann,Wagner,sophie-johann.wagner.9428@customer360.test,+1-555-528-7836,active,55-64,Berlin,DE,email
Tess,Bakker,tess.bakker.9429@customer360.test,+1-555-529-7873,inactive,18-24,Groningen,NL,sms
Anaya,Kulkarni,anaya.kulkarni.9430@customer360.test,+1-555-530-7910,active,25-34,Mumbai,IN,email
Dylan,Morgan,dylan.morgan.9431@customer360.test,+1-555-531-7947,active,55-64,Philadelphia,US,email
Milan,Bakker,milan.bakker.9432@customer360.test,+1-555-532-7984,active,35-44,Eindhoven,NL,push
Cheryl,Koh,cheryl.koh.9433@customer360.test,+1-555-533-8021,active,55-64,Singapore,SG,push
Jia En,Rahman,jia-en.rahman.9434@customer360.test,+1-555-534-8058,active,35-44,Singapore,SG,sms
Zinhle,Maseko,zinhle.maseko.9435@customer360.test,+1-555-535-8095,active,18-24,Gqeberha,ZA,sms
Isabela,Carvalho,isabela.carvalho.9436@customer360.test,+1-555-536-8132,active,18-24,Rio de Janeiro,BR,push
Owen,Beaulieu,owen.beaulieu.9437@customer360.test,+1-555-537-8169,active,45-54,Calgary,CA,email
Valeria,Hernandez,valeria.hernandez.9438@customer360.test,+1-555-538-8206,active,55-64,Monterrey,MX,sms
George,Fletcher,george.fletcher.9439@customer360.test,+1-555-539-8243,active,45-54,Leeds,GB,sms
Sienna,Anderson,sienna.anderson.9440@customer360.test,+1-555-540-8280,active,35-44,Hobart,AU,push
Imogen,Ellis,imogen.ellis.9441@customer360.test,+1-555-541-8317,active,18-24,Leeds,GB,push
Sienna,Cameron,sienna.cameron.9442@customer360.test,+1-555-542-8354,active,25-34,Perth,AU,push
Renata,Vargas,renata.vargas.9443@customer360.test,+1-555-543-8391,active,25-34,Mexico City,MX,sms
Cooper,Sullivan,cooper.sullivan.9444@customer360.test,+1-555-544-8428,active,45-54,Melbourne,AU,push
Chloe,Dubois,chloe.dubois.9445@customer360.test,+1-555-545-8465,active,25-34,Toulouse,FR,push
Reyansh,Kapoor,reyansh.kapoor.9446@customer360.test,+1-555-546-8502,active,25-34,Kolkata,IN,sms
Zoe,Mitchell,zoe.mitchell.9447@customer360.test,+1-555-547-8539,active,55-64,Atlanta,US,push
Diego Jose,Marin,diego-jose.marin.9448@customer360.test,+1-555-548-8576,active,35-44,Valencia,ES,sms
Naomi,Carter,naomi.carter.9449@customer360.test,+1-555-549-8613,active,18-24,Denver,US,email
Diya,Kapoor,diya.kapoor.9450@customer360.test,+1-555-550-8650,active,35-44,Pune,IN,push
Theo,Bouchard,theo.bouchard.9451@customer360.test,+1-555-551-8687,active,18-24,Halifax,CA,push
Elena,Cervantes,elena.cervantes.9452@customer360.test,+1-555-552-8724,active,45-54,Monterrey,MX,email
Thabo James,Pillay,thabo-james.pillay.9453@customer360.test,+1-555-553-8761,active,35-44,Cape Town,ZA,email
Daiki,Ito,daiki.ito.9454@customer360.test,+1-555-554-8798,active,45-54,Osaka,JP,push
Hugo,Whitmore,hugo.whitmore.9455@customer360.test,+1-555-555-8835,active,35-44,Bristol,GB,sms
Leah,Beaulieu,leah.beaulieu.9456@customer360.test,+1-555-556-8872,active,25-34,Calgary,CA,push
Emiliano Maria,Navarro,emiliano-maria.navarro.9457@customer360.test,+1-555-557-8909,active,35-44,Puebla,MX,push
Ishita,Desai,ishita.desai.9458@customer360.test,+1-555-558-8946,active,25-34,Mumbai,IN,push
Nadia,Tan,nadia.tan.9459@customer360.test,+1-555-559-8983,active,35-44,Singapore,SG,email
Hugo Jose,Vidal,hugo-jose.vidal.9460@customer360.test,+1-555-560-9020,active,35-44,Bilbao,ES,sms
Milan,Vos,milan.vos.9461@customer360.test,+1-555-561-9057,active,25-34,Groningen,NL,sms
Santiago Luis,Rios,santiago-luis.rios.9462@customer360.test,+1-555-562-9094,active,45-54,Monterrey,MX,email
Sofia,Morales,sofia.morales.9463@customer360.test,+1-555-563-9131,active,55-64,Mexico City,MX,email
Mila Louis,Gauthier,mila-louis.gauthier.9464@customer360.test,+1-555-564-9168,active,25-34,Halifax,CA,push
Arthur,Mercier,arthur.mercier.9465@customer360.test,+1-555-565-9205,active,18-24,Nantes,FR,email
Marie,Schneider,marie.schneider.9466@customer360.test,+1-555-566-9242,active,45-54,Stuttgart,DE,sms
Elliot Grace,Clarke,elliot-grace.clarke.9467@customer360.test,+1-555-567-9279,active,55-64,Sydney,AU,sms
Callum James,Cameron,callum-james.cameron.9468@customer360.test,+1-555-568-9316,active,35-44,Adelaide,AU,email
Javier,Fuentes,javier.fuentes.9469@customer360.test,+1-555-569-9353,inactive,25-34,Mexico City,MX,push
Vega,Marin,vega.marin.9470@customer360.test,+1-555-570-9390,active,25-34,Seville,ES,sms
Vihaan,Joshi,vihaan.joshi.9471@customer360.test,+1-555-571-9427,active,18-24,Jaipur,IN,email
Julian Louis,Bennett,julian-louis.bennett.9472@customer360.test,+1-555-572-9464,active,35-44,Edmonton,CA,email
Aarav,Kulkarni,aarav.kulkarni.9473@customer360.test,+1-555-573-9501,active,55-64,Kolkata,IN,push
Hui Min,Wong,hui-min.wong.9474@customer360.test,+1-555-574-9538,active,35-44,Singapore,SG,sms
Lucas,Araujo,lucas.araujo.9475@customer360.test,+1-555-575-9575,active,25-34,Salvador,BR,email
Daniel,Rojas,daniel.rojas.9476@customer360.test,+1-555-576-9612,active,25-34,Barcelona,ES,email
Haruto,Nakamura,haruto.nakamura.9477@customer360.test,+1-555-577-9649,active,45-54,Nagoya,JP,push
Vega,Marin,vega.marin.9478@customer360.test,+1-555-578-9686,active,25-34,Seville,ES,sms
Parker,Cooper,parker.cooper.9479@customer360.test,+1-555-579-9723,active,35-44,Portland,US,email
Arthur,Sinclair,arthur.sinclair.9480@customer360.test,+1-555-580-9760,active,45-54,Leeds,GB,push
Renata,Castillo,renata.castillo.9481@customer360.test,+1-555-581-9797,active,25-34,Guadalajara,MX,email
Finn,McKenzie,finn.mckenzie.9482@customer360.test,+1-555-582-9834,active,18-24,Sydney,AU,email
Sanne,Jansen,sanne.jansen.9483@customer360.test,+1-555-583-9871,active,25-34,Eindhoven,NL,email
Clara,Hartmann,clara.hartmann.9484@customer360.test,+1-555-584-9908,active,55-64,Berlin,DE,sms
Haruto,Ito,haruto.ito.9485@customer360.test,+1-555-585-9945,active,25-34,Yokohama,JP,sms
Lucia,Delgado,lucia.delgado.9486@customer360.test,+1-555-586-9982,active,55-64,Mexico City,MX,sms
Carmen,Navarro,carmen.navarro.9487@customer360.test,+1-555-587-1019,active,55-64,Valencia,ES,sms
Leonardo Luca,Gallo,leonardo-luca.gallo.9488@customer360.test,+1-555-588-1056,active,35-44,Florence,IT,push
Ren,Ito,ren.ito.9489@customer360.test,+1-555-589-1093,active,35-44,Kyoto,JP,sms
Sofia,Turner,sofia.turner.9490@customer360.test,+1-555-590-1130,active,25-34,Portland,US,email
Gabriel,Ferreira,gabriel.ferreira.9491@customer360.test,+1-555-591-1167,active,45-54,Salvador,BR,sms
Ishita,Joshi,ishita.joshi.9492@customer360.test,+1-555-592-1204,active,25-34,Kochi,IN,email
Camila,Mendoza,camila.mendoza.9493@customer360.test,+1-555-593-1241,active,35-44,Queretaro,MX,sms
Clara,Chevalier,clara.chevalier.9494@customer360.test,+1-555-594-1278,active,25-34,Bordeaux,FR,sms
Sana,Nair,sana.nair.9495@customer360.test,+1-555-595-1315,active,45-54,Chennai,IN,sms
Riku Ken,Tanaka,riku-ken.tanaka.9496@customer360.test,+1-555-596-1352,active,18-24,Tokyo,JP,sms
Sienna Rose,Hayes,sienna-rose.hayes.9497@customer360.test,+1-555-597-1389,active,35-44,Brisbane,AU,sms
Isla,Sullivan,isla.sullivan.9498@customer360.test,+1-555-598-1426,active,45-54,Canberra,AU,sms
Isla Jane,Griffiths,isla-jane.griffiths.9499@customer360.test,+1-555-599-1463,active,18-24,London,GB,email
Freya,Hughes,freya.hughes.9500@customer360.test,+1-555-600-1500,active,35-44,Bristol,GB,sms
Bram,Meijer,bram.meijer.9501@customer360.test,+1-555-601-1537,active,55-64,Groningen,NL,email
Gabriel,Moreau,gabriel.moreau.9502@customer360.test,+1-555-602-1574,active,25-34,Lyon,FR,email
Ethan,Mitchell,ethan.mitchell.9503@customer360.test,+1-555-603-1611,active,25-34,Boston,US,push
Theo,Lawson,theo.lawson.9504@customer360.test,+1-555-604-1648,active,45-54,Leeds,GB,sms
Amelie,Morrison,amelie.morrison.9505@customer360.test,+1-555-605-1685,active,18-24,Calgary,CA,sms
Elias Anne,Fournier,elias-anne.fournier.9506@customer360.test,+1-555-606-1722,active,45-54,Ottawa,CA,push
Oscar,Bennett,oscar.bennett.9507@customer360.test,+1-555-607-1759,active,35-44,Glasgow,GB,email
Juliette,Fontaine,juliette.fontaine.9508@customer360.test,+1-555-608-1796,active,35-44,Toulouse,FR,sms
Nana,Sato,nana.sato.9509@customer360.test,+1-555-609-1833,active,25-34,Nagoya,JP,email
Clara Claire,Beaulieu,clara-claire.beaulieu.9510@customer360.test,+1-555-610-1870,active,25-34,Vancouver,CA,sms
Valeria,Delgado,valeria.delgado.9511@customer360.test,+1-555-611-1907,active,35-44,Monterrey,MX,email
Sofia Rose,Bennett,sofia-rose.bennett.9512@customer360.test,+1-555-612-1944,active,45-54,Austin,US,push
Aoi,Tanaka,aoi.tanaka.9513@customer360.test,+1-555-613-1981,active,45-54,Tokyo,JP,email
Noor Jan,Smit,noor-jan.smit.9514@customer360.test,+1-555-614-2018,active,35-44,Eindhoven,NL,email
Leo,Rojas,leo.rojas.9515@customer360.test,+1-555-615-2055,active,25-34,Barcelona,ES,sms
Pablo,Iglesias,pablo.iglesias.9516@customer360.test,+1-555-616-2092,active,25-34,Barcelona,ES,email
Sem,Vos,sem.vos.9517@customer360.test,+1-555-617-2129,active,18-24,Rotterdam,NL,email
Aditi Raj,Desai,aditi-raj.desai.9518@customer360.test,+1-555-618-2166,active,25-34,Delhi,IN,email
Isla,Clarke,isla.clarke.9519@customer360.test,+1-555-619-2203,active,25-34,Melbourne,AU,sms
Evie,Whitmore,evie.whitmore.9520@customer360.test,+1-555-620-2240,active,45-54,Glasgow,GB,email
Kavya,Desai,kavya.desai.9521@customer360.test,+1-555-621-2277,active,35-44,Kolkata,IN,push
Clara,Vogel,clara.vogel.9522@customer360.test,+1-555-622-2314,active,18-24,Stuttgart,DE,email
Mio Aya,Yoshida,mio-aya.yoshida.9523@customer360.test,+1-555-623-2351,active,18-24,Osaka,JP,push
Evie,Chapman,evie.chapman.9524@customer360.test,+1-555-624-2388,active,25-34,Edinburgh,GB,email
Aisha,Chua,aisha.chua.9525@customer360.test,+1-555-625-2425,active,35-44,Singapore,SG,push
Mateus,Mendes,mateus.mendes.9526@customer360.test,+1-555-626-2462,active,45-54,Brasilia,BR,email
Tommaso,Rossi,tommaso.rossi.9527@customer360.test,+1-555-627-2499,active,35-44,Milan,IT,email
Lucas,Almeida,lucas.almeida.9528@customer360.test,+1-555-628-2536,active,18-24,Sao Paulo,BR,push
Mei,Yamada,mei.yamada.9529@customer360.test,+1-555-629-2573,active,35-44,Nagoya,JP,sms
Clara Jean,Lefevre,clara-jean.lefevre.9530@customer360.test,+1-555-630-2610,active,18-24,Nantes,FR,email
Zoe,Parker,zoe.parker.9531@customer360.test,+1-555-631-2647,active,25-34,Atlanta,US,push
Dylan,Hayes,dylan.hayes.9532@customer360.test,+1-555-632-2684,active,35-44,San Diego,US,push
Cooper,Anderson,cooper.anderson.9533@customer360.test,+1-555-633-2721,active,45-54,Canberra,AU,sms
Daniel,Marin,daniel.marin.9534@customer360.test,+1-555-634-2758,active,25-34,Bilbao,ES,sms
Aarav,Desai,aarav.desai.9535@customer360.test,+1-555-635-2795,inactive,35-44,Pune,IN,email
Arjun,Chatterjee,arjun.chatterjee.9536@customer360.test,+1-555-636-2832,active,25-34,Hyderabad,IN,sms
Arthur,Laurent,arthur.laurent.9537@customer360.test,+1-555-637-2869,active,25-34,Bordeaux,FR,sms
Haruto Hiro,Kato,haruto-hiro.kato.9538@customer360.test,+1-555-638-2906,active,55-64,Nagoya,JP,push
Camille,Blanc,camille.blanc.9539@customer360.test,+1-555-639-2943,active,45-54,Lyon,FR,push
Daiki,Ito,daiki.ito.9540@customer360.test,+1-555-640-2980,active,55-64,Osaka,JP,email
Amara Lee,Naidoo,amara-lee.naidoo.9541@customer360.test,+1-555-641-3017,active,25-34,Johannesburg,ZA,push
Maisie,Whitmore,maisie.whitmore.9542@customer360.test,+1-555-642-3054,active,45-54,Manchester,GB,email
Chiara,Esposito,chiara.esposito.9543@customer360.test,+1-555-643-3091,active,18-24,Milan,IT,email
Reyansh Dev,Chatterjee,reyansh-dev.chatterjee.9544@customer360.test,+1-555-644-3128,active,35-44,Ahmedabad,IN,push
Martin,Vega,martin.vega.9545@customer360.test,+1-555-645-3165,active,55-64,Barcelona,ES,push
Mateo,Vidal,mateo.vidal.9546@customer360.test,+1-555-646-3202,active,35-44,Madrid,ES,email
Giulia,Moretti,giulia.moretti.9547@customer360.test,+1-555-647-3239,active,45-54,Naples,IT,push
Giulia,Moretti,giulia.moretti.9548@customer360.test,+1-555-648-3276,active,25-34,Palermo,IT,push
Poppy,Hughes,poppy.hughes.9549@customer360.test,+1-555-649-3313,active,35-44,Leeds,GB,push
Mei,Ito,mei.ito.9550@customer360.test,+1-555-650-3350,active,18-24,Osaka,JP,email
Jia En,Lee,jia-en.lee.9551@customer360.test,+1-555-651-3387,active,25-34,Singapore,SG,push
Baptiste Paul,Renard,baptiste-paul.renard.9552@customer360.test,+1-555-652-3424,active,35-44,Toulouse,FR,email
Carmen,Navarro,carmen.navarro.9553@customer360.test,+1-555-653-3461,active,35-44,Malaga,ES,email
Lucas,Poirier,lucas.poirier.9554@customer360.test,+1-555-654-3498,active,18-24,Edmonton,CA,email
Finn,De Boer,finn.de-boer.9555@customer360.test,+1-555-655-3535,active,35-44,The Hague,NL,push
Noah Marie,Schneider,noah-marie.schneider.9556@customer360.test,+1-555-656-3572,active,35-44,Cologne,DE,sms
Amelia,Ellis,amelia.ellis.9557@customer360.test,+1-555-657-3609,active,25-34,Glasgow,GB,sms
Diya,Saxena,diya.saxena.9558@customer360.test,+1-555-658-3646,active,18-24,Mumbai,IN,push
Dylan,Russell,dylan.russell.9559@customer360.test,+1-555-659-3683,active,25-34,Austin,US,push
Alice,Lombardi,alice.lombardi.9560@customer360.test,+1-555-660-3720,active,18-24,Florence,IT,email
Sienna,Hughes,sienna.hughes.9561@customer360.test,+1-555-661-3757,active,35-44,Perth,AU,push
Elliot James,Hayes,elliot-james.hayes.9562@customer360.test,+1-555-662-3794,active,25-34,Brisbane,AU,push
Elias Anne,Sinclair,elias-anne.sinclair.9563@customer360.test,+1-555-663-3831,active,35-44,Montreal,CA,sms
Alice Luca,Costa,alice-luca.costa.9564@customer360.test,+1-555-664-3868,inactive,35-44,Palermo,IT,push
Vihaan,Iyer,vihaan.iyer.9565@customer360.test,+1-555-665-3905,active,25-34,Chennai,IN,sms
Nina,Vos,nina.vos.9566@customer360.test,+1-555-666-3942,active,35-44,Groningen,NL,email
Naledi James,Mabena,naledi-james.mabena.9567@customer360.test,+1-555-667-3979,active,55-64,Bloemfontein,ZA,email
Ines,Rousseau,ines.rousseau.9568@customer360.test,+1-555-668-4016,active,45-54,Paris,FR,sms
Aiden,Dlamini,aiden.dlamini.9569@customer360.test,+1-555-669-4053,inactive,35-44,Gqeberha,ZA,email
Zoe Kai,Mitchell,zoe-kai.mitchell.9570@customer360.test,+1-555-670-4090,active,25-34,Boston,US,sms
Nadia,Ng,nadia.ng.9571@customer360.test,+1-555-671-4127,active,18-24,Singapore,SG,sms
Kabir,Sharma,kabir.sharma.9572@customer360.test,+1-555-672-4164,active,35-44,Hyderabad,IN,email
Theo Jane,Griffiths,theo-jane.griffiths.9573@customer360.test,+1-555-673-4201,active,45-54,Glasgow,GB,sms
Nana,Ito,nana.ito.9574@customer360.test,+1-555-674-4238,active,25-34,Fukuoka,JP,sms
Maeve,Lavoie,maeve.lavoie.9575@customer360.test,+1-555-675-4275,inactive,18-24,Toronto,CA,sms
Ishaan,Nair,ishaan.nair.9576@customer360.test,+1-555-676-4312,active,25-34,Kolkata,IN,email
Nana,Takahashi,nana.takahashi.9577@customer360.test,+1-555-677-4349,active,25-34,Fukuoka,JP,email
Aurora,Ferrari,aurora.ferrari.9578@customer360.test,+1-555-678-4386,active,35-44,Palermo,IT,sms
Tara,Bhat,tara.bhat.9579@customer360.test,+1-555-679-4423,active,35-44,Hyderabad,IN,push
Yuto,Watanabe,yuto.watanabe.9580@customer360.test,+1-555-680-4460,active,18-24,Fukuoka,JP,email
Jack,Reid,jack.reid.9581@customer360.test,+1-555-681-4497,active,25-34,Hobart,AU,push
Sofia Maria,Cervantes,sofia-maria.cervantes.9582@customer360.test,+1-555-682-4534,active,45-54,Guadalajara,MX,sms
Imogen,Hughes,imogen.hughes.9583@customer360.test,+1-555-683-4571,active,25-34,London,GB,push
Lachlan,McKenzie,lachlan.mckenzie.9584@customer360.test,+1-555-684-4608,active,45-54,Brisbane,AU,email
Siti,Tan,siti.tan.9585@customer360.test,+1-555-685-4645,active,18-24,Singapore,SG,sms
Aditya,Kulkarni,aditya.kulkarni.9586@customer360.test,+1-555-686-4682,active,25-34,Hyderabad,IN,sms
Rafael Maria,Nogueira,rafael-maria.nogueira.9587@customer360.test,+1-555-687-4719,inactive,55-64,Rio de Janeiro,BR,push
Theo,Blanc,theo.blanc.9588@customer360.test,+1-555-688-4756,inactive,25-34,Nantes,FR,email
Luiza,Ferreira,luiza.ferreira.9589@customer360.test,+1-555-689-4793,active,25-34,Brasilia,BR,sms
Yui,Nakamura,yui.nakamura.9590@customer360.test,+1-555-690-4830,active,55-64,Kyoto,JP,push
Aditya,Kapoor,aditya.kapoor.9591@customer360.test,+1-555-691-4867,active,55-64,Pune,IN,push
Baptiste,Marchand,baptiste.marchand.9592@customer360.test,+1-555-692-4904,active,55-64,Lille,FR,email
Quinn,Cooper,quinn.cooper.9593@customer360.test,+1-555-693-4941,active,35-44,San Diego,US,push
George,Chapman,george.chapman.9594@customer360.test,+1-555-694-4978,active,35-44,Birmingham,GB,sms
Yuto,Yoshida,yuto.yoshida.9595@customer360.test,+1-555-695-5015,active,35-44,Fukuoka,JP,push
Louis,Fontaine,louis.fontaine.9596@customer360.test,+1-555-696-5052,inactive,25-34,Marseille,FR,email
Hui Min Wei,Tan,hui-min-wei.tan.9597@customer360.test,+1-555-697-5089,active,25-34,Singapore,SG,push
Dylan,Morgan,dylan.morgan.9598@customer360.test,+1-555-698-5126,active,18-24,Chicago,US,push
Elena Jose,Ortega,elena-jose.ortega.9599@customer360.test,+1-555-699-5163,active,25-34,Monterrey,MX,push
Leon,Hartmann,leon.hartmann.9600@customer360.test,+1-555-700-5200,inactive,25-34,Berlin,DE,push
Morgan,Carter,morgan.carter.9601@customer360.test,+1-555-701-5237,active,25-34,Austin,US,sms
Gabriel,Oliveira,gabriel.oliveira.9602@customer360.test,+1-555-702-5274,active,45-54,Sao Paulo,BR,sms
Rin,Suzuki,rin.suzuki.9603@customer360.test,+1-555-703-5311,inactive,45-54,Osaka,JP,sms
Naomi,Turner,naomi.turner.9604@customer360.test,+1-555-704-5348,active,25-34,Philadelphia,US,push
Chiara Maria,Bianchi,chiara-maria.bianchi.9605@customer360.test,+1-555-705-5385,active,55-64,Bologna,IT,sms
Alba,Rojas,alba.rojas.9606@customer360.test,+1-555-706-5422,active,55-64,Bilbao,ES,sms
Tommaso,Bianchi,tommaso.bianchi.9607@customer360.test,+1-555-707-5459,active,35-44,Palermo,IT,sms
Rin,Yamada,rin.yamada.9608@customer360.test,+1-555-708-5496,active,25-34,Nagoya,JP,sms
Thiago Luiz,Ribeiro,thiago-luiz.ribeiro.9609@customer360.test,+1-555-709-5533,active,45-54,Brasilia,BR,push
Oliver Edward,Bennett,oliver-edward.bennett.9610@customer360.test,+1-555-710-5570,active,45-54,Leeds,GB,email
Arthur,Blanc,arthur.blanc.9611@customer360.test,+1-555-711-5607,active,45-54,Marseille,FR,email
Javier Jose,Castillo,javier-jose.castillo.9612@customer360.test,+1-555-712-5644,inactive,35-44,Merida,MX,sms
Reyansh,Saxena,reyansh.saxena.9613@customer360.test,+1-555-713-5681,active,25-34,Ahmedabad,IN,sms
Daniel Jose,Serrano,daniel-jose.serrano.9614@customer360.test,+1-555-714-5718,active,45-54,Malaga,ES,push
Arjun,Saxena,arjun.saxena.9615@customer360.test,+1-555-715-5755,active,45-54,Hyderabad,IN,push
Jack Grace,Morgan,jack-grace.morgan.9616@customer360.test,+1-555-716-5792,active,35-44,Melbourne,AU,sms
Rafael Luiz,Araujo,rafael-luiz.araujo.9617@customer360.test,+1-555-717-5829,active,35-44,Brasilia,BR,email
Alice,Costa,alice.costa.9618@customer360.test,+1-555-718-5866,active,35-44,Turin,IT,push
Dylan,Ward,dylan.ward.9619@customer360.test,+1-555-719-5903,active,35-44,Seattle,US,sms
Lucas,Morrison,lucas.morrison.9620@customer360.test,+1-555-720-5940,active,25-34,Toronto,CA,push
Sana,Joshi,sana.joshi.9621@customer360.test,+1-555-721-5977,active,55-64,Kolkata,IN,sms
Bram,Bakker,bram.bakker.9622@customer360.test,+1-555-722-6014,active,18-24,Rotterdam,NL,sms
Valentina,Oliveira,valentina.oliveira.9623@customer360.test,+1-555-723-6051,active,35-44,Rio de Janeiro,BR,email
Hugo,Vega,hugo.vega.9624@customer360.test,+1-555-724-6088,inactive,25-34,Seville,ES,push
Thiago,Teixeira,thiago.teixeira.9625@customer360.test,+1-555-725-6125,active,45-54,Rio de Janeiro,BR,email
Ishaan,Chatterjee,ishaan.chatterjee.9626@customer360.test,+1-555-726-6162,active,18-24,Kochi,IN,email
Alice,Gallo,alice.gallo.9627@customer360.test,+1-555-727-6199,active,35-44,Milan,IT,email
Chloe,Laurent,chloe.laurent.9628@customer360.test,+1-555-728-6236,active,35-44,Paris,FR,sms
Emiliano,Fuentes,emiliano.fuentes.9629@customer360.test,+1-555-729-6273,active,35-44,Mexico City,MX,email
Anaya,Menon,anaya.menon.9630@customer360.test,+1-555-730-6310,active,45-54,Bengaluru,IN,push
Noor,Smit,noor.smit.9631@customer360.test,+1-555-731-6347,active,55-64,Eindhoven,NL,push
Alejandro Luis,Fuentes,alejandro-luis.fuentes.9632@customer360.test,+1-555-732-6384,active,25-34,Monterrey,MX,push
Liam Claire,Bouchard,liam-claire.bouchard.9633@customer360.test,+1-555-733-6421,active,45-54,Halifax,CA,sms
Anaya,Rao,anaya.rao.9634@customer360.test,+1-555-734-6458,active,35-44,Mumbai,IN,push
Ishaan,Bhat,ishaan.bhat.9635@customer360.test,+1-555-735-6495,active,18-24,Chennai,IN,push
Yui,Yoshida,yui.yoshida.9636@customer360.test,+1-555-736-6532,active,25-34,Kyoto,JP,email
Javier,Rios,javier.rios.9637@customer360.test,+1-555-737-6569,active,35-44,Queretaro,MX,push
Gabriele,Romano,gabriele.romano.9638@customer360.test,+1-555-738-6606,active,25-34,Naples,IT,push
Isla,Crawford,isla.crawford.9639@customer360.test,+1-555-739-6643,active,35-44,Manchester,GB,push
Maeve,Sinclair,maeve.sinclair.9640@customer360.test,+1-555-740-6680,inactive,25-34,Halifax,CA,push
Lena Grace,Russell,lena-grace.russell.9641@customer360.test,+1-555-741-6717,active,35-44,Minneapolis,US,push
Ishita,Nair,ishita.nair.9642@customer360.test,+1-555-742-6754,active,18-24,Delhi,IN,push
Ishita,Kapoor,ishita.kapoor.9643@customer360.test,+1-555-743-6791,active,18-24,Chennai,IN,email
Lucas,Bakker,lucas.bakker.9644@customer360.test,+1-555-744-6828,active,55-64,The Hague,NL,email
Marco,Moretti,marco.moretti.9645@customer360.test,+1-555-745-6865,active,25-34,Naples,IT,sms
Lotte,Bakker,lotte.bakker.9646@customer360.test,+1-555-746-6902,active,18-24,Amsterdam,NL,sms
Reyansh,Desai,reyansh.desai.9647@customer360.test,+1-555-747-6939,active,25-34,Mumbai,IN,email
Isla,McKenzie,isla.mckenzie.9648@customer360.test,+1-555-748-6976,active,35-44,Canberra,AU,email
Camila,Mendoza,camila.mendoza.9649@customer360.test,+1-555-749-7013,active,18-24,Merida,MX,email
Camille,Fraser,camille.fraser.9650@customer360.test,+1-555-750-7050,active,35-44,Halifax,CA,email
Alfie,Ellis,alfie.ellis.9651@customer360.test,+1-555-751-7087,active,25-34,Birmingham,GB,push
Anaya,Menon,anaya.menon.9652@customer360.test,+1-555-752-7124,active,25-34,Kochi,IN,push
Ethan,Bennett,ethan.bennett.9653@customer360.test,+1-555-753-7161,active,35-44,Minneapolis,US,sms
Santiago Elena,Morales,santiago-elena.morales.9654@customer360.test,+1-555-754-7198,inactive,18-24,Monterrey,MX,email
Valeria,Vega,valeria.vega.9655@customer360.test,+1-555-755-7235,active,18-24,Malaga,ES,sms
Theo,Fletcher,theo.fletcher.9656@customer360.test,+1-555-756-7272,active,55-64,Bristol,GB,sms
Mateo,Delgado,mateo.delgado.9657@customer360.test,+1-555-757-7309,active,18-24,Merida,MX,email
Renata,Castillo,renata.castillo.9658@customer360.test,+1-555-758-7346,active,55-64,Merida,MX,email
Juliette Jean,Marchand,juliette-jean.marchand.9659@customer360.test,+1-555-759-7383,active,25-34,Toulouse,FR,email
Alejandro,Hernandez,alejandro.hernandez.9660@customer360.test,+1-555-760-7420,inactive,18-24,Queretaro,MX,push
Lachlan,Hughes,lachlan.hughes.9661@customer360.test,+1-555-761-7457,active,55-64,Melbourne,AU,push
Pedro,Araujo,pedro.araujo.9662@customer360.test,+1-555-762-7494,active,45-54,Recife,BR,email
Noah,Beaulieu,noah.beaulieu.9663@customer360.test,+1-555-763-7531,active,18-24,Montreal,CA,email
Mateo,Ortega,mateo.ortega.9664@customer360.test,+1-555-764-7568,active,45-54,Queretaro,MX,email
Alice,Ricci,alice.ricci.9665@customer360.test,+1-555-765-7605,active,25-34,Naples,IT,email
Mathis,Lefevre,mathis.lefevre.9666@customer360.test,+1-555-766-7642,active,25-34,Nantes,FR,sms
Sakura Aya,Nakamura,sakura-aya.nakamura.9667@customer360.test,+1-555-767-7679,active,55-64,Yokohama,JP,email
Arthur,Fontaine,arthur.fontaine.9668@customer360.test,+1-555-768-7716,active,55-64,Lyon,FR,push
Mateus,Teixeira,mateus.teixeira.9669@customer360.test,+1-555-769-7753,active,55-64,Porto Alegre,BR,sms
Parker,Ward,parker.ward.9670@customer360.test,+1-555-770-7790,active,25-34,Boston,US,sms
Ethan Grace,Foster,ethan-grace.foster.9671@customer360.test,+1-555-771-7827,active,45-54,Portland,US,sms
Kabir,Nair,kabir.nair.9672@customer360.test,+1-555-772-7864,active,25-34,Bengaluru,IN,email
Matteo,Ferrari,matteo.ferrari.9673@customer360.test,+1-555-773-7901,active,25-34,Turin,IT,push
Imogen Jane,Chapman,imogen-jane.chapman.9674@customer360.test,+1-555-774-7938,active,55-64,Leeds,GB,push
Giulia,Esposito,giulia.esposito.9675@customer360.test,+1-555-775-7975,active,18-24,Palermo,IT,push
Jack,Sullivan,jack.sullivan.9676@customer360.test,+1-555-776-8012,active,18-24,Melbourne,AU,email
Maximilian Lukas,Hartmann,maximilian-lukas.hartmann.9677@customer360.test,+1-555-777-8049,active,45-54,Munich,DE,sms
Valeria,Serrano,valeria.serrano.9678@customer360.test,+1-555-778-8086,active,25-34,Seville,ES,push
Marie,Vogel,marie.vogel.9679@customer360.test,+1-555-779-8123,active,35-44,Munich,DE,email
Yuto,Tanaka,yuto.tanaka.9680@customer360.test,+1-555-780-8160,active,35-44,Osaka,JP,sms
Louis Luc,Chevalier,louis-luc.chevalier.9681@customer360.test,+1-555-781-8197,active,35-44,Nantes,FR,push
Diego Jose,Garcia,diego-jose.garcia.9682@customer360.test,+1-555-782-8234,active,25-34,Bilbao,ES,sms
Elisa,Costa,elisa.costa.9683@customer360.test,+1-555-783-8271,active,25-34,Bologna,IT,push
Jordan Rose,Parker,jordan-rose.parker.9684@customer360.test,+1-555-784-8308,active,18-24,Portland,US,sms
Matilda,Cameron,matilda.cameron.9685@customer360.test,+1-555-785-8345,inactive,55-64,Hobart,AU,sms
Lena,Neumann,lena.neumann.9686@customer360.test,+1-555-786-8382,active,45-54,Munich,DE,push
Reyansh,Kulkarni,reyansh.kulkarni.9687@customer360.test,+1-555-787-8419,active,45-54,Chennai,IN,push
Hui Min,Ismail,hui-min.ismail.9688@customer360.test,+1-555-788-8456,active,45-54,Singapore,SG,push
Mila,Neumann,mila.neumann.9689@customer360.test,+1-555-789-8493,active,25-34,Hamburg,DE,push
Emiliano,Morales,emiliano.morales.9690@customer360.test,+1-555-790-8530,active,45-54,Guadalajara,MX,email
Ines,Laurent,ines.laurent.9691@customer360.test,+1-555-791-8567,active,35-44,Marseille,FR,push
Ethan,Brooks,ethan.brooks.9692@customer360.test,+1-555-792-8604,active,35-44,Austin,US,push
Hamish,Sullivan,hamish.sullivan.9693@customer360.test,+1-555-793-8641,active,35-44,Hobart,AU,email
Leon,Neumann,leon.neumann.9694@customer360.test,+1-555-794-8678,active,25-34,Cologne,DE,push
Owen,Morrison,owen.morrison.9695@customer360.test,+1-555-795-8715,active,35-44,Toronto,CA,push
Pablo,Garcia,pablo.garcia.9696@customer360.test,+1-555-796-8752,active,45-54,Madrid,ES,email
Alba,Rojas,alba.rojas.9697@customer360.test,+1-555-797-8789,active,35-44,Barcelona,ES,push
Lena Rose,Collins,lena-rose.collins.9698@customer360.test,+1-555-798-8826,active,25-34,Seattle,US,sms
Sienna,Hughes,sienna.hughes.9699@customer360.test,+1-555-799-8863,active,55-64,Canberra,AU,email
Vihaan,Chatterjee,vihaan.chatterjee.9700@customer360.test,+1-555-800-8900,active,25-34,Delhi,IN,push
Rohan,Bhat,rohan.bhat.9701@customer360.test,+1-555-801-8937,active,55-64,Chennai,IN,push
Tara,Sharma,tara.sharma.9702@customer360.test,+1-555-802-8974,active,45-54,Jaipur,IN,sms
Maeve,Fournier,maeve.fournier.9703@customer360.test,+1-555-803-9011,active,35-44,Halifax,CA,push
Elias,Campbell,elias.campbell.9704@customer360.test,+1-555-804-9048,active,45-54,Halifax,CA,sms
Tess,Smit,tess.smit.9705@customer360.test,+1-555-805-9085,active,25-34,Rotterdam,NL,sms
Mariana Maria,Mendoza,mariana-maria.mendoza.9706@customer360.test,+1-555-806-9122,active,25-34,Merida,MX,push
Nora Rose,Mitchell,nora-rose.mitchell.9707@customer360.test,+1-555-807-9159,active,25-34,Atlanta,US,sms
Aditi Neel,Chatterjee,aditi-neel.chatterjee.9708@customer360.test,+1-555-808-9196,active,25-34,Pune,IN,sms
Liam,Bouchard,liam.bouchard.9709@customer360.test,+1-555-809-9233,active,25-34,Toronto,CA,sms
Tara Neel,Kulkarni,tara-neel.kulkarni.9710@customer360.test,+1-555-810-9270,active,18-24,Jaipur,IN,push
Ethan,Wong,ethan.wong.9711@customer360.test,+1-555-811-9307,active,45-54,Singapore,SG,email
Chloe,Campbell,chloe.campbell.9712@customer360.test,+1-555-812-9344,active,55-64,Toronto,CA,sms
Naledi James,Nkosi,naledi-james.nkosi.9713@customer360.test,+1-555-813-9381,active,18-24,Johannesburg,ZA,email
Daiki,Ito,daiki.ito.9714@customer360.test,+1-555-814-9418,active,25-34,Yokohama,JP,sms
Leonie,Girard,leonie.girard.9715@customer360.test,+1-555-815-9455,active,25-34,Marseille,FR,push
Owen Claire,Mercer,owen-claire.mercer.9716@customer360.test,+1-555-816-9492,active,35-44,Toronto,CA,push
Theo,Gauthier,theo.gauthier.9717@customer360.test,+1-555-817-9529,active,25-34,Calgary,CA,sms
Pablo,Rojas,pablo.rojas.9718@customer360.test,+1-555-818-9566,active,35-44,Madrid,ES,sms
Miles Alex,Brooks,miles-alex.brooks.9719@customer360.test,+1-555-819-9603,active,18-24,Philadelphia,US,sms
Alfie Jane,Griffiths,alfie-jane.griffiths.9720@customer360.test,+1-555-820-9640,active,35-44,Birmingham,GB,push
Felix,Keller,felix.keller.9721@customer360.test,+1-555-821-9677,active,35-44,Frankfurt,DE,email
Grace,Clarke,grace.clarke.9722@customer360.test,+1-555-822-9714,active,25-34,Canberra,AU,push
Meera,Kulkarni,meera.kulkarni.9723@customer360.test,+1-555-823-9751,active,35-44,Bengaluru,IN,sms
George Jane,Sinclair,george-jane.sinclair.9724@customer360.test,+1-555-824-9788,active,45-54,Manchester,GB,sms
Mateo,Vidal,mateo.vidal.9725@customer360.test,+1-555-825-9825,active,45-54,Valencia,ES,sms
Sofia,Conti,sofia.conti.9726@customer360.test,+1-555-826-9862,active,35-44,Palermo,IT,push
Aisha,Wong,aisha.wong.9727@customer360.test,+1-555-827-9899,active,35-44,Singapore,SG,sms
Cooper,Morgan,cooper.morgan.9728@customer360.test,+1-555-828-9936,active,45-54,Hobart,AU,sms
Naomi,Parker,naomi.parker.9729@customer360.test,+1-555-829-9973,active,45-54,Austin,US,sms
Gabriel,Nogueira,gabriel.nogueira.9730@customer360.test,+1-555-830-1010,inactive,45-54,Porto Alegre,BR,sms
Mila,Beaulieu,mila.beaulieu.9731@customer360.test,+1-555-831-1047,active,18-24,Montreal,CA,push
Fleur,Smit,fleur.smit.9732@customer360.test,+1-555-832-1084,active,25-34,The Hague,NL,push
Julian,Poirier,julian.poirier.9733@customer360.test,+1-555-833-1121,inactive,18-24,Halifax,CA,push
Kian Nia,Pillay,kian-nia.pillay.9734@customer360.test,+1-555-834-1158,active,18-24,Johannesburg,ZA,email
Hugo,Vega,hugo.vega.9735@customer360.test,+1-555-835-1195,active,25-34,Valencia,ES,sms
Marie,Vogel,marie.vogel.9736@customer360.test,+1-555-836-1232,active,18-24,Munich,DE,push
Ishaan,Menon,ishaan.menon.9737@customer360.test,+1-555-837-1269,active,45-54,Mumbai,IN,push
Sienna,McKenzie,sienna.mckenzie.9738@customer360.test,+1-555-838-1306,active,35-44,Adelaide,AU,push
Marcus,Goh,marcus.goh.9739@customer360.test,+1-555-839-1343,active,25-34,Singapore,SG,push
Diya Neel,Rao,diya-neel.rao.9740@customer360.test,+1-555-840-1380,inactive,55-64,Chennai,IN,email
Valeria,Garcia,valeria.garcia.9741@customer360.test,+1-555-841-1417,active,25-34,Valencia,ES,email
Siti,Tan,siti.tan.9742@customer360.test,+1-555-842-1454,active,45-54,Singapore,SG,sms
Julian,Lavoie,julian.lavoie.9743@customer360.test,+1-555-843-1491,active,35-44,Toronto,CA,push
Hugo,Garcia,hugo.garcia.9744@customer360.test,+1-555-844-1528,active,55-64,Barcelona,ES,email
Sophie,Bouchard,sophie.bouchard.9745@customer360.test,+1-555-845-1565,active,45-54,Vancouver,CA,push
Caio,Nogueira,caio.nogueira.9746@customer360.test,+1-555-846-1602,active,25-34,Brasilia,BR,push
Thabo,Van Wyk,thabo.van-wyk.9747@customer360.test,+1-555-847-1639,active,45-54,Gqeberha,ZA,push
Avery,Hayes,avery.hayes.9748@customer360.test,+1-555-848-1676,active,35-44,Philadelphia,US,email
Isla,Morgan,isla.morgan.9749@customer360.test,+1-555-849-1713,active,45-54,Brisbane,AU,push
Nisha,Sharma,nisha.sharma.9750@customer360.test,+1-555-850-1750,active,18-24,Chennai,IN,sms
Sofia,Serrano,sofia.serrano.9751@customer360.test,+1-555-851-1787,active,55-64,Madrid,ES,push
Finn Rose,Anderson,finn-rose.anderson.9752@customer360.test,+1-555-852-1824,active,45-54,Perth,AU,sms
Sofia,Mendoza,sofia.mendoza.9753@customer360.test,+1-555-853-1861,active,35-44,Merida,MX,sms
Freya,Bennett,freya.bennett.9754@customer360.test,+1-555-854-1898,inactive,45-54,Edinburgh,GB,push
Lwazi,Nkosi,lwazi.nkosi.9755@customer360.test,+1-555-855-1935,active,25-34,Bloemfontein,ZA,email
George,Chapman,george.chapman.9756@customer360.test,+1-555-856-1972,active,25-34,Glasgow,GB,push
Mila,Schneider,mila.schneider.9757@customer360.test,+1-555-857-2009,active,25-34,Berlin,DE,email
Javier Maria,Cervantes,javier-maria.cervantes.9758@customer360.test,+1-555-858-2046,active,25-34,Guadalajara,MX,push
Emiliano Jose,Vargas,emiliano-jose.vargas.9759@customer360.test,+1-555-859-2083,active,18-24,Guadalajara,MX,email
Siti,Koh,siti.koh.9760@customer360.test,+1-555-860-2120,inactive,25-34,Singapore,SG,push
Clara,Morrison,clara.morrison.9761@customer360.test,+1-555-861-2157,inactive,35-44,Vancouver,CA,email
Ethan Kai,Brooks,ethan-kai.brooks.9762@customer360.test,+1-555-862-2194,active,45-54,Denver,US,sms
Santiago,Morales,santiago.morales.9763@customer360.test,+1-555-863-2231,active,45-54,Monterrey,MX,push
Arthur,Whitmore,arthur.whitmore.9764@customer360.test,+1-555-864-2268,active,18-24,Leeds,GB,push
George Rose,Sinclair,george-rose.sinclair.9765@customer360.test,+1-555-865-2305,active,18-24,Glasgow,GB,email
Ethan Alex,Foster,ethan-alex.foster.9766@customer360.test,+1-555-866-2342,active,25-34,San Diego,US,email
Gabriele Luca,Marino,gabriele-luca.marino.9767@customer360.test,+1-555-867-2379,active,35-44,Rome,IT,email
Nisha,Mehta,nisha.mehta.9768@customer360.test,+1-555-868-2416,active,45-54,Kochi,IN,sms
Ines,Moreau,ines.moreau.9769@customer360.test,+1-555-869-2453,active,18-24,Toulouse,FR,push
Chloe,Lefevre,chloe.lefevre.9770@customer360.test,+1-555-870-2490,active,18-24,Lille,FR,push
Tess,Bos,tess.bos.9771@customer360.test,+1-555-871-2527,active,55-64,Utrecht,NL,sms
Ishita,Iyer,ishita.iyer.9772@customer360.test,+1-555-872-2564,active,35-44,Bengaluru,IN,sms
Tess,Van Dijk,tess.van-dijk.9773@customer360.test,+1-555-873-2601,active,25-34,Amsterdam,NL,push
Sem,Bakker,sem.bakker.9774@customer360.test,+1-555-874-2638,active,18-24,Amsterdam,NL,email
Sota,Kato,sota.kato.9775@customer360.test,+1-555-875-2675,active,18-24,Tokyo,JP,push
Sofia,Mendoza,sofia.mendoza.9776@customer360.test,+1-555-876-2712,active,18-24,Queretaro,MX,email
Mariana,Costa,mariana.costa.9777@customer360.test,+1-555-877-2749,active,25-34,Porto Alegre,BR,sms
Rin,Kobayashi,rin.kobayashi.9778@customer360.test,+1-555-878-2786,active,35-44,Yokohama,JP,sms
Sienna,Hughes,sienna.hughes.9779@customer360.test,+1-555-879-2823,active,35-44,Sydney,AU,sms
Marcus,Rahman,marcus.rahman.9780@customer360.test,+1-555-880-2860,active,55-64,Singapore,SG,sms
Imogen,Chapman,imogen.chapman.9781@customer360.test,+1-555-881-2897,active,18-24,Manchester,GB,sms
Camille,Mercier,camille.mercier.9782@customer360.test,+1-555-882-2934,active,35-44,Lille,FR,sms
Callum,Fletcher,callum.fletcher.9783@customer360.test,+1-555-883-2971,active,35-44,Brisbane,AU,sms
Isla James,Sullivan,isla-james.sullivan.9784@customer360.test,+1-555-884-3008,active,18-24,Adelaide,AU,email
Owen,Lavoie,owen.lavoie.9785@customer360.test,+1-555-885-3045,active,35-44,Toronto,CA,sms
Sofia,Mendoza,sofia.mendoza.9786@customer360.test,+1-555-886-3082,active,45-54,Guadalajara,MX,sms
Finn,Smit,finn.smit.9787@customer360.test,+1-555-887-3119,active,35-44,The Hague,NL,email
Oliver Louise,Griffiths,oliver-louise.griffiths.9788@customer360.test,+1-555-888-3156,active,18-24,Leeds,GB,sms
Amelie,Becker,amelie.becker.9789@customer360.test,+1-555-889-3193,active,55-64,Hamburg,DE,sms
George James,Whitmore,george-james.whitmore.9790@customer360.test,+1-555-890-3230,active,18-24,Leeds,GB,email
Vihaan,Kapoor,vihaan.kapoor.9791@customer360.test,+1-555-891-3267,active,18-24,Chennai,IN,push
Lena,Vogel,lena.vogel.9792@customer360.test,+1-555-892-3304,active,35-44,Berlin,DE,push
Mateo,Delgado,mateo.delgado.9793@customer360.test,+1-555-893-3341,active,35-44,Monterrey,MX,push
Alejandro,Castillo,alejandro.castillo.9794@customer360.test,+1-555-894-3378,inactive,35-44,Puebla,MX,sms
Sanne,Vos,sanne.vos.9795@customer360.test,+1-555-895-3415,active,25-34,Eindhoven,NL,sms
Amara,Pillay,amara.pillay.9796@customer360.test,+1-555-896-3452,active,18-24,Bloemfontein,ZA,sms
Chloe,Renard,chloe.renard.9797@customer360.test,+1-555-897-3489,inactive,55-64,Lyon,FR,push
Diego Maria,Vega,diego-maria.vega.9798@customer360.test,+1-555-898-3526,inactive,25-34,Seville,ES,push
Sana,Malhotra,sana.malhotra.9799@customer360.test,+1-555-899-3563,active,18-24,Bengaluru,IN,email
Emilia,Richter,emilia.richter.9800@customer360.test,+1-555-900-3600,active,55-64,Berlin,DE,sms
Ishaan,Nair,ishaan.nair.9801@customer360.test,+1-555-901-3637,active,55-64,Ahmedabad,IN,email
Camila,Teixeira,camila.teixeira.9802@customer360.test,+1-555-902-3674,active,18-24,Porto Alegre,BR,push
Rohan,Malhotra,rohan.malhotra.9803@customer360.test,+1-555-903-3711,active,25-34,Chennai,IN,sms
Juliette,Girard,juliette.girard.9804@customer360.test,+1-555-904-3748,active,45-54,Lille,FR,sms
Ruby,Hughes,ruby.hughes.9805@customer360.test,+1-555-905-3785,inactive,35-44,Manchester,GB,push
Rin Aya,Ito,rin-aya.ito.9806@customer360.test,+1-555-906-3822,inactive,55-64,Fukuoka,JP,sms
Camila,Castillo,camila.castillo.9807@customer360.test,+1-555-907-3859,active,55-64,Guadalajara,MX,push
Mariana Jose,Navarro,mariana-jose.navarro.9808@customer360.test,+1-555-908-3896,active,18-24,Puebla,MX,sms
Maximilian,Neumann,maximilian.neumann.9809@customer360.test,+1-555-909-3933,active,55-64,Cologne,DE,push
Gabriel Maria,Ferreira,gabriel-maria.ferreira.9810@customer360.test,+1-555-910-3970,active,45-54,Sao Paulo,BR,email
Lena,Foster,lena.foster.9811@customer360.test,+1-555-911-4007,active,18-24,Austin,US,sms
Lachlan,Sullivan,lachlan.sullivan.9812@customer360.test,+1-555-912-4044,active,25-34,Sydney,AU,email
Ishaan,Pillai,ishaan.pillai.9813@customer360.test,+1-555-913-4081,active,25-34,Hyderabad,IN,sms
Thabo,Naidoo,thabo.naidoo.9814@customer360.test,+1-555-914-4118,active,35-44,Bloemfontein,ZA,email
Rin,Yamada,rin.yamada.9815@customer360.test,+1-555-915-4155,active,35-44,Nagoya,JP,sms
Naledi,Mthembu,naledi.mthembu.9816@customer360.test,+1-555-916-4192,active,45-54,Johannesburg,ZA,push
Lerato,Mabena,lerato.mabena.9817@customer360.test,+1-555-917-4229,inactive,25-34,Pretoria,ZA,push
Sienna,Anderson,sienna.anderson.9818@customer360.test,+1-555-918-4266,inactive,25-34,Adelaide,AU,email
Morgan Marie,Hayes,morgan-marie.hayes.9819@customer360.test,+1-555-919-4303,active,35-44,Austin,US,email
Lotte,Visser,lotte.visser.9820@customer360.test,+1-555-920-4340,active,25-34,Amsterdam,NL,push
Vihaan,Saxena,vihaan.saxena.9821@customer360.test,+1-555-921-4377,active,55-64,Mumbai,IN,push
Sofia,Serrano,sofia.serrano.9822@customer360.test,+1-555-922-4414,active,35-44,Puebla,MX,push
Matilda James,Fletcher,matilda-james.fletcher.9823@customer360.test,+1-555-923-4451,active,35-44,Adelaide,AU,push
Mia Rose,Fletcher,mia-rose.fletcher.9824@customer360.test,+1-555-924-4488,active,25-34,Sydney,AU,sms
Elias,Sinclair,elias.sinclair.9825@customer360.test,+1-555-925-4525,active,18-24,Halifax,CA,email
Neo,Naidoo,neo.naidoo.9826@customer360.test,+1-555-926-4562,active,25-34,Bloemfontein,ZA,sms
Cheryl,Teo,cheryl.teo.9827@customer360.test,+1-555-927-4599,active,18-24,Singapore,SG,email
Aisha,Wong,aisha.wong.9828@customer360.test,+1-555-928-4636,active,25-34,Singapore,SG,sms
Morgan,Reed,morgan.reed.9829@customer360.test,+1-555-929-4673,active,25-34,Philadelphia,US,sms
Sofia,Ward,sofia.ward.9830@customer360.test,+1-555-930-4710,active,35-44,San Diego,US,sms
Riley,Parker,riley.parker.9831@customer360.test,+1-555-931-4747,active,25-34,Atlanta,US,push
Zoe,Morgan,zoe.morgan.9832@customer360.test,+1-555-932-4784,active,18-24,Seattle,US,sms
Matteo,Esposito,matteo.esposito.9833@customer360.test,+1-555-933-4821,active,18-24,Florence,IT,push
Sienna,Hayes,sienna.hayes.9834@customer360.test,+1-555-934-4858,active,45-54,Sydney,AU,push
Mila,Morrison,mila.morrison.9835@customer360.test,+1-555-935-4895,active,55-64,Vancouver,CA,email
Arjun Kai,Ng,arjun-kai.ng.9836@customer360.test,+1-555-936-4932,active,55-64,Singapore,SG,push
Owen,Fraser,owen.fraser.9837@customer360.test,+1-555-937-4969,active,25-34,Vancouver,CA,sms
Sakura,Watanabe,sakura.watanabe.9838@customer360.test,+1-555-938-5006,inactive,25-34,Fukuoka,JP,sms
Leon,Neumann,leon.neumann.9839@customer360.test,+1-555-939-5043,active,25-34,Leipzig,DE,email
Gabriel,Marchand,gabriel.marchand.9840@customer360.test,+1-555-940-5080,active,45-54,Toulouse,FR,email
Isla,McKenzie,isla.mckenzie.9841@customer360.test,+1-555-941-5117,active,55-64,Canberra,AU,sms
Avery James,Russell,avery-james.russell.9842@customer360.test,+1-555-942-5154,active,45-54,Seattle,US,push
Mila,Hartmann,mila.hartmann.9843@customer360.test,+1-555-943-5191,active,45-54,Frankfurt,DE,sms
Fleur,Visser,fleur.visser.9844@customer360.test,+1-555-944-5228,active,18-24,Eindhoven,NL,push
Juliette,Chevalier,juliette.chevalier.9845@customer360.test,+1-555-945-5265,active,18-24,Paris,FR,sms
Thiago,Costa,thiago.costa.9846@customer360.test,+1-555-946-5302,active,25-34,Sao Paulo,BR,email
Sophie Lukas,Wagner,sophie-lukas.wagner.9847@customer360.test,+1-555-947-5339,active,45-54,Leipzig,DE,push
Mateo,Vargas,mateo.vargas.9848@customer360.test,+1-555-948-5376,active,25-34,Puebla,MX,sms
Valeria,Cervantes,valeria.cervantes.9849@customer360.test,+1-555-949-5413,active,35-44,Merida,MX,email
Ishaan,Pillai,ishaan.pillai.9850@customer360.test,+1-555-950-5450,active,25-34,Kochi,IN,email
Renata Luis,Serrano,renata-luis.serrano.9851@customer360.test,+1-555-951-5487,active,55-64,Monterrey,MX,email
Ishita Raj,Mehta,ishita-raj.mehta.9852@customer360.test,+1-555-952-5524,active,25-34,Hyderabad,IN,sms
Ryan Wei,Teo,ryan-wei.teo.9853@customer360.test,+1-555-953-5561,active,55-64,Singapore,SG,sms
Riley,Cooper,riley.cooper.9854@customer360.test,+1-555-954-5598,active,18-24,Philadelphia,US,push
Aoi,Kato,aoi.kato.9855@customer360.test,+1-555-955-5635,active,35-44,Kyoto,JP,email
Arjun Priya,Kapoor,arjun-priya.kapoor.9856@customer360.test,+1-555-956-5672,active,45-54,Mumbai,IN,email
Sofia,Morales,sofia.morales.9857@customer360.test,+1-555-957-5709,active,55-64,Monterrey,MX,push
Thiago,Costa,thiago.costa.9858@customer360.test,+1-555-958-5746,inactive,35-44,Rio de Janeiro,BR,sms
Elias,Poirier,elias.poirier.9859@customer360.test,+1-555-959-5783,active,55-64,Ottawa,CA,email
Ethan,Reed,ethan.reed.9860@customer360.test,+1-555-960-5820,active,18-24,Minneapolis,US,push
Nora,Collins,nora.collins.9861@customer360.test,+1-555-961-5857,active,25-34,Chicago,US,email
Riku,Suzuki,riku.suzuki.9862@customer360.test,+1-555-962-5894,active,35-44,Osaka,JP,push
Meera,Bhat,meera.bhat.9863@customer360.test,+1-555-963-5931,active,25-34,Bengaluru,IN,push
Sota,Kato,sota.kato.9864@customer360.test,+1-555-964-5968,active,25-34,Yokohama,JP,email
Yuto,Kato,yuto.kato.9865@customer360.test,+1-555-965-6005,active,25-34,Sapporo,JP,email
Rohan,Mehta,rohan.mehta.9866@customer360.test,+1-555-966-6042,active,18-24,Kolkata,IN,sms
Leonardo,Ricci,leonardo.ricci.9867@customer360.test,+1-555-967-6079,active,45-54,Palermo,IT,push
Daniel,Serrano,daniel.serrano.9868@customer360.test,+1-555-968-6116,active,18-24,Puebla,MX,push
Elena,Castro,elena.castro.9869@customer360.test,+1-555-969-6153,active,18-24,Seville,ES,email
Aditya Neel,Menon,aditya-neel.menon.9870@customer360.test,+1-555-970-6190,active,35-44,Pune,IN,email
Elliot,Sullivan,elliot.sullivan.9871@customer360.test,+1-555-971-6227,active,45-54,Hobart,AU,email
Oscar,Fletcher,oscar.fletcher.9872@customer360.test,+1-555-972-6264,active,25-34,Birmingham,GB,push
Bram,Bakker,bram.bakker.9873@customer360.test,+1-555-973-6301,active,25-34,Utrecht,NL,push
Lena,Kruger,lena.kruger.9874@customer360.test,+1-555-974-6338,active,45-54,Frankfurt,DE,push
Mei Lin,Chua,mei-lin.chua.9875@customer360.test,+1-555-975-6375,active,35-44,Singapore,SG,sms
Amelie,Fraser,amelie.fraser.9876@customer360.test,+1-555-976-6412,active,45-54,Vancouver,CA,sms
Jia En,Teo,jia-en.teo.9877@customer360.test,+1-555-977-6449,active,35-44,Singapore,SG,sms
Morgan,Reed,morgan.reed.9878@customer360.test,+1-555-978-6486,active,35-44,San Diego,US,sms
Morgan,Foster,morgan.foster.9879@customer360.test,+1-555-979-6523,active,35-44,Philadelphia,US,push
Cameron,Morgan,cameron.morgan.9880@customer360.test,+1-555-980-6560,active,35-44,Minneapolis,US,push
Oscar,Wallace,oscar.wallace.9881@customer360.test,+1-555-981-6597,active,18-24,Canberra,AU,email
Alice,Bianchi,alice.bianchi.9882@customer360.test,+1-555-982-6634,active,25-34,Rome,IT,email
Camille Marie,Sinclair,camille-marie.sinclair.9883@customer360.test,+1-555-983-6671,active,55-64,Vancouver,CA,sms
Nina,Mulder,nina.mulder.9884@customer360.test,+1-555-984-6708,active,35-44,The Hague,NL,email
Wei Ming,Rahman,wei-ming.rahman.9885@customer360.test,+1-555-985-6745,active,35-44,Singapore,SG,email
Chiara,Conti,chiara.conti.9886@customer360.test,+1-555-986-6782,active,45-54,Naples,IT,push
Ishita,Sharma,ishita.sharma.9887@customer360.test,+1-555-987-6819,active,25-34,Jaipur,IN,sms
Harper,Hayes,harper.hayes.9888@customer360.test,+1-555-988-6856,active,25-34,Portland,US,email
Maya,Mthembu,maya.mthembu.9889@customer360.test,+1-555-989-6893,active,35-44,Durban,ZA,sms
Aditi,Pillai,aditi.pillai.9890@customer360.test,+1-555-990-6930,active,18-24,Hyderabad,IN,push
Diya,Chatterjee,diya.chatterjee.9891@customer360.test,+1-555-991-6967,active,18-24,Kolkata,IN,sms
Leo,Serrano,leo.serrano.9892@customer360.test,+1-555-992-7004,active,25-34,Valencia,ES,email
Yuto Ken,Yamamoto,yuto-ken.yamamoto.9893@customer360.test,+1-555-993-7041,active,45-54,Osaka,JP,email
Jack,Reid,jack.reid.9894@customer360.test,+1-555-994-7078,inactive,25-34,Sydney,AU,email
Kavya,Kapoor,kavya.kapoor.9895@customer360.test,+1-555-995-7115,active,25-34,Hyderabad,IN,email
Daiki,Sato,daiki.sato.9896@customer360.test,+1-555-996-7152,active,35-44,Sapporo,JP,email
Dylan,Morgan,dylan.morgan.9897@customer360.test,+1-555-997-7189,active,45-54,Portland,US,push
Lena Lukas,Schneider,lena-lukas.schneider.9898@customer360.test,+1-555-998-7226,active,25-34,Stuttgart,DE,push
Manon,Dubois,manon.dubois.9899@customer360.test,+1-555-999-7263,active,18-24,Toulouse,FR,email
Alejandro,Serrano,alejandro.serrano.9900@customer360.test,+1-555-100-7300,active,25-34,Puebla,MX,email
Diya,Desai,diya.desai.9901@customer360.test,+1-555-101-7337,active,55-64,Kochi,IN,sms
Tara,Sharma,tara.sharma.9902@customer360.test,+1-555-102-7374,active,35-44,Jaipur,IN,push
Mio,Nakamura,mio.nakamura.9903@customer360.test,+1-555-103-7411,active,45-54,Kyoto,JP,push
Chloe,Mercer,chloe.mercer.9904@customer360.test,+1-555-104-7448,active,55-64,Calgary,CA,email
Marco,Romano,marco.romano.9905@customer360.test,+1-555-105-7485,active,18-24,Rome,IT,sms
Tara,Malhotra,tara.malhotra.9906@customer360.test,+1-555-106-7522,active,35-44,Ahmedabad,IN,email
Cameron,Parker,cameron.parker.9907@customer360.test,+1-555-107-7559,active,25-34,Seattle,US,sms
Sem,Van Dijk,sem.van-dijk.9908@customer360.test,+1-555-108-7596,active,35-44,Groningen,NL,email
Ethan,Turner,ethan.turner.9909@customer360.test,+1-555-109-7633,active,45-54,Denver,US,push
Sophie,Brandt,sophie.brandt.9910@customer360.test,+1-555-110-7670,active,55-64,Frankfurt,DE,email
Naomi,Brooks,naomi.brooks.9911@customer360.test,+1-555-111-7707,active,25-34,Philadelphia,US,email
Leon,Hartmann,leon.hartmann.9912@customer360.test,+1-555-112-7744,inactive,35-44,Berlin,DE,email
Lwazi,Jacobs,lwazi.jacobs.9913@customer360.test,+1-555-113-7781,active,18-24,Johannesburg,ZA,email
Leon,Brandt,leon.brandt.9914@customer360.test,+1-555-114-7818,active,25-34,Hamburg,DE,email
Siti,Ng,siti.ng.9915@customer360.test,+1-555-115-7855,active,25-34,Singapore,SG,sms
Riku,Yamamoto,riku.yamamoto.9916@customer360.test,+1-555-116-7892,active,25-34,Tokyo,JP,push
Riley,Cooper,riley.cooper.9917@customer360.test,+1-555-117-7929,active,35-44,Philadelphia,US,push
Juliette,Blanc,juliette.blanc.9918@customer360.test,+1-555-118-7966,active,18-24,Lyon,FR,push
Hannah Anne,Schneider,hannah-anne.schneider.9919@customer360.test,+1-555-119-8003,active,18-24,Leipzig,DE,push
Owen,Mercer,owen.mercer.9920@customer360.test,+1-555-120-8040,active,18-24,Vancouver,CA,push
Jonas,Hartmann,jonas.hartmann.9921@customer360.test,+1-555-121-8077,active,45-54,Stuttgart,DE,push
Emiliano,Mendoza,emiliano.mendoza.9922@customer360.test,+1-555-122-8114,active,18-24,Mexico City,MX,push
Emiliano,Castillo,emiliano.castillo.9923@customer360.test,+1-555-123-8151,active,25-34,Mexico City,MX,email
Mathis,Marchand,mathis.marchand.9924@customer360.test,+1-555-124-8188,active,35-44,Lille,FR,email
Wei Ming,Lee,wei-ming.lee.9925@customer360.test,+1-555-125-8225,active,18-24,Singapore,SG,sms
Theo,Bennett,theo.bennett.9926@customer360.test,+1-555-126-8262,active,25-34,Montreal,CA,push
Nora Alex,Foster,nora-alex.foster.9927@customer360.test,+1-555-127-8299,active,35-44,Boston,US,sms
Elisa,Gallo,elisa.gallo.9928@customer360.test,+1-555-128-8336,active,45-54,Bologna,IT,sms
Milan,Bakker,milan.bakker.9929@customer360.test,+1-555-129-8373,active,45-54,Utrecht,NL,push
Cooper,Fletcher,cooper.fletcher.9930@customer360.test,+1-555-130-8410,active,45-54,Adelaide,AU,sms
Giulia Giovanni,Moretti,giulia-giovanni.moretti.9931@customer360.test,+1-555-131-8447,active,18-24,Rome,IT,push
Marie,Becker,marie.becker.9932@customer360.test,+1-555-132-8484,active,25-34,Munich,DE,push
Cameron,Reed,cameron.reed.9933@customer360.test,+1-555-133-8521,active,18-24,Philadelphia,US,push
Lachlan,Morgan,lachlan.morgan.9934@customer360.test,+1-555-134-8558,active,55-64,Perth,AU,push
Theo,Sinclair,theo.sinclair.9935@customer360.test,+1-555-135-8595,active,35-44,London,GB,sms
Clara Marie,Renard,clara-marie.renard.9936@customer360.test,+1-555-136-8632,active,18-24,Paris,FR,email
Zara,Fletcher,zara.fletcher.9937@customer360.test,+1-555-137-8669,active,25-34,Sydney,AU,sms
Aditya,Malhotra,aditya.malhotra.9938@customer360.test,+1-555-138-8706,active,35-44,Jaipur,IN,sms
Riley,Morgan,riley.morgan.9939@customer360.test,+1-555-139-8743,active,25-34,Seattle,US,sms
Ethan,Bailey,ethan.bailey.9940@customer360.test,+1-555-140-8780,active,18-24,Austin,US,sms
Ren,Ito,ren.ito.9941@customer360.test,+1-555-141-8817,active,25-34,Fukuoka,JP,sms
Arjun,Ng,arjun.ng.9942@customer360.test,+1-555-142-8854,active,35-44,Singapore,SG,push
Diego,Rojas,diego.rojas.9943@customer360.test,+1-555-143-8891,active,18-24,Madrid,ES,email
Oliver,Lawson,oliver.lawson.9944@customer360.test,+1-555-144-8928,active,18-24,Bristol,GB,email
Camille,Beaulieu,camille.beaulieu.9945@customer360.test,+1-555-145-8965,active,35-44,Ottawa,CA,email
Ishaan,Bhat,ishaan.bhat.9946@customer360.test,+1-555-146-9002,active,18-24,Bengaluru,IN,sms
Eva,Visser,eva.visser.9947@customer360.test,+1-555-147-9039,active,25-34,Utrecht,NL,sms
Isabela,Almeida,isabela.almeida.9948@customer360.test,+1-555-148-9076,active,35-44,Recife,BR,sms
Leah,Fournier,leah.fournier.9949@customer360.test,+1-555-149-9113,active,25-34,Edmonton,CA,push
Matilda,Morgan,matilda.morgan.9950@customer360.test,+1-555-150-9150,active,25-34,Melbourne,AU,push
Chloe,Fournier,chloe.fournier.9951@customer360.test,+1-555-151-9187,active,45-54,Halifax,CA,sms
Aditi,Sharma,aditi.sharma.9952@customer360.test,+1-555-152-9224,active,35-44,Hyderabad,IN,push
Liam,Bennett,liam.bennett.9953@customer360.test,+1-555-153-9261,active,25-34,Ottawa,CA,sms
Mateo,Fuentes,mateo.fuentes.9954@customer360.test,+1-555-154-9298,active,25-34,Puebla,MX,sms
Mila,Fischer,mila.fischer.9955@customer360.test,+1-555-155-9335,active,35-44,Hamburg,DE,sms
Aditi,Saxena,aditi.saxena.9956@customer360.test,+1-555-156-9372,active,35-44,Hyderabad,IN,sms
Vivaan,Pillai,vivaan.pillai.9957@customer360.test,+1-555-157-9409,inactive,35-44,Chennai,IN,email
Naomi,Carter,naomi.carter.9958@customer360.test,+1-555-158-9446,active,35-44,Boston,US,email
Kaito,Yoshida,kaito.yoshida.9959@customer360.test,+1-555-159-9483,active,45-54,Kyoto,JP,push
Luiza Joao,Mendes,luiza-joao.mendes.9960@customer360.test,+1-555-160-9520,active,25-34,Curitiba,BR,sms
Leonie,Laurent,leonie.laurent.9961@customer360.test,+1-555-161-9557,active,45-54,Marseille,FR,push
Meera,Chatterjee,meera.chatterjee.9962@customer360.test,+1-555-162-9594,active,35-44,Chennai,IN,sms
Valentina,Ribeiro,valentina.ribeiro.9963@customer360.test,+1-555-163-9631,active,25-34,Sao Paulo,BR,push
Noah,Bennett,noah.bennett.9964@customer360.test,+1-555-164-9668,active,25-34,Toronto,CA,email
Ishita,Desai,ishita.desai.9965@customer360.test,+1-555-165-9705,active,18-24,Mumbai,IN,push
Noah,Fournier,noah.fournier.9966@customer360.test,+1-555-166-9742,active,25-34,Edmonton,CA,push
Elena,Cervantes,elena.cervantes.9967@customer360.test,+1-555-167-9779,active,25-34,Monterrey,MX,email
Ishita,Menon,ishita.menon.9968@customer360.test,+1-555-168-9816,active,25-34,Bengaluru,IN,push
Theo,Beaulieu,theo.beaulieu.9969@customer360.test,+1-555-169-9853,active,35-44,Halifax,CA,email
Sipho Lee,Mabena,sipho-lee.mabena.9970@customer360.test,+1-555-170-9890,active,55-64,Cape Town,ZA,sms
Siti Jia,Ismail,siti-jia.ismail.9971@customer360.test,+1-555-171-9927,inactive,45-54,Singapore,SG,push
Lena,Wagner,lena.wagner.9972@customer360.test,+1-555-172-9964,inactive,25-34,Munich,DE,sms
Taylor,Morgan,taylor.morgan.9973@customer360.test,+1-555-173-1001,active,55-64,Chicago,US,email
Sofia Jose,Cervantes,sofia-jose.cervantes.9974@customer360.test,+1-555-174-1038,inactive,45-54,Queretaro,MX,push
Mio,Watanabe,mio.watanabe.9975@customer360.test,+1-555-175-1075,active,55-64,Osaka,JP,email
Pablo,Castro,pablo.castro.9976@customer360.test,+1-555-176-1112,active,55-64,Malaga,ES,sms
Finn,Wallace,finn.wallace.9977@customer360.test,+1-555-177-1149,active,45-54,Sydney,AU,email
Tara,Bhat,tara.bhat.9978@customer360.test,+1-555-178-1186,active,35-44,Bengaluru,IN,email
Finn,Hartmann,finn.hartmann.9979@customer360.test,+1-555-179-1223,active,18-24,Cologne,DE,sms
Thabo,Botha,thabo.botha.9980@customer360.test,+1-555-180-1260,active,45-54,Durban,ZA,sms
Nina,Bos,nina.bos.9981@customer360.test,+1-555-181-1297,active,25-34,Rotterdam,NL,push
Valentina,Oliveira,valentina.oliveira.9982@customer360.test,+1-555-182-1334,active,45-54,Recife,BR,email
Elias,Poirier,elias.poirier.9983@customer360.test,+1-555-183-1371,active,55-64,Halifax,CA,push
Parker,Hayes,parker.hayes.9984@customer360.test,+1-555-184-1408,active,18-24,Chicago,US,push
Isla,Fletcher,isla.fletcher.9985@customer360.test,+1-555-185-1445,active,35-44,Edinburgh,GB,push
Lena,Hoffmann,lena.hoffmann.9986@customer360.test,+1-555-186-1482,active,18-24,Frankfurt,DE,push
Diego,Rios,diego.rios.9987@customer360.test,+1-555-187-1519,active,45-54,Guadalajara,MX,push
Gabriel,Teixeira,gabriel.teixeira.9988@customer360.test,+1-555-188-1556,active,55-64,Brasilia,BR,sms
Kabir Riya,Saxena,kabir-riya.saxena.9989@customer360.test,+1-555-189-1593,active,35-44,Kolkata,IN,sms
Sakura,Sato,sakura.sato.9990@customer360.test,+1-555-190-1630,active,25-34,Fukuoka,JP,sms
Lena,Turner,lena.turner.9991@customer360.test,+1-555-191-1667,active,18-24,Seattle,US,email
Tara,Kapoor,tara.kapoor.9992@customer360.test,+1-555-192-1704,active,35-44,Jaipur,IN,email
Amelie Paul,Dubois,amelie-paul.dubois.9993@customer360.test,+1-555-193-1741,active,55-64,Marseille,FR,push
Lucia,Serrano,lucia.serrano.9994@customer360.test,+1-555-194-1778,active,55-64,Merida,MX,sms
Callum Grace,Sullivan,callum-grace.sullivan.9995@customer360.test,+1-555-195-1815,active,45-54,Perth,AU,push
Vega Maria,Garcia,vega-maria.garcia.9996@customer360.test,+1-555-196-1852,active,45-54,Seville,ES,sms
Gabriel,Dubois,gabriel.dubois.9997@customer360.test,+1-555-197-1889,active,35-44,Bordeaux,FR,sms
Sota,Takahashi,sota.takahashi.9998@customer360.test,+1-555-198-1926,active,55-64,Fukuoka,JP,sms
Arjun,Sharma,arjun.sharma.9999@customer360.test,+1-555-199-1963,active,45-54,Kochi,IN,push
Elias,Fournier,elias.fournier.10000@customer360.test,+1-555-200-2000,active,45-54,Calgary,CA,sms
